2026-07-30 13:57:15,887 - __main__ - INFO - 🔧 Process pool worker 0 started
2026-07-30 13:57:15,887 - __main__ - INFO - 🔧 Process pool worker 1 started
2026-07-30 13:57:15,888 - __main__ - INFO - 🔧 Process pool worker 2 started
2026-07-30 13:57:15,888 - __main__ - INFO - 🔧 Process pool worker 3 started

[38;5;196m[1m
██╗  ██╗███████╗██╗  ██╗███████╗████████╗██████╗ ██╗██╗  ██╗███████╗
██║  ██║██╔════╝╚██╗██╔╝██╔════╝╚══██╔══╝██╔══██╗██║██║ ██╔╝██╔════╝
███████║█████╗   ╚███╔╝ ███████╗   ██║   ██████╔╝██║█████╔╝ █████╗
██╔══██║██╔══╝   ██╔██╗ ╚════██║   ██║   ██╔══██╗██║██╔═██╗ ██╔══╝
██║  ██║███████╗██╔╝ ██╗███████║   ██║   ██║  ██║██║██║  ██╗███████╗
╚═╝  ╚═╝╚══════╝╚═╝  ╚═╝╚══════╝   ╚═╝   ╚═╝  ╚═╝╚═╝╚═╝  ╚═╝╚══════╝
[0m
[38;5;160m┌─────────────────────────────────────────────────────────────────────┐
│  [97m🚀 HexStrike AI - Blood-Red Offensive Intelligence Core[38;5;160m        │
│  [38;5;196m⚡ AI-Automated Recon | Exploitation | Analysis Pipeline[38;5;160m          │
│  [38;5;124m🎯 Bug Bounty | CTF | Red Team | Zero-Day Research[38;5;160m              │
└─────────────────────────────────────────────────────────────────────┘[0m

[38;5;240m[INFO] Server starting on 127.0.0.1:8888
[INFO] 150+ integrated modules | Adaptive AI decision engine active
[INFO] Blood-red theme engaged – unified offensive operations UI[0m

2026-07-30 13:57:15,914 - __main__ - INFO - [38;5;46m[1m╭─────────────────────────────────────────────────────────────────────────────╮[0m
2026-07-30 13:57:15,914 - __main__ - INFO - [1m│[0m [38;5;51m🚀 Starting HexStrike AI Tools API Server[0m
2026-07-30 13:57:15,914 - __main__ - INFO - [1m├─────────────────────────────────────────────────────────────────────────────┤[0m
2026-07-30 13:57:15,914 - __main__ - INFO - [1m│[0m [38;5;208m🌐 Port:[0m 8888
2026-07-30 13:57:15,914 - __main__ - INFO - [1m│[0m [38;5;208m🔧 Debug Mode:[0m False
2026-07-30 13:57:15,914 - __main__ - INFO - [1m│[0m [38;5;129m💾 Cache Size:[0m 1000 | TTL: 3600s
2026-07-30 13:57:15,914 - __main__ - INFO - [1m│[0m [38;5;240m⏱️  Command Timeout:[0m 300s
2026-07-30 13:57:15,914 - __main__ - INFO - [1m│[0m [38;5;46m✨ Enhanced Visual Engine:[0m Active
2026-07-30 13:57:15,914 - __main__ - INFO - [38;5;46m[1m╰─────────────────────────────────────────────────────────────────────────────╯[0m
 * Serving Flask app 'hexstrike_server'
 * Debug mode: off
2026-07-30 13:57:15,921 - werkzeug - INFO - [31m[1mWARNING: This is a development server. Do not use it in a production deployment. Use a production WSGI server instead.[0m
 * Running on all addresses (0.0.0.0)
 * Running on http://127.0.0.1:8888
 * Running on http://172.30.146.141:8888
2026-07-30 13:57:15,921 - werkzeug - INFO - [33mPress CTRL+C to quit[0m
2026-07-30 13:57:15,927 - __main__ - INFO - 🔍 Cache MISS for command: which nmap
2026-07-30 13:57:15,927 - __main__ - INFO - 🚀 EXECUTING: which nmap
2026-07-30 13:57:15,927 - __main__ - INFO - ⏱️  TIMEOUT: 300s | PID: Starting...
2026-07-30 13:57:15,928 - __main__ - INFO - 🆔 PROCESS: PID 95610 started
2026-07-30 13:57:15,928 - __main__ - INFO - 🆔 REGISTERED: Process 95610 - which nmap...
2026-07-30 13:57:15,928 - __main__ - INFO - ⚡ PROGRESS ⠋: [[38;5;196m[38;5;240m░░░░░░░░░░░░░░░░░░░░░░░░░░░░░░[0m] [38;5;160m0.0%[0m Speed: 0 B/s | 0.0s | PID: 95610
2026-07-30 13:57:15,929 - __main__ - INFO - 📤 STDOUT: /usr/bin/nmap
2026-07-30 13:57:15,930 - __main__ - INFO - 🧹 CLEANUP: Process 95610 removed from registry
2026-07-30 13:57:15,930 - __main__ - INFO - ✅ SUCCESS: Command completed | Exit Code: 0 | Duration: 0.00s
2026-07-30 13:57:15,930 - __main__ - INFO - [38;5;46m[1m╭─────────────────────────────────────────────────────────────────────────────╮[0m
2026-07-30 13:57:15,930 - __main__ - INFO - [1m│[0m [38;5;46m📊 FINAL RESULTS ✅[0m
2026-07-30 13:57:15,930 - __main__ - INFO - [1m├─────────────────────────────────────────────────────────────────────────────┤[0m
2026-07-30 13:57:15,930 - __main__ - INFO - [1m│[0m [38;5;51m🚀 Command:[0m which nmap
2026-07-30 13:57:15,930 - __main__ - INFO - [1m│[0m [38;5;208m⏱️  Duration:[0m 0.00s
2026-07-30 13:57:15,930 - __main__ - INFO - [1m│[0m [38;5;208m📊 Output Size:[0m 14 bytes
2026-07-30 13:57:15,930 - __main__ - INFO - [1m│[0m [38;5;129m🔢 Exit Code:[0m 0
2026-07-30 13:57:15,930 - __main__ - INFO - [1m│[0m [38;5;46m📈 Status:[0m SUCCESS | Cached: Yes
2026-07-30 13:57:15,930 - __main__ - INFO - [38;5;46m[1m╰─────────────────────────────────────────────────────────────────────────────╯[0m
2026-07-30 13:57:15,930 - __main__ - INFO - 💾 Cached result for command: which nmap
2026-07-30 13:57:15,930 - __main__ - INFO - 🔍 Cache MISS for command: which gobuster
2026-07-30 13:57:15,930 - __main__ - INFO - 🚀 EXECUTING: which gobuster
2026-07-30 13:57:15,930 - __main__ - INFO - ⏱️  TIMEOUT: 300s | PID: Starting...
2026-07-30 13:57:15,931 - __main__ - INFO - 🆔 PROCESS: PID 95615 started
2026-07-30 13:57:15,931 - __main__ - INFO - 🆔 REGISTERED: Process 95615 - which gobuster...
2026-07-30 13:57:15,931 - __main__ - INFO - ⚡ PROGRESS ⠋: [[38;5;196m[38;5;240m░░░░░░░░░░░░░░░░░░░░░░░░░░░░░░[0m] [38;5;160m0.0%[0m Speed: 0 B/s | 0.0s | PID: 95615
2026-07-30 13:57:15,932 - __main__ - INFO - 📤 STDOUT: /usr/bin/gobuster
2026-07-30 13:57:15,933 - __main__ - INFO - 🧹 CLEANUP: Process 95615 removed from registry
2026-07-30 13:57:15,933 - __main__ - INFO - ✅ SUCCESS: Command completed | Exit Code: 0 | Duration: 0.00s
2026-07-30 13:57:15,933 - __main__ - INFO - [38;5;46m[1m╭─────────────────────────────────────────────────────────────────────────────╮[0m
2026-07-30 13:57:15,933 - __main__ - INFO - [1m│[0m [38;5;46m📊 FINAL RESULTS ✅[0m
2026-07-30 13:57:15,933 - __main__ - INFO - [1m├─────────────────────────────────────────────────────────────────────────────┤[0m
2026-07-30 13:57:15,933 - __main__ - INFO - [1m│[0m [38;5;51m🚀 Command:[0m which gobuster
2026-07-30 13:57:15,933 - __main__ - INFO - [1m│[0m [38;5;208m⏱️  Duration:[0m 0.00s
2026-07-30 13:57:15,933 - __main__ - INFO - [1m│[0m [38;5;208m📊 Output Size:[0m 18 bytes
2026-07-30 13:57:15,933 - __main__ - INFO - [1m│[0m [38;5;129m🔢 Exit Code:[0m 0
2026-07-30 13:57:15,933 - __main__ - INFO - [1m│[0m [38;5;46m📈 Status:[0m SUCCESS | Cached: Yes
2026-07-30 13:57:15,933 - __main__ - INFO - [38;5;46m[1m╰─────────────────────────────────────────────────────────────────────────────╯[0m
2026-07-30 13:57:15,933 - __main__ - INFO - 💾 Cached result for command: which gobuster
2026-07-30 13:57:15,933 - __main__ - INFO - 🔍 Cache MISS for command: which dirb
2026-07-30 13:57:15,933 - __main__ - INFO - 🚀 EXECUTING: which dirb
2026-07-30 13:57:15,933 - __main__ - INFO - ⏱️  TIMEOUT: 300s | PID: Starting...
2026-07-30 13:57:15,933 - __main__ - INFO - 🆔 PROCESS: PID 95620 started
2026-07-30 13:57:15,933 - __main__ - INFO - 🆔 REGISTERED: Process 95620 - which dirb...
2026-07-30 13:57:15,934 - __main__ - INFO - ⚡ PROGRESS ⠋: [[38;5;196m[38;5;240m░░░░░░░░░░░░░░░░░░░░░░░░░░░░░░[0m] [38;5;160m0.0%[0m Speed: 0 B/s | 0.0s | PID: 95620
2026-07-30 13:57:15,934 - __main__ - INFO - 📤 STDOUT: /usr/bin/dirb
2026-07-30 13:57:15,935 - __main__ - INFO - 🧹 CLEANUP: Process 95620 removed from registry
2026-07-30 13:57:15,935 - __main__ - INFO - ✅ SUCCESS: Command completed | Exit Code: 0 | Duration: 0.00s
2026-07-30 13:57:15,935 - __main__ - INFO - [38;5;46m[1m╭─────────────────────────────────────────────────────────────────────────────╮[0m
2026-07-30 13:57:15,935 - __main__ - INFO - [1m│[0m [38;5;46m📊 FINAL RESULTS ✅[0m
2026-07-30 13:57:15,935 - __main__ - INFO - [1m├─────────────────────────────────────────────────────────────────────────────┤[0m
2026-07-30 13:57:15,935 - __main__ - INFO - [1m│[0m [38;5;51m🚀 Command:[0m which dirb
2026-07-30 13:57:15,935 - __main__ - INFO - [1m│[0m [38;5;208m⏱️  Duration:[0m 0.00s
2026-07-30 13:57:15,935 - __main__ - INFO - [1m│[0m [38;5;208m📊 Output Size:[0m 14 bytes
2026-07-30 13:57:15,935 - __main__ - INFO - [1m│[0m [38;5;129m🔢 Exit Code:[0m 0
2026-07-30 13:57:15,935 - __main__ - INFO - [1m│[0m [38;5;46m📈 Status:[0m SUCCESS | Cached: Yes
2026-07-30 13:57:15,935 - __main__ - INFO - [38;5;46m[1m╰─────────────────────────────────────────────────────────────────────────────╯[0m
2026-07-30 13:57:15,935 - __main__ - INFO - 💾 Cached result for command: which dirb
2026-07-30 13:57:15,935 - __main__ - INFO - 🔍 Cache MISS for command: which nikto
2026-07-30 13:57:15,936 - __main__ - INFO - 🚀 EXECUTING: which nikto
2026-07-30 13:57:15,936 - __main__ - INFO - ⏱️  TIMEOUT: 300s | PID: Starting...
2026-07-30 13:57:15,936 - __main__ - INFO - 🆔 PROCESS: PID 95625 started
2026-07-30 13:57:15,936 - __main__ - INFO - 🆔 REGISTERED: Process 95625 - which nikto...
2026-07-30 13:57:15,937 - __main__ - INFO - ⚡ PROGRESS ⠋: [[38;5;196m[38;5;240m░░░░░░░░░░░░░░░░░░░░░░░░░░░░░░[0m] [38;5;160m0.0%[0m Speed: 0 B/s | 0.0s | PID: 95625
2026-07-30 13:57:15,937 - __main__ - INFO - 📤 STDOUT: /usr/bin/nikto
2026-07-30 13:57:15,938 - __main__ - INFO - 🧹 CLEANUP: Process 95625 removed from registry
2026-07-30 13:57:15,938 - __main__ - INFO - ✅ SUCCESS: Command completed | Exit Code: 0 | Duration: 0.00s
2026-07-30 13:57:15,938 - __main__ - INFO - [38;5;46m[1m╭─────────────────────────────────────────────────────────────────────────────╮[0m
2026-07-30 13:57:15,938 - __main__ - INFO - [1m│[0m [38;5;46m📊 FINAL RESULTS ✅[0m
2026-07-30 13:57:15,938 - __main__ - INFO - [1m├─────────────────────────────────────────────────────────────────────────────┤[0m
2026-07-30 13:57:15,938 - __main__ - INFO - [1m│[0m [38;5;51m🚀 Command:[0m which nikto
2026-07-30 13:57:15,938 - __main__ - INFO - [1m│[0m [38;5;208m⏱️  Duration:[0m 0.00s
2026-07-30 13:57:15,938 - __main__ - INFO - [1m│[0m [38;5;208m📊 Output Size:[0m 15 bytes
2026-07-30 13:57:15,938 - __main__ - INFO - [1m│[0m [38;5;129m🔢 Exit Code:[0m 0
2026-07-30 13:57:15,938 - __main__ - INFO - [1m│[0m [38;5;46m📈 Status:[0m SUCCESS | Cached: Yes
2026-07-30 13:57:15,938 - __main__ - INFO - [38;5;46m[1m╰─────────────────────────────────────────────────────────────────────────────╯[0m
2026-07-30 13:57:15,938 - __main__ - INFO - 💾 Cached result for command: which nikto
2026-07-30 13:57:15,938 - __main__ - INFO - 🔍 Cache MISS for command: which sqlmap
2026-07-30 13:57:15,938 - __main__ - INFO - 🚀 EXECUTING: which sqlmap
2026-07-30 13:57:15,938 - __main__ - INFO - ⏱️  TIMEOUT: 300s | PID: Starting...
2026-07-30 13:57:15,939 - __main__ - INFO - 🆔 PROCESS: PID 95630 started
2026-07-30 13:57:15,939 - __main__ - INFO - 🆔 REGISTERED: Process 95630 - which sqlmap...
2026-07-30 13:57:15,939 - __main__ - INFO - ⚡ PROGRESS ⠋: [[38;5;196m[38;5;240m░░░░░░░░░░░░░░░░░░░░░░░░░░░░░░[0m] [38;5;160m0.0%[0m Speed: 0 B/s | 0.0s | PID: 95630
2026-07-30 13:57:15,940 - __main__ - INFO - 📤 STDOUT: /usr/bin/sqlmap
2026-07-30 13:57:15,940 - __main__ - INFO - 🧹 CLEANUP: Process 95630 removed from registry
2026-07-30 13:57:15,941 - __main__ - INFO - ✅ SUCCESS: Command completed | Exit Code: 0 | Duration: 0.00s
2026-07-30 13:57:15,941 - __main__ - INFO - [38;5;46m[1m╭─────────────────────────────────────────────────────────────────────────────╮[0m
2026-07-30 13:57:15,941 - __main__ - INFO - [1m│[0m [38;5;46m📊 FINAL RESULTS ✅[0m
2026-07-30 13:57:15,941 - __main__ - INFO - [1m├─────────────────────────────────────────────────────────────────────────────┤[0m
2026-07-30 13:57:15,941 - __main__ - INFO - [1m│[0m [38;5;51m🚀 Command:[0m which sqlmap
2026-07-30 13:57:15,941 - __main__ - INFO - [1m│[0m [38;5;208m⏱️  Duration:[0m 0.00s
2026-07-30 13:57:15,941 - __main__ - INFO - [1m│[0m [38;5;208m📊 Output Size:[0m 16 bytes
2026-07-30 13:57:15,941 - __main__ - INFO - [1m│[0m [38;5;129m🔢 Exit Code:[0m 0
2026-07-30 13:57:15,941 - __main__ - INFO - [1m│[0m [38;5;46m📈 Status:[0m SUCCESS | Cached: Yes
2026-07-30 13:57:15,941 - __main__ - INFO - [38;5;46m[1m╰─────────────────────────────────────────────────────────────────────────────╯[0m
2026-07-30 13:57:15,941 - __main__ - INFO - 💾 Cached result for command: which sqlmap
2026-07-30 13:57:15,941 - __main__ - INFO - 🔍 Cache MISS for command: which hydra
2026-07-30 13:57:15,941 - __main__ - INFO - 🚀 EXECUTING: which hydra
2026-07-30 13:57:15,941 - __main__ - INFO - ⏱️  TIMEOUT: 300s | PID: Starting...
2026-07-30 13:57:15,941 - __main__ - INFO - 🆔 PROCESS: PID 95635 started
2026-07-30 13:57:15,941 - __main__ - INFO - 🆔 REGISTERED: Process 95635 - which hydra...
2026-07-30 13:57:15,942 - __main__ - INFO - ⚡ PROGRESS ⠋: [[38;5;196m[38;5;240m░░░░░░░░░░░░░░░░░░░░░░░░░░░░░░[0m] [38;5;160m0.0%[0m Speed: 0 B/s | 0.0s | PID: 95635
2026-07-30 13:57:15,942 - __main__ - INFO - 📤 STDOUT: /usr/bin/hydra
2026-07-30 13:57:15,943 - __main__ - INFO - 🧹 CLEANUP: Process 95635 removed from registry
2026-07-30 13:57:15,943 - __main__ - INFO - ✅ SUCCESS: Command completed | Exit Code: 0 | Duration: 0.00s
2026-07-30 13:57:15,943 - __main__ - INFO - [38;5;46m[1m╭─────────────────────────────────────────────────────────────────────────────╮[0m
2026-07-30 13:57:15,943 - __main__ - INFO - [1m│[0m [38;5;46m📊 FINAL RESULTS ✅[0m
2026-07-30 13:57:15,943 - __main__ - INFO - [1m├─────────────────────────────────────────────────────────────────────────────┤[0m
2026-07-30 13:57:15,944 - __main__ - INFO - [1m│[0m [38;5;51m🚀 Command:[0m which hydra
2026-07-30 13:57:15,944 - __main__ - INFO - [1m│[0m [38;5;208m⏱️  Duration:[0m 0.00s
2026-07-30 13:57:15,944 - __main__ - INFO - [1m│[0m [38;5;208m📊 Output Size:[0m 15 bytes
2026-07-30 13:57:15,944 - __main__ - INFO - [1m│[0m [38;5;129m🔢 Exit Code:[0m 0
2026-07-30 13:57:15,944 - __main__ - INFO - [1m│[0m [38;5;46m📈 Status:[0m SUCCESS | Cached: Yes
2026-07-30 13:57:15,944 - __main__ - INFO - [38;5;46m[1m╰─────────────────────────────────────────────────────────────────────────────╯[0m
2026-07-30 13:57:15,944 - __main__ - INFO - 💾 Cached result for command: which hydra
2026-07-30 13:57:15,944 - __main__ - INFO - 🔍 Cache MISS for command: which john
2026-07-30 13:57:15,944 - __main__ - INFO - 🚀 EXECUTING: which john
2026-07-30 13:57:15,944 - __main__ - INFO - ⏱️  TIMEOUT: 300s | PID: Starting...
2026-07-30 13:57:15,945 - __main__ - INFO - 🆔 PROCESS: PID 95640 started
2026-07-30 13:57:15,945 - __main__ - INFO - 🆔 REGISTERED: Process 95640 - which john...
2026-07-30 13:57:15,945 - __main__ - INFO - ⚡ PROGRESS ⠋: [[38;5;196m[38;5;240m░░░░░░░░░░░░░░░░░░░░░░░░░░░░░░[0m] [38;5;160m0.0%[0m Speed: 0 B/s | 0.0s | PID: 95640
2026-07-30 13:57:15,946 - __main__ - INFO - 📤 STDOUT: /usr/sbin/john
2026-07-30 13:57:15,946 - __main__ - INFO - 🧹 CLEANUP: Process 95640 removed from registry
2026-07-30 13:57:15,946 - __main__ - INFO - ✅ SUCCESS: Command completed | Exit Code: 0 | Duration: 0.00s
2026-07-30 13:57:15,947 - __main__ - INFO - [38;5;46m[1m╭─────────────────────────────────────────────────────────────────────────────╮[0m
2026-07-30 13:57:15,947 - __main__ - INFO - [1m│[0m [38;5;46m📊 FINAL RESULTS ✅[0m
2026-07-30 13:57:15,947 - __main__ - INFO - [1m├─────────────────────────────────────────────────────────────────────────────┤[0m
2026-07-30 13:57:15,947 - __main__ - INFO - [1m│[0m [38;5;51m🚀 Command:[0m which john
2026-07-30 13:57:15,947 - __main__ - INFO - [1m│[0m [38;5;208m⏱️  Duration:[0m 0.00s
2026-07-30 13:57:15,947 - __main__ - INFO - [1m│[0m [38;5;208m📊 Output Size:[0m 15 bytes
2026-07-30 13:57:15,947 - __main__ - INFO - [1m│[0m [38;5;129m🔢 Exit Code:[0m 0
2026-07-30 13:57:15,947 - __main__ - INFO - [1m│[0m [38;5;46m📈 Status:[0m SUCCESS | Cached: Yes
2026-07-30 13:57:15,947 - __main__ - INFO - [38;5;46m[1m╰─────────────────────────────────────────────────────────────────────────────╯[0m
2026-07-30 13:57:15,947 - __main__ - INFO - 💾 Cached result for command: which john
2026-07-30 13:57:15,947 - __main__ - INFO - 🔍 Cache MISS for command: which hashcat
2026-07-30 13:57:15,947 - __main__ - INFO - 🚀 EXECUTING: which hashcat
2026-07-30 13:57:15,947 - __main__ - INFO - ⏱️  TIMEOUT: 300s | PID: Starting...
2026-07-30 13:57:15,947 - __main__ - INFO - 🆔 PROCESS: PID 95645 started
2026-07-30 13:57:15,947 - __main__ - INFO - 🆔 REGISTERED: Process 95645 - which hashcat...
2026-07-30 13:57:15,948 - __main__ - INFO - ⚡ PROGRESS ⠋: [[38;5;196m[38;5;240m░░░░░░░░░░░░░░░░░░░░░░░░░░░░░░[0m] [38;5;160m0.0%[0m Speed: 0 B/s | 0.0s | PID: 95645
2026-07-30 13:57:15,949 - __main__ - INFO - 📤 STDOUT: /usr/bin/hashcat
2026-07-30 13:57:15,949 - __main__ - INFO - 🧹 CLEANUP: Process 95645 removed from registry
2026-07-30 13:57:15,949 - __main__ - INFO - ✅ SUCCESS: Command completed | Exit Code: 0 | Duration: 0.00s
2026-07-30 13:57:15,949 - __main__ - INFO - [38;5;46m[1m╭─────────────────────────────────────────────────────────────────────────────╮[0m
2026-07-30 13:57:15,949 - __main__ - INFO - [1m│[0m [38;5;46m📊 FINAL RESULTS ✅[0m
2026-07-30 13:57:15,949 - __main__ - INFO - [1m├─────────────────────────────────────────────────────────────────────────────┤[0m
2026-07-30 13:57:15,949 - __main__ - INFO - [1m│[0m [38;5;51m🚀 Command:[0m which hashcat
2026-07-30 13:57:15,949 - __main__ - INFO - [1m│[0m [38;5;208m⏱️  Duration:[0m 0.00s
2026-07-30 13:57:15,949 - __main__ - INFO - [1m│[0m [38;5;208m📊 Output Size:[0m 17 bytes
2026-07-30 13:57:15,949 - __main__ - INFO - [1m│[0m [38;5;129m🔢 Exit Code:[0m 0
2026-07-30 13:57:15,949 - __main__ - INFO - [1m│[0m [38;5;46m📈 Status:[0m SUCCESS | Cached: Yes
2026-07-30 13:57:15,949 - __main__ - INFO - [38;5;46m[1m╰─────────────────────────────────────────────────────────────────────────────╯[0m
2026-07-30 13:57:15,949 - __main__ - INFO - 💾 Cached result for command: which hashcat
2026-07-30 13:57:15,950 - __main__ - INFO - 🔍 Cache MISS for command: which rustscan
2026-07-30 13:57:15,950 - __main__ - INFO - 🚀 EXECUTING: which rustscan
2026-07-30 13:57:15,950 - __main__ - INFO - ⏱️  TIMEOUT: 300s | PID: Starting...
2026-07-30 13:57:15,950 - __main__ - INFO - 🆔 PROCESS: PID 95650 started
2026-07-30 13:57:15,950 - __main__ - INFO - 🆔 REGISTERED: Process 95650 - which rustscan...
2026-07-30 13:57:15,951 - __main__ - INFO - ⚡ PROGRESS ⠋: [[38;5;196m[38;5;240m░░░░░░░░░░░░░░░░░░░░░░░░░░░░░░[0m] [38;5;160m0.0%[0m Speed: 0 B/s | 0.0s | PID: 95650
2026-07-30 13:57:15,952 - __main__ - INFO - 🧹 CLEANUP: Process 95650 removed from registry
2026-07-30 13:57:15,952 - __main__ - WARNING - ⚠️  WARNING: Command completed with errors | Exit Code: 1 | Duration: 0.00s
2026-07-30 13:57:15,952 - __main__ - INFO - [38;5;46m[1m╭─────────────────────────────────────────────────────────────────────────────╮[0m
2026-07-30 13:57:15,952 - __main__ - INFO - [1m│[0m [38;5;196m📊 FINAL RESULTS ❌[0m
2026-07-30 13:57:15,952 - __main__ - INFO - [1m├─────────────────────────────────────────────────────────────────────────────┤[0m
2026-07-30 13:57:15,952 - __main__ - INFO - [1m│[0m [38;5;51m🚀 Command:[0m which rustscan
2026-07-30 13:57:15,952 - __main__ - INFO - [1m│[0m [38;5;208m⏱️  Duration:[0m 0.00s
2026-07-30 13:57:15,952 - __main__ - INFO - [1m│[0m [38;5;208m📊 Output Size:[0m 0 bytes
2026-07-30 13:57:15,952 - __main__ - INFO - [1m│[0m [38;5;129m🔢 Exit Code:[0m 1
2026-07-30 13:57:15,952 - __main__ - INFO - [1m│[0m [38;5;196m📈 Status:[0m FAILED | Cached: Yes
2026-07-30 13:57:15,952 - __main__ - INFO - [38;5;46m[1m╰─────────────────────────────────────────────────────────────────────────────╯[0m
2026-07-30 13:57:15,953 - __main__ - INFO - 🔍 Cache MISS for command: which masscan
2026-07-30 13:57:15,953 - __main__ - INFO - 🚀 EXECUTING: which masscan
2026-07-30 13:57:15,953 - __main__ - INFO - ⏱️  TIMEOUT: 300s | PID: Starting...
2026-07-30 13:57:15,953 - __main__ - INFO - 🆔 PROCESS: PID 95655 started
2026-07-30 13:57:15,953 - __main__ - INFO - 🆔 REGISTERED: Process 95655 - which masscan...
2026-07-30 13:57:15,953 - __main__ - INFO - ⚡ PROGRESS ⠋: [[38;5;196m[38;5;240m░░░░░░░░░░░░░░░░░░░░░░░░░░░░░░[0m] [38;5;160m0.0%[0m Speed: 0 B/s | 0.0s | PID: 95655
2026-07-30 13:57:15,954 - __main__ - INFO - 📤 STDOUT: /usr/bin/masscan
2026-07-30 13:57:15,954 - __main__ - INFO - 🧹 CLEANUP: Process 95655 removed from registry
2026-07-30 13:57:15,955 - __main__ - INFO - ✅ SUCCESS: Command completed | Exit Code: 0 | Duration: 0.00s
2026-07-30 13:57:15,955 - __main__ - INFO - [38;5;46m[1m╭─────────────────────────────────────────────────────────────────────────────╮[0m
2026-07-30 13:57:15,955 - __main__ - INFO - [1m│[0m [38;5;46m📊 FINAL RESULTS ✅[0m
2026-07-30 13:57:15,955 - __main__ - INFO - [1m├─────────────────────────────────────────────────────────────────────────────┤[0m
2026-07-30 13:57:15,955 - __main__ - INFO - [1m│[0m [38;5;51m🚀 Command:[0m which masscan
2026-07-30 13:57:15,955 - __main__ - INFO - [1m│[0m [38;5;208m⏱️  Duration:[0m 0.00s
2026-07-30 13:57:15,955 - __main__ - INFO - [1m│[0m [38;5;208m📊 Output Size:[0m 17 bytes
2026-07-30 13:57:15,955 - __main__ - INFO - [1m│[0m [38;5;129m🔢 Exit Code:[0m 0
2026-07-30 13:57:15,955 - __main__ - INFO - [1m│[0m [38;5;46m📈 Status:[0m SUCCESS | Cached: Yes
2026-07-30 13:57:15,955 - __main__ - INFO - [38;5;46m[1m╰─────────────────────────────────────────────────────────────────────────────╯[0m
2026-07-30 13:57:15,955 - __main__ - INFO - 💾 Cached result for command: which masscan
2026-07-30 13:57:15,955 - __main__ - INFO - 🔍 Cache MISS for command: which autorecon
2026-07-30 13:57:15,955 - __main__ - INFO - 🚀 EXECUTING: which autorecon
2026-07-30 13:57:15,955 - __main__ - INFO - ⏱️  TIMEOUT: 300s | PID: Starting...
2026-07-30 13:57:15,955 - __main__ - INFO - 🆔 PROCESS: PID 95660 started
2026-07-30 13:57:15,955 - __main__ - INFO - 🆔 REGISTERED: Process 95660 - which autorecon...
2026-07-30 13:57:15,956 - __main__ - INFO - ⚡ PROGRESS ⠋: [[38;5;196m[38;5;240m░░░░░░░░░░░░░░░░░░░░░░░░░░░░░░[0m] [38;5;160m0.0%[0m Speed: 0 B/s | 0.0s | PID: 95660
2026-07-30 13:57:15,957 - __main__ - INFO - 🧹 CLEANUP: Process 95660 removed from registry
2026-07-30 13:57:15,957 - __main__ - WARNING - ⚠️  WARNING: Command completed with errors | Exit Code: 1 | Duration: 0.00s
2026-07-30 13:57:15,957 - __main__ - INFO - [38;5;46m[1m╭─────────────────────────────────────────────────────────────────────────────╮[0m
2026-07-30 13:57:15,957 - __main__ - INFO - [1m│[0m [38;5;196m📊 FINAL RESULTS ❌[0m
2026-07-30 13:57:15,957 - __main__ - INFO - [1m├─────────────────────────────────────────────────────────────────────────────┤[0m
2026-07-30 13:57:15,957 - __main__ - INFO - [1m│[0m [38;5;51m🚀 Command:[0m which autorecon
2026-07-30 13:57:15,957 - __main__ - INFO - [1m│[0m [38;5;208m⏱️  Duration:[0m 0.00s
2026-07-30 13:57:15,957 - __main__ - INFO - [1m│[0m [38;5;208m📊 Output Size:[0m 0 bytes
2026-07-30 13:57:15,957 - __main__ - INFO - [1m│[0m [38;5;129m🔢 Exit Code:[0m 1
2026-07-30 13:57:15,957 - __main__ - INFO - [1m│[0m [38;5;196m📈 Status:[0m FAILED | Cached: Yes
2026-07-30 13:57:15,957 - __main__ - INFO - [38;5;46m[1m╰─────────────────────────────────────────────────────────────────────────────╯[0m
2026-07-30 13:57:15,957 - __main__ - INFO - 🔍 Cache MISS for command: which nbtscan
2026-07-30 13:57:15,957 - __main__ - INFO - 🚀 EXECUTING: which nbtscan
2026-07-30 13:57:15,957 - __main__ - INFO - ⏱️  TIMEOUT: 300s | PID: Starting...
2026-07-30 13:57:15,958 - __main__ - INFO - 🆔 PROCESS: PID 95665 started
2026-07-30 13:57:15,958 - __main__ - INFO - 🆔 REGISTERED: Process 95665 - which nbtscan...
2026-07-30 13:57:15,958 - __main__ - INFO - ⚡ PROGRESS ⠋: [[38;5;196m[38;5;240m░░░░░░░░░░░░░░░░░░░░░░░░░░░░░░[0m] [38;5;160m0.0%[0m Speed: 0 B/s | 0.0s | PID: 95665
2026-07-30 13:57:15,959 - __main__ - INFO - 📤 STDOUT: /usr/bin/nbtscan
2026-07-30 13:57:15,960 - __main__ - INFO - 🧹 CLEANUP: Process 95665 removed from registry
2026-07-30 13:57:15,960 - __main__ - INFO - ✅ SUCCESS: Command completed | Exit Code: 0 | Duration: 0.00s
2026-07-30 13:57:15,960 - __main__ - INFO - [38;5;46m[1m╭─────────────────────────────────────────────────────────────────────────────╮[0m
2026-07-30 13:57:15,960 - __main__ - INFO - [1m│[0m [38;5;46m📊 FINAL RESULTS ✅[0m
2026-07-30 13:57:15,960 - __main__ - INFO - [1m├─────────────────────────────────────────────────────────────────────────────┤[0m
2026-07-30 13:57:15,960 - __main__ - INFO - [1m│[0m [38;5;51m🚀 Command:[0m which nbtscan
2026-07-30 13:57:15,960 - __main__ - INFO - [1m│[0m [38;5;208m⏱️  Duration:[0m 0.00s
2026-07-30 13:57:15,960 - __main__ - INFO - [1m│[0m [38;5;208m📊 Output Size:[0m 17 bytes
2026-07-30 13:57:15,960 - __main__ - INFO - [1m│[0m [38;5;129m🔢 Exit Code:[0m 0
2026-07-30 13:57:15,960 - __main__ - INFO - [1m│[0m [38;5;46m📈 Status:[0m SUCCESS | Cached: Yes
2026-07-30 13:57:15,960 - __main__ - INFO - [38;5;46m[1m╰─────────────────────────────────────────────────────────────────────────────╯[0m
2026-07-30 13:57:15,960 - __main__ - INFO - 💾 Cached result for command: which nbtscan
2026-07-30 13:57:15,960 - __main__ - INFO - 🔍 Cache MISS for command: which arp-scan
2026-07-30 13:57:15,960 - __main__ - INFO - 🚀 EXECUTING: which arp-scan
2026-07-30 13:57:15,960 - __main__ - INFO - ⏱️  TIMEOUT: 300s | PID: Starting...
2026-07-30 13:57:15,960 - __main__ - INFO - 🆔 PROCESS: PID 95670 started
2026-07-30 13:57:15,960 - __main__ - INFO - 🆔 REGISTERED: Process 95670 - which arp-scan...
2026-07-30 13:57:15,961 - __main__ - INFO - ⚡ PROGRESS ⠋: [[38;5;196m[38;5;240m░░░░░░░░░░░░░░░░░░░░░░░░░░░░░░[0m] [38;5;160m0.0%[0m Speed: 0 B/s | 0.0s | PID: 95670
2026-07-30 13:57:15,961 - __main__ - INFO - 📤 STDOUT: /usr/sbin/arp-scan
2026-07-30 13:57:15,962 - __main__ - INFO - 🧹 CLEANUP: Process 95670 removed from registry
2026-07-30 13:57:15,962 - __main__ - INFO - ✅ SUCCESS: Command completed | Exit Code: 0 | Duration: 0.00s
2026-07-30 13:57:15,962 - __main__ - INFO - [38;5;46m[1m╭─────────────────────────────────────────────────────────────────────────────╮[0m
2026-07-30 13:57:15,962 - __main__ - INFO - [1m│[0m [38;5;46m📊 FINAL RESULTS ✅[0m
2026-07-30 13:57:15,962 - __main__ - INFO - [1m├─────────────────────────────────────────────────────────────────────────────┤[0m
2026-07-30 13:57:15,962 - __main__ - INFO - [1m│[0m [38;5;51m🚀 Command:[0m which arp-scan
2026-07-30 13:57:15,962 - __main__ - INFO - [1m│[0m [38;5;208m⏱️  Duration:[0m 0.00s
2026-07-30 13:57:15,962 - __main__ - INFO - [1m│[0m [38;5;208m📊 Output Size:[0m 19 bytes
2026-07-30 13:57:15,962 - __main__ - INFO - [1m│[0m [38;5;129m🔢 Exit Code:[0m 0
2026-07-30 13:57:15,962 - __main__ - INFO - [1m│[0m [38;5;46m📈 Status:[0m SUCCESS | Cached: Yes
2026-07-30 13:57:15,962 - __main__ - INFO - [38;5;46m[1m╰─────────────────────────────────────────────────────────────────────────────╯[0m
2026-07-30 13:57:15,962 - __main__ - INFO - 💾 Cached result for command: which arp-scan
2026-07-30 13:57:15,962 - __main__ - INFO - 🔍 Cache MISS for command: which responder
2026-07-30 13:57:15,962 - __main__ - INFO - 🚀 EXECUTING: which responder
2026-07-30 13:57:15,962 - __main__ - INFO - ⏱️  TIMEOUT: 300s | PID: Starting...
2026-07-30 13:57:15,963 - __main__ - INFO - 🆔 PROCESS: PID 95675 started
2026-07-30 13:57:15,963 - __main__ - INFO - 🆔 REGISTERED: Process 95675 - which responder...
2026-07-30 13:57:15,963 - __main__ - INFO - ⚡ PROGRESS ⠋: [[38;5;196m[38;5;240m░░░░░░░░░░░░░░░░░░░░░░░░░░░░░░[0m] [38;5;160m0.0%[0m Speed: 0 B/s | 0.0s | PID: 95675
2026-07-30 13:57:15,964 - __main__ - INFO - 📤 STDOUT: /usr/sbin/responder
2026-07-30 13:57:15,965 - __main__ - INFO - 🧹 CLEANUP: Process 95675 removed from registry
2026-07-30 13:57:15,965 - __main__ - INFO - ✅ SUCCESS: Command completed | Exit Code: 0 | Duration: 0.00s
2026-07-30 13:57:15,965 - __main__ - INFO - [38;5;46m[1m╭─────────────────────────────────────────────────────────────────────────────╮[0m
2026-07-30 13:57:15,965 - __main__ - INFO - [1m│[0m [38;5;46m📊 FINAL RESULTS ✅[0m
2026-07-30 13:57:15,965 - __main__ - INFO - [1m├─────────────────────────────────────────────────────────────────────────────┤[0m
2026-07-30 13:57:15,965 - __main__ - INFO - [1m│[0m [38;5;51m🚀 Command:[0m which responder
2026-07-30 13:57:15,965 - __main__ - INFO - [1m│[0m [38;5;208m⏱️  Duration:[0m 0.00s
2026-07-30 13:57:15,965 - __main__ - INFO - [1m│[0m [38;5;208m📊 Output Size:[0m 20 bytes
2026-07-30 13:57:15,965 - __main__ - INFO - [1m│[0m [38;5;129m🔢 Exit Code:[0m 0
2026-07-30 13:57:15,965 - __main__ - INFO - [1m│[0m [38;5;46m📈 Status:[0m SUCCESS | Cached: Yes
2026-07-30 13:57:15,965 - __main__ - INFO - [38;5;46m[1m╰─────────────────────────────────────────────────────────────────────────────╯[0m
2026-07-30 13:57:15,965 - __main__ - INFO - 💾 Cached result for command: which responder
2026-07-30 13:57:15,965 - __main__ - INFO - 🔍 Cache MISS for command: which nxc
2026-07-30 13:57:15,965 - __main__ - INFO - 🚀 EXECUTING: which nxc
2026-07-30 13:57:15,965 - __main__ - INFO - ⏱️  TIMEOUT: 300s | PID: Starting...
2026-07-30 13:57:15,965 - __main__ - INFO - 🆔 PROCESS: PID 95680 started
2026-07-30 13:57:15,965 - __main__ - INFO - 🆔 REGISTERED: Process 95680 - which nxc...
2026-07-30 13:57:15,966 - __main__ - INFO - ⚡ PROGRESS ⠋: [[38;5;196m[38;5;240m░░░░░░░░░░░░░░░░░░░░░░░░░░░░░░[0m] [38;5;160m0.0%[0m Speed: 0 B/s | 0.0s | PID: 95680
2026-07-30 13:57:15,966 - __main__ - INFO - 📤 STDOUT: /usr/bin/nxc
2026-07-30 13:57:15,967 - __main__ - INFO - 🧹 CLEANUP: Process 95680 removed from registry
2026-07-30 13:57:15,967 - __main__ - INFO - ✅ SUCCESS: Command completed | Exit Code: 0 | Duration: 0.00s
2026-07-30 13:57:15,967 - __main__ - INFO - [38;5;46m[1m╭─────────────────────────────────────────────────────────────────────────────╮[0m
2026-07-30 13:57:15,967 - __main__ - INFO - [1m│[0m [38;5;46m📊 FINAL RESULTS ✅[0m
2026-07-30 13:57:15,967 - __main__ - INFO - [1m├─────────────────────────────────────────────────────────────────────────────┤[0m
2026-07-30 13:57:15,967 - __main__ - INFO - [1m│[0m [38;5;51m🚀 Command:[0m which nxc
2026-07-30 13:57:15,968 - __main__ - INFO - [1m│[0m [38;5;208m⏱️  Duration:[0m 0.00s
2026-07-30 13:57:15,968 - __main__ - INFO - [1m│[0m [38;5;208m📊 Output Size:[0m 13 bytes
2026-07-30 13:57:15,968 - __main__ - INFO - [1m│[0m [38;5;129m🔢 Exit Code:[0m 0
2026-07-30 13:57:15,968 - __main__ - INFO - [1m│[0m [38;5;46m📈 Status:[0m SUCCESS | Cached: Yes
2026-07-30 13:57:15,968 - __main__ - INFO - [38;5;46m[1m╰─────────────────────────────────────────────────────────────────────────────╯[0m
2026-07-30 13:57:15,968 - __main__ - INFO - 💾 Cached result for command: which nxc
2026-07-30 13:57:15,968 - __main__ - INFO - 🔍 Cache MISS for command: which enum4linux-ng
2026-07-30 13:57:15,968 - __main__ - INFO - 🚀 EXECUTING: which enum4linux-ng
2026-07-30 13:57:15,968 - __main__ - INFO - ⏱️  TIMEOUT: 300s | PID: Starting...
2026-07-30 13:57:15,968 - __main__ - INFO - 🆔 PROCESS: PID 95685 started
2026-07-30 13:57:15,968 - __main__ - INFO - 🆔 REGISTERED: Process 95685 - which enum4linux-ng...
2026-07-30 13:57:15,969 - __main__ - INFO - ⚡ PROGRESS ⠋: [[38;5;196m[38;5;240m░░░░░░░░░░░░░░░░░░░░░░░░░░░░░░[0m] [38;5;160m0.0%[0m Speed: 0 B/s | 0.0s | PID: 95685
2026-07-30 13:57:15,970 - __main__ - INFO - 🧹 CLEANUP: Process 95685 removed from registry
2026-07-30 13:57:15,970 - __main__ - WARNING - ⚠️  WARNING: Command completed with errors | Exit Code: 1 | Duration: 0.00s
2026-07-30 13:57:15,970 - __main__ - INFO - [38;5;46m[1m╭─────────────────────────────────────────────────────────────────────────────╮[0m
2026-07-30 13:57:15,970 - __main__ - INFO - [1m│[0m [38;5;196m📊 FINAL RESULTS ❌[0m
2026-07-30 13:57:15,970 - __main__ - INFO - [1m├─────────────────────────────────────────────────────────────────────────────┤[0m
2026-07-30 13:57:15,970 - __main__ - INFO - [1m│[0m [38;5;51m🚀 Command:[0m which enum4linux-ng
2026-07-30 13:57:15,970 - __main__ - INFO - [1m│[0m [38;5;208m⏱️  Duration:[0m 0.00s
2026-07-30 13:57:15,970 - __main__ - INFO - [1m│[0m [38;5;208m📊 Output Size:[0m 0 bytes
2026-07-30 13:57:15,970 - __main__ - INFO - [1m│[0m [38;5;129m🔢 Exit Code:[0m 1
2026-07-30 13:57:15,970 - __main__ - INFO - [1m│[0m [38;5;196m📈 Status:[0m FAILED | Cached: Yes
2026-07-30 13:57:15,970 - __main__ - INFO - [38;5;46m[1m╰─────────────────────────────────────────────────────────────────────────────╯[0m
2026-07-30 13:57:15,971 - __main__ - INFO - 🔍 Cache MISS for command: which rpcclient
2026-07-30 13:57:15,971 - __main__ - INFO - 🚀 EXECUTING: which rpcclient
2026-07-30 13:57:15,971 - __main__ - INFO - ⏱️  TIMEOUT: 300s | PID: Starting...
2026-07-30 13:57:15,971 - __main__ - INFO - 🆔 PROCESS: PID 95690 started
2026-07-30 13:57:15,971 - __main__ - INFO - 🆔 REGISTERED: Process 95690 - which rpcclient...
2026-07-30 13:57:15,972 - __main__ - INFO - ⚡ PROGRESS ⠋: [[38;5;196m[38;5;240m░░░░░░░░░░░░░░░░░░░░░░░░░░░░░░[0m] [38;5;160m0.0%[0m Speed: 0 B/s | 0.0s | PID: 95690
2026-07-30 13:57:15,972 - __main__ - INFO - 📤 STDOUT: /usr/bin/rpcclient
2026-07-30 13:57:15,973 - __main__ - INFO - 🧹 CLEANUP: Process 95690 removed from registry
2026-07-30 13:57:15,973 - __main__ - INFO - ✅ SUCCESS: Command completed | Exit Code: 0 | Duration: 0.00s
2026-07-30 13:57:15,973 - __main__ - INFO - [38;5;46m[1m╭─────────────────────────────────────────────────────────────────────────────╮[0m
2026-07-30 13:57:15,973 - __main__ - INFO - [1m│[0m [38;5;46m📊 FINAL RESULTS ✅[0m
2026-07-30 13:57:15,973 - __main__ - INFO - [1m├─────────────────────────────────────────────────────────────────────────────┤[0m
2026-07-30 13:57:15,973 - __main__ - INFO - [1m│[0m [38;5;51m🚀 Command:[0m which rpcclient
2026-07-30 13:57:15,973 - __main__ - INFO - [1m│[0m [38;5;208m⏱️  Duration:[0m 0.00s
2026-07-30 13:57:15,973 - __main__ - INFO - [1m│[0m [38;5;208m📊 Output Size:[0m 19 bytes
2026-07-30 13:57:15,973 - __main__ - INFO - [1m│[0m [38;5;129m🔢 Exit Code:[0m 0
2026-07-30 13:57:15,973 - __main__ - INFO - [1m│[0m [38;5;46m📈 Status:[0m SUCCESS | Cached: Yes
2026-07-30 13:57:15,973 - __main__ - INFO - [38;5;46m[1m╰─────────────────────────────────────────────────────────────────────────────╯[0m
2026-07-30 13:57:15,973 - __main__ - INFO - 💾 Cached result for command: which rpcclient
2026-07-30 13:57:15,973 - __main__ - INFO - 🔍 Cache MISS for command: which enum4linux
2026-07-30 13:57:15,973 - __main__ - INFO - 🚀 EXECUTING: which enum4linux
2026-07-30 13:57:15,973 - __main__ - INFO - ⏱️  TIMEOUT: 300s | PID: Starting...
2026-07-30 13:57:15,974 - __main__ - INFO - 🆔 PROCESS: PID 95695 started
2026-07-30 13:57:15,974 - __main__ - INFO - 🆔 REGISTERED: Process 95695 - which enum4linux...
2026-07-30 13:57:15,974 - __main__ - INFO - ⚡ PROGRESS ⠋: [[38;5;196m[38;5;240m░░░░░░░░░░░░░░░░░░░░░░░░░░░░░░[0m] [38;5;160m0.0%[0m Speed: 0 B/s | 0.0s | PID: 95695
2026-07-30 13:57:15,975 - __main__ - INFO - 📤 STDOUT: /usr/bin/enum4linux
2026-07-30 13:57:15,976 - __main__ - INFO - 🧹 CLEANUP: Process 95695 removed from registry
2026-07-30 13:57:15,976 - __main__ - INFO - ✅ SUCCESS: Command completed | Exit Code: 0 | Duration: 0.00s
2026-07-30 13:57:15,976 - __main__ - INFO - [38;5;46m[1m╭─────────────────────────────────────────────────────────────────────────────╮[0m
2026-07-30 13:57:15,976 - __main__ - INFO - [1m│[0m [38;5;46m📊 FINAL RESULTS ✅[0m
2026-07-30 13:57:15,976 - __main__ - INFO - [1m├─────────────────────────────────────────────────────────────────────────────┤[0m
2026-07-30 13:57:15,976 - __main__ - INFO - [1m│[0m [38;5;51m🚀 Command:[0m which enum4linux
2026-07-30 13:57:15,976 - __main__ - INFO - [1m│[0m [38;5;208m⏱️  Duration:[0m 0.00s
2026-07-30 13:57:15,976 - __main__ - INFO - [1m│[0m [38;5;208m📊 Output Size:[0m 20 bytes
2026-07-30 13:57:15,976 - __main__ - INFO - [1m│[0m [38;5;129m🔢 Exit Code:[0m 0
2026-07-30 13:57:15,976 - __main__ - INFO - [1m│[0m [38;5;46m📈 Status:[0m SUCCESS | Cached: Yes
2026-07-30 13:57:15,976 - __main__ - INFO - [38;5;46m[1m╰─────────────────────────────────────────────────────────────────────────────╯[0m
2026-07-30 13:57:15,976 - __main__ - INFO - 💾 Cached result for command: which enum4linux
2026-07-30 13:57:15,976 - __main__ - INFO - 🔍 Cache MISS for command: which ffuf
2026-07-30 13:57:15,976 - __main__ - INFO - 🚀 EXECUTING: which ffuf
2026-07-30 13:57:15,976 - __main__ - INFO - ⏱️  TIMEOUT: 300s | PID: Starting...
2026-07-30 13:57:15,976 - __main__ - INFO - 🆔 PROCESS: PID 95700 started
2026-07-30 13:57:15,976 - __main__ - INFO - 🆔 REGISTERED: Process 95700 - which ffuf...
2026-07-30 13:57:15,977 - __main__ - INFO - ⚡ PROGRESS ⠋: [[38;5;196m[38;5;240m░░░░░░░░░░░░░░░░░░░░░░░░░░░░░░[0m] [38;5;160m0.0%[0m Speed: 0 B/s | 0.0s | PID: 95700
2026-07-30 13:57:15,977 - __main__ - INFO - 📤 STDOUT: /usr/bin/ffuf
2026-07-30 13:57:15,978 - __main__ - INFO - 🧹 CLEANUP: Process 95700 removed from registry
2026-07-30 13:57:15,978 - __main__ - INFO - ✅ SUCCESS: Command completed | Exit Code: 0 | Duration: 0.00s
2026-07-30 13:57:15,978 - __main__ - INFO - [38;5;46m[1m╭─────────────────────────────────────────────────────────────────────────────╮[0m
2026-07-30 13:57:15,978 - __main__ - INFO - [1m│[0m [38;5;46m📊 FINAL RESULTS ✅[0m
2026-07-30 13:57:15,978 - __main__ - INFO - [1m├─────────────────────────────────────────────────────────────────────────────┤[0m
2026-07-30 13:57:15,978 - __main__ - INFO - [1m│[0m [38;5;51m🚀 Command:[0m which ffuf
2026-07-30 13:57:15,979 - __main__ - INFO - [1m│[0m [38;5;208m⏱️  Duration:[0m 0.00s
2026-07-30 13:57:15,979 - __main__ - INFO - [1m│[0m [38;5;208m📊 Output Size:[0m 14 bytes
2026-07-30 13:57:15,979 - __main__ - INFO - [1m│[0m [38;5;129m🔢 Exit Code:[0m 0
2026-07-30 13:57:15,979 - __main__ - INFO - [1m│[0m [38;5;46m📈 Status:[0m SUCCESS | Cached: Yes
2026-07-30 13:57:15,979 - __main__ - INFO - [38;5;46m[1m╰─────────────────────────────────────────────────────────────────────────────╯[0m
2026-07-30 13:57:15,979 - __main__ - INFO - 💾 Cached result for command: which ffuf
2026-07-30 13:57:15,979 - __main__ - INFO - 🔍 Cache MISS for command: which feroxbuster
2026-07-30 13:57:15,979 - __main__ - INFO - 🚀 EXECUTING: which feroxbuster
2026-07-30 13:57:15,979 - __main__ - INFO - ⏱️  TIMEOUT: 300s | PID: Starting...
2026-07-30 13:57:15,979 - __main__ - INFO - 🆔 PROCESS: PID 95705 started
2026-07-30 13:57:15,979 - __main__ - INFO - 🆔 REGISTERED: Process 95705 - which feroxbuster...
2026-07-30 13:57:15,980 - __main__ - INFO - ⚡ PROGRESS ⠋: [[38;5;196m[38;5;240m░░░░░░░░░░░░░░░░░░░░░░░░░░░░░░[0m] [38;5;160m0.0%[0m Speed: 0 B/s | 0.0s | PID: 95705
2026-07-30 13:57:15,980 - __main__ - INFO - 📤 STDOUT: /usr/bin/feroxbuster
2026-07-30 13:57:15,981 - __main__ - INFO - 🧹 CLEANUP: Process 95705 removed from registry
2026-07-30 13:57:15,981 - __main__ - INFO - ✅ SUCCESS: Command completed | Exit Code: 0 | Duration: 0.00s
2026-07-30 13:57:15,981 - __main__ - INFO - [38;5;46m[1m╭─────────────────────────────────────────────────────────────────────────────╮[0m
2026-07-30 13:57:15,981 - __main__ - INFO - [1m│[0m [38;5;46m📊 FINAL RESULTS ✅[0m
2026-07-30 13:57:15,981 - __main__ - INFO - [1m├─────────────────────────────────────────────────────────────────────────────┤[0m
2026-07-30 13:57:15,981 - __main__ - INFO - [1m│[0m [38;5;51m🚀 Command:[0m which feroxbuster
2026-07-30 13:57:15,981 - __main__ - INFO - [1m│[0m [38;5;208m⏱️  Duration:[0m 0.00s
2026-07-30 13:57:15,981 - __main__ - INFO - [1m│[0m [38;5;208m📊 Output Size:[0m 21 bytes
2026-07-30 13:57:15,981 - __main__ - INFO - [1m│[0m [38;5;129m🔢 Exit Code:[0m 0
2026-07-30 13:57:15,981 - __main__ - INFO - [1m│[0m [38;5;46m📈 Status:[0m SUCCESS | Cached: Yes
2026-07-30 13:57:15,981 - __main__ - INFO - [38;5;46m[1m╰─────────────────────────────────────────────────────────────────────────────╯[0m
2026-07-30 13:57:15,981 - __main__ - INFO - 💾 Cached result for command: which feroxbuster
2026-07-30 13:57:15,981 - __main__ - INFO - 🔍 Cache MISS for command: which dirsearch
2026-07-30 13:57:15,981 - __main__ - INFO - 🚀 EXECUTING: which dirsearch
2026-07-30 13:57:15,982 - __main__ - INFO - ⏱️  TIMEOUT: 300s | PID: Starting...
2026-07-30 13:57:15,982 - __main__ - INFO - 🆔 PROCESS: PID 95710 started
2026-07-30 13:57:15,982 - __main__ - INFO - 🆔 REGISTERED: Process 95710 - which dirsearch...
2026-07-30 13:57:15,983 - __main__ - INFO - ⚡ PROGRESS ⠋: [[38;5;196m[38;5;240m░░░░░░░░░░░░░░░░░░░░░░░░░░░░░░[0m] [38;5;160m0.0%[0m Speed: 0 B/s | 0.0s | PID: 95710
2026-07-30 13:57:15,984 - __main__ - INFO - 🧹 CLEANUP: Process 95710 removed from registry
2026-07-30 13:57:15,984 - __main__ - WARNING - ⚠️  WARNING: Command completed with errors | Exit Code: 1 | Duration: 0.00s
2026-07-30 13:57:15,984 - __main__ - INFO - [38;5;46m[1m╭─────────────────────────────────────────────────────────────────────────────╮[0m
2026-07-30 13:57:15,984 - __main__ - INFO - [1m│[0m [38;5;196m📊 FINAL RESULTS ❌[0m
2026-07-30 13:57:15,984 - __main__ - INFO - [1m├─────────────────────────────────────────────────────────────────────────────┤[0m
2026-07-30 13:57:15,984 - __main__ - INFO - [1m│[0m [38;5;51m🚀 Command:[0m which dirsearch
2026-07-30 13:57:15,984 - __main__ - INFO - [1m│[0m [38;5;208m⏱️  Duration:[0m 0.00s
2026-07-30 13:57:15,984 - __main__ - INFO - [1m│[0m [38;5;208m📊 Output Size:[0m 0 bytes
2026-07-30 13:57:15,984 - __main__ - INFO - [1m│[0m [38;5;129m🔢 Exit Code:[0m 1
2026-07-30 13:57:15,984 - __main__ - INFO - [1m│[0m [38;5;196m📈 Status:[0m FAILED | Cached: Yes
2026-07-30 13:57:15,984 - __main__ - INFO - [38;5;46m[1m╰─────────────────────────────────────────────────────────────────────────────╯[0m
2026-07-30 13:57:15,984 - __main__ - INFO - 🔍 Cache MISS for command: which dotdotpwn
2026-07-30 13:57:15,984 - __main__ - INFO - 🚀 EXECUTING: which dotdotpwn
2026-07-30 13:57:15,984 - __main__ - INFO - ⏱️  TIMEOUT: 300s | PID: Starting...
2026-07-30 13:57:15,985 - __main__ - INFO - 🆔 PROCESS: PID 95715 started
2026-07-30 13:57:15,985 - __main__ - INFO - 🆔 REGISTERED: Process 95715 - which dotdotpwn...
2026-07-30 13:57:15,985 - __main__ - INFO - ⚡ PROGRESS ⠋: [[38;5;196m[38;5;240m░░░░░░░░░░░░░░░░░░░░░░░░░░░░░░[0m] [38;5;160m0.0%[0m Speed: 0 B/s | 0.0s | PID: 95715
2026-07-30 13:57:15,986 - __main__ - INFO - 🧹 CLEANUP: Process 95715 removed from registry
2026-07-30 13:57:15,986 - __main__ - WARNING - ⚠️  WARNING: Command completed with errors | Exit Code: 1 | Duration: 0.00s
2026-07-30 13:57:15,987 - __main__ - INFO - [38;5;46m[1m╭─────────────────────────────────────────────────────────────────────────────╮[0m
2026-07-30 13:57:15,987 - __main__ - INFO - [1m│[0m [38;5;196m📊 FINAL RESULTS ❌[0m
2026-07-30 13:57:15,987 - __main__ - INFO - [1m├─────────────────────────────────────────────────────────────────────────────┤[0m
2026-07-30 13:57:15,987 - __main__ - INFO - [1m│[0m [38;5;51m🚀 Command:[0m which dotdotpwn
2026-07-30 13:57:15,987 - __main__ - INFO - [1m│[0m [38;5;208m⏱️  Duration:[0m 0.00s
2026-07-30 13:57:15,987 - __main__ - INFO - [1m│[0m [38;5;208m📊 Output Size:[0m 0 bytes
2026-07-30 13:57:15,987 - __main__ - INFO - [1m│[0m [38;5;129m🔢 Exit Code:[0m 1
2026-07-30 13:57:15,987 - __main__ - INFO - [1m│[0m [38;5;196m📈 Status:[0m FAILED | Cached: Yes
2026-07-30 13:57:15,987 - __main__ - INFO - [38;5;46m[1m╰─────────────────────────────────────────────────────────────────────────────╯[0m
2026-07-30 13:57:15,987 - __main__ - INFO - 🔍 Cache MISS for command: which xsser
2026-07-30 13:57:15,987 - __main__ - INFO - 🚀 EXECUTING: which xsser
2026-07-30 13:57:15,987 - __main__ - INFO - ⏱️  TIMEOUT: 300s | PID: Starting...
2026-07-30 13:57:15,988 - __main__ - INFO - 🆔 PROCESS: PID 95720 started
2026-07-30 13:57:15,988 - __main__ - INFO - 🆔 REGISTERED: Process 95720 - which xsser...
2026-07-30 13:57:15,988 - __main__ - INFO - ⚡ PROGRESS ⠋: [[38;5;196m[38;5;240m░░░░░░░░░░░░░░░░░░░░░░░░░░░░░░[0m] [38;5;160m0.0%[0m Speed: 0 B/s | 0.0s | PID: 95720
2026-07-30 13:57:15,989 - __main__ - INFO - 🧹 CLEANUP: Process 95720 removed from registry
2026-07-30 13:57:15,989 - __main__ - WARNING - ⚠️  WARNING: Command completed with errors | Exit Code: 1 | Duration: 0.00s
2026-07-30 13:57:15,989 - __main__ - INFO - [38;5;46m[1m╭─────────────────────────────────────────────────────────────────────────────╮[0m
2026-07-30 13:57:15,989 - __main__ - INFO - [1m│[0m [38;5;196m📊 FINAL RESULTS ❌[0m
2026-07-30 13:57:15,990 - __main__ - INFO - [1m├─────────────────────────────────────────────────────────────────────────────┤[0m
2026-07-30 13:57:15,990 - __main__ - INFO - [1m│[0m [38;5;51m🚀 Command:[0m which xsser
2026-07-30 13:57:15,990 - __main__ - INFO - [1m│[0m [38;5;208m⏱️  Duration:[0m 0.00s
2026-07-30 13:57:15,990 - __main__ - INFO - [1m│[0m [38;5;208m📊 Output Size:[0m 0 bytes
2026-07-30 13:57:15,990 - __main__ - INFO - [1m│[0m [38;5;129m🔢 Exit Code:[0m 1
2026-07-30 13:57:15,990 - __main__ - INFO - [1m│[0m [38;5;196m📈 Status:[0m FAILED | Cached: Yes
2026-07-30 13:57:15,990 - __main__ - INFO - [38;5;46m[1m╰─────────────────────────────────────────────────────────────────────────────╯[0m
2026-07-30 13:57:15,990 - __main__ - INFO - 🔍 Cache MISS for command: which wfuzz
2026-07-30 13:57:15,990 - __main__ - INFO - 🚀 EXECUTING: which wfuzz
2026-07-30 13:57:15,990 - __main__ - INFO - ⏱️  TIMEOUT: 300s | PID: Starting...
2026-07-30 13:57:15,990 - __main__ - INFO - 🆔 PROCESS: PID 95725 started
2026-07-30 13:57:15,990 - __main__ - INFO - 🆔 REGISTERED: Process 95725 - which wfuzz...
2026-07-30 13:57:15,991 - __main__ - INFO - ⚡ PROGRESS ⠋: [[38;5;196m[38;5;240m░░░░░░░░░░░░░░░░░░░░░░░░░░░░░░[0m] [38;5;160m0.0%[0m Speed: 0 B/s | 0.0s | PID: 95725
2026-07-30 13:57:15,991 - __main__ - INFO - 📤 STDOUT: /usr/bin/wfuzz
2026-07-30 13:57:15,992 - __main__ - INFO - 🧹 CLEANUP: Process 95725 removed from registry
2026-07-30 13:57:15,992 - __main__ - INFO - ✅ SUCCESS: Command completed | Exit Code: 0 | Duration: 0.00s
2026-07-30 13:57:15,992 - __main__ - INFO - [38;5;46m[1m╭─────────────────────────────────────────────────────────────────────────────╮[0m
2026-07-30 13:57:15,992 - __main__ - INFO - [1m│[0m [38;5;46m📊 FINAL RESULTS ✅[0m
2026-07-30 13:57:15,992 - __main__ - INFO - [1m├─────────────────────────────────────────────────────────────────────────────┤[0m
2026-07-30 13:57:15,992 - __main__ - INFO - [1m│[0m [38;5;51m🚀 Command:[0m which wfuzz
2026-07-30 13:57:15,992 - __main__ - INFO - [1m│[0m [38;5;208m⏱️  Duration:[0m 0.00s
2026-07-30 13:57:15,992 - __main__ - INFO - [1m│[0m [38;5;208m📊 Output Size:[0m 15 bytes
2026-07-30 13:57:15,992 - __main__ - INFO - [1m│[0m [38;5;129m🔢 Exit Code:[0m 0
2026-07-30 13:57:15,992 - __main__ - INFO - [1m│[0m [38;5;46m📈 Status:[0m SUCCESS | Cached: Yes
2026-07-30 13:57:15,992 - __main__ - INFO - [38;5;46m[1m╰─────────────────────────────────────────────────────────────────────────────╯[0m
2026-07-30 13:57:15,992 - __main__ - INFO - 💾 Cached result for command: which wfuzz
2026-07-30 13:57:15,992 - __main__ - INFO - 🔍 Cache MISS for command: which gau
2026-07-30 13:57:15,992 - __main__ - INFO - 🚀 EXECUTING: which gau
2026-07-30 13:57:15,992 - __main__ - INFO - ⏱️  TIMEOUT: 300s | PID: Starting...
2026-07-30 13:57:15,993 - __main__ - INFO - 🆔 PROCESS: PID 95730 started
2026-07-30 13:57:15,993 - __main__ - INFO - 🆔 REGISTERED: Process 95730 - which gau...
2026-07-30 13:57:15,993 - __main__ - INFO - ⚡ PROGRESS ⠋: [[38;5;196m[38;5;240m░░░░░░░░░░░░░░░░░░░░░░░░░░░░░░[0m] [38;5;160m0.0%[0m Speed: 0 B/s | 0.0s | PID: 95730
2026-07-30 13:57:15,995 - __main__ - INFO - 🧹 CLEANUP: Process 95730 removed from registry
2026-07-30 13:57:15,995 - __main__ - WARNING - ⚠️  WARNING: Command completed with errors | Exit Code: 1 | Duration: 0.00s
2026-07-30 13:57:15,995 - __main__ - INFO - [38;5;46m[1m╭─────────────────────────────────────────────────────────────────────────────╮[0m
2026-07-30 13:57:15,995 - __main__ - INFO - [1m│[0m [38;5;196m📊 FINAL RESULTS ❌[0m
2026-07-30 13:57:15,995 - __main__ - INFO - [1m├─────────────────────────────────────────────────────────────────────────────┤[0m
2026-07-30 13:57:15,995 - __main__ - INFO - [1m│[0m [38;5;51m🚀 Command:[0m which gau
2026-07-30 13:57:15,995 - __main__ - INFO - [1m│[0m [38;5;208m⏱️  Duration:[0m 0.00s
2026-07-30 13:57:15,995 - __main__ - INFO - [1m│[0m [38;5;208m📊 Output Size:[0m 0 bytes
2026-07-30 13:57:15,995 - __main__ - INFO - [1m│[0m [38;5;129m🔢 Exit Code:[0m 1
2026-07-30 13:57:15,995 - __main__ - INFO - [1m│[0m [38;5;196m📈 Status:[0m FAILED | Cached: Yes
2026-07-30 13:57:15,995 - __main__ - INFO - [38;5;46m[1m╰─────────────────────────────────────────────────────────────────────────────╯[0m
2026-07-30 13:57:15,995 - __main__ - INFO - 🔍 Cache MISS for command: which waybackurls
2026-07-30 13:57:15,995 - __main__ - INFO - 🚀 EXECUTING: which waybackurls
2026-07-30 13:57:15,995 - __main__ - INFO - ⏱️  TIMEOUT: 300s | PID: Starting...
2026-07-30 13:57:15,996 - __main__ - INFO - 🆔 PROCESS: PID 95735 started
2026-07-30 13:57:15,996 - __main__ - INFO - 🆔 REGISTERED: Process 95735 - which waybackurls...
2026-07-30 13:57:15,996 - __main__ - INFO - ⚡ PROGRESS ⠋: [[38;5;196m[38;5;240m░░░░░░░░░░░░░░░░░░░░░░░░░░░░░░[0m] [38;5;160m0.0%[0m Speed: 0 B/s | 0.0s | PID: 95735
2026-07-30 13:57:15,997 - __main__ - INFO - 🧹 CLEANUP: Process 95735 removed from registry
2026-07-30 13:57:15,997 - __main__ - WARNING - ⚠️  WARNING: Command completed with errors | Exit Code: 1 | Duration: 0.00s
2026-07-30 13:57:15,998 - __main__ - INFO - [38;5;46m[1m╭─────────────────────────────────────────────────────────────────────────────╮[0m
2026-07-30 13:57:15,998 - __main__ - INFO - [1m│[0m [38;5;196m📊 FINAL RESULTS ❌[0m
2026-07-30 13:57:15,998 - __main__ - INFO - [1m├─────────────────────────────────────────────────────────────────────────────┤[0m
2026-07-30 13:57:15,998 - __main__ - INFO - [1m│[0m [38;5;51m🚀 Command:[0m which waybackurls
2026-07-30 13:57:15,998 - __main__ - INFO - [1m│[0m [38;5;208m⏱️  Duration:[0m 0.00s
2026-07-30 13:57:15,998 - __main__ - INFO - [1m│[0m [38;5;208m📊 Output Size:[0m 0 bytes
2026-07-30 13:57:15,998 - __main__ - INFO - [1m│[0m [38;5;129m🔢 Exit Code:[0m 1
2026-07-30 13:57:15,998 - __main__ - INFO - [1m│[0m [38;5;196m📈 Status:[0m FAILED | Cached: Yes
2026-07-30 13:57:15,998 - __main__ - INFO - [38;5;46m[1m╰─────────────────────────────────────────────────────────────────────────────╯[0m
2026-07-30 13:57:15,998 - __main__ - INFO - 🔍 Cache MISS for command: which arjun
2026-07-30 13:57:15,998 - __main__ - INFO - 🚀 EXECUTING: which arjun
2026-07-30 13:57:15,998 - __main__ - INFO - ⏱️  TIMEOUT: 300s | PID: Starting...
2026-07-30 13:57:15,998 - __main__ - INFO - 🆔 PROCESS: PID 95740 started
2026-07-30 13:57:15,998 - __main__ - INFO - 🆔 REGISTERED: Process 95740 - which arjun...
2026-07-30 13:57:15,999 - __main__ - INFO - ⚡ PROGRESS ⠋: [[38;5;196m[38;5;240m░░░░░░░░░░░░░░░░░░░░░░░░░░░░░░[0m] [38;5;160m0.0%[0m Speed: 0 B/s | 0.0s | PID: 95740
2026-07-30 13:57:16,000 - __main__ - INFO - 🧹 CLEANUP: Process 95740 removed from registry
2026-07-30 13:57:16,000 - __main__ - WARNING - ⚠️  WARNING: Command completed with errors | Exit Code: 1 | Duration: 0.00s
2026-07-30 13:57:16,000 - __main__ - INFO - [38;5;46m[1m╭─────────────────────────────────────────────────────────────────────────────╮[0m
2026-07-30 13:57:16,000 - __main__ - INFO - [1m│[0m [38;5;196m📊 FINAL RESULTS ❌[0m
2026-07-30 13:57:16,000 - __main__ - INFO - [1m├─────────────────────────────────────────────────────────────────────────────┤[0m
2026-07-30 13:57:16,000 - __main__ - INFO - [1m│[0m [38;5;51m🚀 Command:[0m which arjun
2026-07-30 13:57:16,000 - __main__ - INFO - [1m│[0m [38;5;208m⏱️  Duration:[0m 0.00s
2026-07-30 13:57:16,000 - __main__ - INFO - [1m│[0m [38;5;208m📊 Output Size:[0m 0 bytes
2026-07-30 13:57:16,000 - __main__ - INFO - [1m│[0m [38;5;129m🔢 Exit Code:[0m 1
2026-07-30 13:57:16,000 - __main__ - INFO - [1m│[0m [38;5;196m📈 Status:[0m FAILED | Cached: Yes
2026-07-30 13:57:16,000 - __main__ - INFO - [38;5;46m[1m╰─────────────────────────────────────────────────────────────────────────────╯[0m
2026-07-30 13:57:16,000 - __main__ - INFO - 🔍 Cache MISS for command: which paramspider
2026-07-30 13:57:16,000 - __main__ - INFO - 🚀 EXECUTING: which paramspider
2026-07-30 13:57:16,000 - __main__ - INFO - ⏱️  TIMEOUT: 300s | PID: Starting...
2026-07-30 13:57:16,001 - __main__ - INFO - 🆔 PROCESS: PID 95745 started
2026-07-30 13:57:16,001 - __main__ - INFO - 🆔 REGISTERED: Process 95745 - which paramspider...
2026-07-30 13:57:16,001 - __main__ - INFO - ⚡ PROGRESS ⠋: [[38;5;196m[38;5;240m░░░░░░░░░░░░░░░░░░░░░░░░░░░░░░[0m] [38;5;160m0.0%[0m Speed: 0 B/s | 0.0s | PID: 95745
2026-07-30 13:57:16,002 - __main__ - INFO - 🧹 CLEANUP: Process 95745 removed from registry
2026-07-30 13:57:16,002 - __main__ - WARNING - ⚠️  WARNING: Command completed with errors | Exit Code: 1 | Duration: 0.00s
2026-07-30 13:57:16,002 - __main__ - INFO - [38;5;46m[1m╭─────────────────────────────────────────────────────────────────────────────╮[0m
2026-07-30 13:57:16,002 - __main__ - INFO - [1m│[0m [38;5;196m📊 FINAL RESULTS ❌[0m
2026-07-30 13:57:16,002 - __main__ - INFO - [1m├─────────────────────────────────────────────────────────────────────────────┤[0m
2026-07-30 13:57:16,002 - __main__ - INFO - [1m│[0m [38;5;51m🚀 Command:[0m which paramspider
2026-07-30 13:57:16,002 - __main__ - INFO - [1m│[0m [38;5;208m⏱️  Duration:[0m 0.00s
2026-07-30 13:57:16,002 - __main__ - INFO - [1m│[0m [38;5;208m📊 Output Size:[0m 0 bytes
2026-07-30 13:57:16,003 - __main__ - INFO - [1m│[0m [38;5;129m🔢 Exit Code:[0m 1
2026-07-30 13:57:16,003 - __main__ - INFO - [1m│[0m [38;5;196m📈 Status:[0m FAILED | Cached: Yes
2026-07-30 13:57:16,003 - __main__ - INFO - [38;5;46m[1m╰─────────────────────────────────────────────────────────────────────────────╯[0m
2026-07-30 13:57:16,003 - __main__ - INFO - 🔍 Cache MISS for command: which x8
2026-07-30 13:57:16,003 - __main__ - INFO - 🚀 EXECUTING: which x8
2026-07-30 13:57:16,003 - __main__ - INFO - ⏱️  TIMEOUT: 300s | PID: Starting...
2026-07-30 13:57:16,021 - __main__ - INFO - 🆔 PROCESS: PID 95750 started
2026-07-30 13:57:16,021 - __main__ - INFO - 🆔 REGISTERED: Process 95750 - which x8...
2026-07-30 13:57:16,022 - __main__ - INFO - ⚡ PROGRESS ⠋: [[38;5;196m[38;5;240m░░░░░░░░░░░░░░░░░░░░░░░░░░░░░░[0m] [38;5;160m0.0%[0m Speed: 0 B/s | 0.0s | PID: 95750
2026-07-30 13:57:16,023 - __main__ - INFO - 🧹 CLEANUP: Process 95750 removed from registry
2026-07-30 13:57:16,023 - __main__ - WARNING - ⚠️  WARNING: Command completed with errors | Exit Code: 1 | Duration: 0.02s
2026-07-30 13:57:16,023 - __main__ - INFO - [38;5;46m[1m╭─────────────────────────────────────────────────────────────────────────────╮[0m
2026-07-30 13:57:16,023 - __main__ - INFO - [1m│[0m [38;5;196m📊 FINAL RESULTS ❌[0m
2026-07-30 13:57:16,023 - __main__ - INFO - [1m├─────────────────────────────────────────────────────────────────────────────┤[0m
2026-07-30 13:57:16,023 - __main__ - INFO - [1m│[0m [38;5;51m🚀 Command:[0m which x8
2026-07-30 13:57:16,023 - __main__ - INFO - [1m│[0m [38;5;208m⏱️  Duration:[0m 0.02s
2026-07-30 13:57:16,023 - __main__ - INFO - [1m│[0m [38;5;208m📊 Output Size:[0m 0 bytes
2026-07-30 13:57:16,024 - __main__ - INFO - [1m│[0m [38;5;129m🔢 Exit Code:[0m 1
2026-07-30 13:57:16,024 - __main__ - INFO - [1m│[0m [38;5;196m📈 Status:[0m FAILED | Cached: Yes
2026-07-30 13:57:16,024 - __main__ - INFO - [38;5;46m[1m╰─────────────────────────────────────────────────────────────────────────────╯[0m
2026-07-30 13:57:16,024 - __main__ - INFO - 🔍 Cache MISS for command: which jaeles
2026-07-30 13:57:16,024 - __main__ - INFO - 🚀 EXECUTING: which jaeles
2026-07-30 13:57:16,024 - __main__ - INFO - ⏱️  TIMEOUT: 300s | PID: Starting...
2026-07-30 13:57:16,024 - __main__ - INFO - 🆔 PROCESS: PID 95755 started
2026-07-30 13:57:16,025 - __main__ - INFO - 🆔 REGISTERED: Process 95755 - which jaeles...
2026-07-30 13:57:16,025 - __main__ - INFO - ⚡ PROGRESS ⠋: [[38;5;196m[38;5;240m░░░░░░░░░░░░░░░░░░░░░░░░░░░░░░[0m] [38;5;160m0.0%[0m Speed: 0 B/s | 0.0s | PID: 95755
2026-07-30 13:57:16,026 - __main__ - INFO - 🧹 CLEANUP: Process 95755 removed from registry
2026-07-30 13:57:16,026 - __main__ - WARNING - ⚠️  WARNING: Command completed with errors | Exit Code: 1 | Duration: 0.00s
2026-07-30 13:57:16,026 - __main__ - INFO - [38;5;46m[1m╭─────────────────────────────────────────────────────────────────────────────╮[0m
2026-07-30 13:57:16,026 - __main__ - INFO - [1m│[0m [38;5;196m📊 FINAL RESULTS ❌[0m
2026-07-30 13:57:16,027 - __main__ - INFO - [1m├─────────────────────────────────────────────────────────────────────────────┤[0m
2026-07-30 13:57:16,027 - __main__ - INFO - [1m│[0m [38;5;51m🚀 Command:[0m which jaeles
2026-07-30 13:57:16,027 - __main__ - INFO - [1m│[0m [38;5;208m⏱️  Duration:[0m 0.00s
2026-07-30 13:57:16,027 - __main__ - INFO - [1m│[0m [38;5;208m📊 Output Size:[0m 0 bytes
2026-07-30 13:57:16,027 - __main__ - INFO - [1m│[0m [38;5;129m🔢 Exit Code:[0m 1
2026-07-30 13:57:16,027 - __main__ - INFO - [1m│[0m [38;5;196m📈 Status:[0m FAILED | Cached: Yes
2026-07-30 13:57:16,027 - __main__ - INFO - [38;5;46m[1m╰─────────────────────────────────────────────────────────────────────────────╯[0m
2026-07-30 13:57:16,027 - __main__ - INFO - 🔍 Cache MISS for command: which dalfox
2026-07-30 13:57:16,027 - __main__ - INFO - 🚀 EXECUTING: which dalfox
2026-07-30 13:57:16,027 - __main__ - INFO - ⏱️  TIMEOUT: 300s | PID: Starting...
2026-07-30 13:57:16,027 - __main__ - INFO - 🆔 PROCESS: PID 95760 started
2026-07-30 13:57:16,027 - __main__ - INFO - 🆔 REGISTERED: Process 95760 - which dalfox...
2026-07-30 13:57:16,028 - __main__ - INFO - ⚡ PROGRESS ⠋: [[38;5;196m[38;5;240m░░░░░░░░░░░░░░░░░░░░░░░░░░░░░░[0m] [38;5;160m0.0%[0m Speed: 0 B/s | 0.0s | PID: 95760
2026-07-30 13:57:16,029 - __main__ - INFO - 🧹 CLEANUP: Process 95760 removed from registry
2026-07-30 13:57:16,029 - __main__ - WARNING - ⚠️  WARNING: Command completed with errors | Exit Code: 1 | Duration: 0.00s
2026-07-30 13:57:16,029 - __main__ - INFO - [38;5;46m[1m╭─────────────────────────────────────────────────────────────────────────────╮[0m
2026-07-30 13:57:16,029 - __main__ - INFO - [1m│[0m [38;5;196m📊 FINAL RESULTS ❌[0m
2026-07-30 13:57:16,029 - __main__ - INFO - [1m├─────────────────────────────────────────────────────────────────────────────┤[0m
2026-07-30 13:57:16,029 - __main__ - INFO - [1m│[0m [38;5;51m🚀 Command:[0m which dalfox
2026-07-30 13:57:16,029 - __main__ - INFO - [1m│[0m [38;5;208m⏱️  Duration:[0m 0.00s
2026-07-30 13:57:16,029 - __main__ - INFO - [1m│[0m [38;5;208m📊 Output Size:[0m 0 bytes
2026-07-30 13:57:16,029 - __main__ - INFO - [1m│[0m [38;5;129m🔢 Exit Code:[0m 1
2026-07-30 13:57:16,029 - __main__ - INFO - [1m│[0m [38;5;196m📈 Status:[0m FAILED | Cached: Yes
2026-07-30 13:57:16,029 - __main__ - INFO - [38;5;46m[1m╰─────────────────────────────────────────────────────────────────────────────╯[0m
2026-07-30 13:57:16,029 - __main__ - INFO - 🔍 Cache MISS for command: which httpx
2026-07-30 13:57:16,029 - __main__ - INFO - 🚀 EXECUTING: which httpx
2026-07-30 13:57:16,029 - __main__ - INFO - ⏱️  TIMEOUT: 300s | PID: Starting...
2026-07-30 13:57:16,030 - __main__ - INFO - 🆔 PROCESS: PID 95765 started
2026-07-30 13:57:16,030 - __main__ - INFO - 🆔 REGISTERED: Process 95765 - which httpx...
2026-07-30 13:57:16,030 - __main__ - INFO - ⚡ PROGRESS ⠋: [[38;5;196m[38;5;240m░░░░░░░░░░░░░░░░░░░░░░░░░░░░░░[0m] [38;5;160m0.0%[0m Speed: 0 B/s | 0.0s | PID: 95765
2026-07-30 13:57:16,031 - __main__ - INFO - 📤 STDOUT: /home/kali/hexstrike-ai/hexstrike-env/bin/httpx
2026-07-30 13:57:16,031 - __main__ - INFO - 🧹 CLEANUP: Process 95765 removed from registry
2026-07-30 13:57:16,032 - __main__ - INFO - ✅ SUCCESS: Command completed | Exit Code: 0 | Duration: 0.00s
2026-07-30 13:57:16,032 - __main__ - INFO - [38;5;46m[1m╭─────────────────────────────────────────────────────────────────────────────╮[0m
2026-07-30 13:57:16,032 - __main__ - INFO - [1m│[0m [38;5;46m📊 FINAL RESULTS ✅[0m
2026-07-30 13:57:16,032 - __main__ - INFO - [1m├─────────────────────────────────────────────────────────────────────────────┤[0m
2026-07-30 13:57:16,032 - __main__ - INFO - [1m│[0m [38;5;51m🚀 Command:[0m which httpx
2026-07-30 13:57:16,032 - __main__ - INFO - [1m│[0m [38;5;208m⏱️  Duration:[0m 0.00s
2026-07-30 13:57:16,032 - __main__ - INFO - [1m│[0m [38;5;208m📊 Output Size:[0m 48 bytes
2026-07-30 13:57:16,032 - __main__ - INFO - [1m│[0m [38;5;129m🔢 Exit Code:[0m 0
2026-07-30 13:57:16,032 - __main__ - INFO - [1m│[0m [38;5;46m📈 Status:[0m SUCCESS | Cached: Yes
2026-07-30 13:57:16,032 - __main__ - INFO - [38;5;46m[1m╰─────────────────────────────────────────────────────────────────────────────╯[0m
2026-07-30 13:57:16,032 - __main__ - INFO - 💾 Cached result for command: which httpx
2026-07-30 13:57:16,032 - __main__ - INFO - 🔍 Cache MISS for command: which wafw00f
2026-07-30 13:57:16,032 - __main__ - INFO - 🚀 EXECUTING: which wafw00f
2026-07-30 13:57:16,032 - __main__ - INFO - ⏱️  TIMEOUT: 300s | PID: Starting...
2026-07-30 13:57:16,033 - __main__ - INFO - 🆔 PROCESS: PID 95770 started
2026-07-30 13:57:16,033 - __main__ - INFO - 🆔 REGISTERED: Process 95770 - which wafw00f...
2026-07-30 13:57:16,033 - __main__ - INFO - ⚡ PROGRESS ⠋: [[38;5;196m[38;5;240m░░░░░░░░░░░░░░░░░░░░░░░░░░░░░░[0m] [38;5;160m0.0%[0m Speed: 0 B/s | 0.0s | PID: 95770
2026-07-30 13:57:16,034 - __main__ - INFO - 📤 STDOUT: /usr/bin/wafw00f
2026-07-30 13:57:16,034 - __main__ - INFO - 🧹 CLEANUP: Process 95770 removed from registry
2026-07-30 13:57:16,034 - __main__ - INFO - ✅ SUCCESS: Command completed | Exit Code: 0 | Duration: 0.00s
2026-07-30 13:57:16,035 - __main__ - INFO - [38;5;46m[1m╭─────────────────────────────────────────────────────────────────────────────╮[0m
2026-07-30 13:57:16,035 - __main__ - INFO - [1m│[0m [38;5;46m📊 FINAL RESULTS ✅[0m
2026-07-30 13:57:16,035 - __main__ - INFO - [1m├─────────────────────────────────────────────────────────────────────────────┤[0m
2026-07-30 13:57:16,035 - __main__ - INFO - [1m│[0m [38;5;51m🚀 Command:[0m which wafw00f
2026-07-30 13:57:16,035 - __main__ - INFO - [1m│[0m [38;5;208m⏱️  Duration:[0m 0.00s
2026-07-30 13:57:16,035 - __main__ - INFO - [1m│[0m [38;5;208m📊 Output Size:[0m 17 bytes
2026-07-30 13:57:16,035 - __main__ - INFO - [1m│[0m [38;5;129m🔢 Exit Code:[0m 0
2026-07-30 13:57:16,035 - __main__ - INFO - [1m│[0m [38;5;46m📈 Status:[0m SUCCESS | Cached: Yes
2026-07-30 13:57:16,035 - __main__ - INFO - [38;5;46m[1m╰─────────────────────────────────────────────────────────────────────────────╯[0m
2026-07-30 13:57:16,035 - __main__ - INFO - 💾 Cached result for command: which wafw00f
2026-07-30 13:57:16,035 - __main__ - INFO - 🔍 Cache MISS for command: which burpsuite
2026-07-30 13:57:16,035 - __main__ - INFO - 🚀 EXECUTING: which burpsuite
2026-07-30 13:57:16,035 - __main__ - INFO - ⏱️  TIMEOUT: 300s | PID: Starting...
2026-07-30 13:57:16,035 - __main__ - INFO - 🆔 PROCESS: PID 95775 started
2026-07-30 13:57:16,035 - __main__ - INFO - 🆔 REGISTERED: Process 95775 - which burpsuite...
2026-07-30 13:57:16,036 - __main__ - INFO - ⚡ PROGRESS ⠋: [[38;5;196m[38;5;240m░░░░░░░░░░░░░░░░░░░░░░░░░░░░░░[0m] [38;5;160m0.0%[0m Speed: 0 B/s | 0.0s | PID: 95775
2026-07-30 13:57:16,036 - __main__ - INFO - 📤 STDOUT: /usr/bin/burpsuite
2026-07-30 13:57:16,037 - __main__ - INFO - 🧹 CLEANUP: Process 95775 removed from registry
2026-07-30 13:57:16,037 - __main__ - INFO - ✅ SUCCESS: Command completed | Exit Code: 0 | Duration: 0.00s
2026-07-30 13:57:16,037 - __main__ - INFO - [38;5;46m[1m╭─────────────────────────────────────────────────────────────────────────────╮[0m
2026-07-30 13:57:16,037 - __main__ - INFO - [1m│[0m [38;5;46m📊 FINAL RESULTS ✅[0m
2026-07-30 13:57:16,037 - __main__ - INFO - [1m├─────────────────────────────────────────────────────────────────────────────┤[0m
2026-07-30 13:57:16,037 - __main__ - INFO - [1m│[0m [38;5;51m🚀 Command:[0m which burpsuite
2026-07-30 13:57:16,037 - __main__ - INFO - [1m│[0m [38;5;208m⏱️  Duration:[0m 0.00s
2026-07-30 13:57:16,037 - __main__ - INFO - [1m│[0m [38;5;208m📊 Output Size:[0m 19 bytes
2026-07-30 13:57:16,037 - __main__ - INFO - [1m│[0m [38;5;129m🔢 Exit Code:[0m 0
2026-07-30 13:57:16,037 - __main__ - INFO - [1m│[0m [38;5;46m📈 Status:[0m SUCCESS | Cached: Yes
2026-07-30 13:57:16,037 - __main__ - INFO - [38;5;46m[1m╰─────────────────────────────────────────────────────────────────────────────╯[0m
2026-07-30 13:57:16,037 - __main__ - INFO - 💾 Cached result for command: which burpsuite
2026-07-30 13:57:16,037 - __main__ - INFO - 🔍 Cache MISS for command: which zaproxy
2026-07-30 13:57:16,037 - __main__ - INFO - 🚀 EXECUTING: which zaproxy
2026-07-30 13:57:16,037 - __main__ - INFO - ⏱️  TIMEOUT: 300s | PID: Starting...
2026-07-30 13:57:16,038 - __main__ - INFO - 🆔 PROCESS: PID 95780 started
2026-07-30 13:57:16,038 - __main__ - INFO - 🆔 REGISTERED: Process 95780 - which zaproxy...
2026-07-30 13:57:16,038 - __main__ - INFO - ⚡ PROGRESS ⠋: [[38;5;196m[38;5;240m░░░░░░░░░░░░░░░░░░░░░░░░░░░░░░[0m] [38;5;160m0.0%[0m Speed: 0 B/s | 0.0s | PID: 95780
2026-07-30 13:57:16,039 - __main__ - INFO - 🧹 CLEANUP: Process 95780 removed from registry
2026-07-30 13:57:16,039 - __main__ - WARNING - ⚠️  WARNING: Command completed with errors | Exit Code: 1 | Duration: 0.00s
2026-07-30 13:57:16,039 - __main__ - INFO - [38;5;46m[1m╭─────────────────────────────────────────────────────────────────────────────╮[0m
2026-07-30 13:57:16,039 - __main__ - INFO - [1m│[0m [38;5;196m📊 FINAL RESULTS ❌[0m
2026-07-30 13:57:16,039 - __main__ - INFO - [1m├─────────────────────────────────────────────────────────────────────────────┤[0m
2026-07-30 13:57:16,039 - __main__ - INFO - [1m│[0m [38;5;51m🚀 Command:[0m which zaproxy
2026-07-30 13:57:16,039 - __main__ - INFO - [1m│[0m [38;5;208m⏱️  Duration:[0m 0.00s
2026-07-30 13:57:16,039 - __main__ - INFO - [1m│[0m [38;5;208m📊 Output Size:[0m 0 bytes
2026-07-30 13:57:16,039 - __main__ - INFO - [1m│[0m [38;5;129m🔢 Exit Code:[0m 1
2026-07-30 13:57:16,039 - __main__ - INFO - [1m│[0m [38;5;196m📈 Status:[0m FAILED | Cached: Yes
2026-07-30 13:57:16,039 - __main__ - INFO - [38;5;46m[1m╰─────────────────────────────────────────────────────────────────────────────╯[0m
2026-07-30 13:57:16,039 - __main__ - INFO - 🔍 Cache MISS for command: which katana
2026-07-30 13:57:16,040 - __main__ - INFO - 🚀 EXECUTING: which katana
2026-07-30 13:57:16,040 - __main__ - INFO - ⏱️  TIMEOUT: 300s | PID: Starting...
2026-07-30 13:57:16,040 - __main__ - INFO - 🆔 PROCESS: PID 95785 started
2026-07-30 13:57:16,040 - __main__ - INFO - 🆔 REGISTERED: Process 95785 - which katana...
2026-07-30 13:57:16,041 - __main__ - INFO - ⚡ PROGRESS ⠋: [[38;5;196m[38;5;240m░░░░░░░░░░░░░░░░░░░░░░░░░░░░░░[0m] [38;5;160m0.0%[0m Speed: 0 B/s | 0.0s | PID: 95785
2026-07-30 13:57:16,042 - __main__ - INFO - 🧹 CLEANUP: Process 95785 removed from registry
2026-07-30 13:57:16,042 - __main__ - WARNING - ⚠️  WARNING: Command completed with errors | Exit Code: 1 | Duration: 0.00s
2026-07-30 13:57:16,042 - __main__ - INFO - [38;5;46m[1m╭─────────────────────────────────────────────────────────────────────────────╮[0m
2026-07-30 13:57:16,042 - __main__ - INFO - [1m│[0m [38;5;196m📊 FINAL RESULTS ❌[0m
2026-07-30 13:57:16,042 - __main__ - INFO - [1m├─────────────────────────────────────────────────────────────────────────────┤[0m
2026-07-30 13:57:16,042 - __main__ - INFO - [1m│[0m [38;5;51m🚀 Command:[0m which katana
2026-07-30 13:57:16,042 - __main__ - INFO - [1m│[0m [38;5;208m⏱️  Duration:[0m 0.00s
2026-07-30 13:57:16,042 - __main__ - INFO - [1m│[0m [38;5;208m📊 Output Size:[0m 0 bytes
2026-07-30 13:57:16,042 - __main__ - INFO - [1m│[0m [38;5;129m🔢 Exit Code:[0m 1
2026-07-30 13:57:16,042 - __main__ - INFO - [1m│[0m [38;5;196m📈 Status:[0m FAILED | Cached: Yes
2026-07-30 13:57:16,042 - __main__ - INFO - [38;5;46m[1m╰─────────────────────────────────────────────────────────────────────────────╯[0m
2026-07-30 13:57:16,042 - __main__ - INFO - 🔍 Cache MISS for command: which hakrawler
2026-07-30 13:57:16,042 - __main__ - INFO - 🚀 EXECUTING: which hakrawler
2026-07-30 13:57:16,042 - __main__ - INFO - ⏱️  TIMEOUT: 300s | PID: Starting...
2026-07-30 13:57:16,043 - __main__ - INFO - 🆔 PROCESS: PID 95790 started
2026-07-30 13:57:16,043 - __main__ - INFO - 🆔 REGISTERED: Process 95790 - which hakrawler...
2026-07-30 13:57:16,043 - __main__ - INFO - ⚡ PROGRESS ⠋: [[38;5;196m[38;5;240m░░░░░░░░░░░░░░░░░░░░░░░░░░░░░░[0m] [38;5;160m0.0%[0m Speed: 0 B/s | 0.0s | PID: 95790
2026-07-30 13:57:16,045 - __main__ - INFO - 🧹 CLEANUP: Process 95790 removed from registry
2026-07-30 13:57:16,045 - __main__ - WARNING - ⚠️  WARNING: Command completed with errors | Exit Code: 1 | Duration: 0.00s
2026-07-30 13:57:16,045 - __main__ - INFO - [38;5;46m[1m╭─────────────────────────────────────────────────────────────────────────────╮[0m
2026-07-30 13:57:16,045 - __main__ - INFO - [1m│[0m [38;5;196m📊 FINAL RESULTS ❌[0m
2026-07-30 13:57:16,045 - __main__ - INFO - [1m├─────────────────────────────────────────────────────────────────────────────┤[0m
2026-07-30 13:57:16,045 - __main__ - INFO - [1m│[0m [38;5;51m🚀 Command:[0m which hakrawler
2026-07-30 13:57:16,045 - __main__ - INFO - [1m│[0m [38;5;208m⏱️  Duration:[0m 0.00s
2026-07-30 13:57:16,045 - __main__ - INFO - [1m│[0m [38;5;208m📊 Output Size:[0m 0 bytes
2026-07-30 13:57:16,045 - __main__ - INFO - [1m│[0m [38;5;129m🔢 Exit Code:[0m 1
2026-07-30 13:57:16,045 - __main__ - INFO - [1m│[0m [38;5;196m📈 Status:[0m FAILED | Cached: Yes
2026-07-30 13:57:16,046 - __main__ - INFO - [38;5;46m[1m╰─────────────────────────────────────────────────────────────────────────────╯[0m
2026-07-30 13:57:16,046 - __main__ - INFO - 🔍 Cache MISS for command: which nuclei
2026-07-30 13:57:16,046 - __main__ - INFO - 🚀 EXECUTING: which nuclei
2026-07-30 13:57:16,046 - __main__ - INFO - ⏱️  TIMEOUT: 300s | PID: Starting...
2026-07-30 13:57:16,046 - __main__ - INFO - 🆔 PROCESS: PID 95795 started
2026-07-30 13:57:16,046 - __main__ - INFO - 🆔 REGISTERED: Process 95795 - which nuclei...
2026-07-30 13:57:16,047 - __main__ - INFO - ⚡ PROGRESS ⠋: [[38;5;196m[38;5;240m░░░░░░░░░░░░░░░░░░░░░░░░░░░░░░[0m] [38;5;160m0.0%[0m Speed: 0 B/s | 0.0s | PID: 95795
2026-07-30 13:57:16,047 - __main__ - INFO - 📤 STDOUT: /usr/bin/nuclei
2026-07-30 13:57:16,048 - __main__ - INFO - 🧹 CLEANUP: Process 95795 removed from registry
2026-07-30 13:57:16,048 - __main__ - INFO - ✅ SUCCESS: Command completed | Exit Code: 0 | Duration: 0.00s
2026-07-30 13:57:16,048 - __main__ - INFO - [38;5;46m[1m╭─────────────────────────────────────────────────────────────────────────────╮[0m
2026-07-30 13:57:16,048 - __main__ - INFO - [1m│[0m [38;5;46m📊 FINAL RESULTS ✅[0m
2026-07-30 13:57:16,048 - __main__ - INFO - [1m├─────────────────────────────────────────────────────────────────────────────┤[0m
2026-07-30 13:57:16,048 - __main__ - INFO - [1m│[0m [38;5;51m🚀 Command:[0m which nuclei
2026-07-30 13:57:16,048 - __main__ - INFO - [1m│[0m [38;5;208m⏱️  Duration:[0m 0.00s
2026-07-30 13:57:16,048 - __main__ - INFO - [1m│[0m [38;5;208m📊 Output Size:[0m 16 bytes
2026-07-30 13:57:16,048 - __main__ - INFO - [1m│[0m [38;5;129m🔢 Exit Code:[0m 0
2026-07-30 13:57:16,048 - __main__ - INFO - [1m│[0m [38;5;46m📈 Status:[0m SUCCESS | Cached: Yes
2026-07-30 13:57:16,048 - __main__ - INFO - [38;5;46m[1m╰─────────────────────────────────────────────────────────────────────────────╯[0m
2026-07-30 13:57:16,049 - __main__ - INFO - 💾 Cached result for command: which nuclei
2026-07-30 13:57:16,049 - __main__ - INFO - 🔍 Cache MISS for command: which wpscan
2026-07-30 13:57:16,049 - __main__ - INFO - 🚀 EXECUTING: which wpscan
2026-07-30 13:57:16,049 - __main__ - INFO - ⏱️  TIMEOUT: 300s | PID: Starting...
2026-07-30 13:57:16,049 - __main__ - INFO - 🆔 PROCESS: PID 95800 started
2026-07-30 13:57:16,049 - __main__ - INFO - 🆔 REGISTERED: Process 95800 - which wpscan...
2026-07-30 13:57:16,049 - __main__ - INFO - ⚡ PROGRESS ⠋: [[38;5;196m[38;5;240m░░░░░░░░░░░░░░░░░░░░░░░░░░░░░░[0m] [38;5;160m0.0%[0m Speed: 0 B/s | 0.0s | PID: 95800
2026-07-30 13:57:16,050 - __main__ - INFO - 📤 STDOUT: /usr/bin/wpscan
2026-07-30 13:57:16,051 - __main__ - INFO - 🧹 CLEANUP: Process 95800 removed from registry
2026-07-30 13:57:16,051 - __main__ - INFO - ✅ SUCCESS: Command completed | Exit Code: 0 | Duration: 0.00s
2026-07-30 13:57:16,051 - __main__ - INFO - [38;5;46m[1m╭─────────────────────────────────────────────────────────────────────────────╮[0m
2026-07-30 13:57:16,051 - __main__ - INFO - [1m│[0m [38;5;46m📊 FINAL RESULTS ✅[0m
2026-07-30 13:57:16,051 - __main__ - INFO - [1m├─────────────────────────────────────────────────────────────────────────────┤[0m
2026-07-30 13:57:16,051 - __main__ - INFO - [1m│[0m [38;5;51m🚀 Command:[0m which wpscan
2026-07-30 13:57:16,051 - __main__ - INFO - [1m│[0m [38;5;208m⏱️  Duration:[0m 0.00s
2026-07-30 13:57:16,051 - __main__ - INFO - [1m│[0m [38;5;208m📊 Output Size:[0m 16 bytes
2026-07-30 13:57:16,051 - __main__ - INFO - [1m│[0m [38;5;129m🔢 Exit Code:[0m 0
2026-07-30 13:57:16,051 - __main__ - INFO - [1m│[0m [38;5;46m📈 Status:[0m SUCCESS | Cached: Yes
2026-07-30 13:57:16,051 - __main__ - INFO - [38;5;46m[1m╰─────────────────────────────────────────────────────────────────────────────╯[0m
2026-07-30 13:57:16,051 - __main__ - INFO - 💾 Cached result for command: which wpscan
2026-07-30 13:57:16,051 - __main__ - INFO - 🔍 Cache MISS for command: which graphql-scanner
2026-07-30 13:57:16,051 - __main__ - INFO - 🚀 EXECUTING: which graphql-scanner
2026-07-30 13:57:16,051 - __main__ - INFO - ⏱️  TIMEOUT: 300s | PID: Starting...
2026-07-30 13:57:16,052 - __main__ - INFO - 🆔 PROCESS: PID 95805 started
2026-07-30 13:57:16,052 - __main__ - INFO - 🆔 REGISTERED: Process 95805 - which graphql-scanner...
2026-07-30 13:57:16,052 - __main__ - INFO - ⚡ PROGRESS ⠋: [[38;5;196m[38;5;240m░░░░░░░░░░░░░░░░░░░░░░░░░░░░░░[0m] [38;5;160m0.0%[0m Speed: 0 B/s | 0.0s | PID: 95805
2026-07-30 13:57:16,054 - __main__ - INFO - 🧹 CLEANUP: Process 95805 removed from registry
2026-07-30 13:57:16,054 - __main__ - WARNING - ⚠️  WARNING: Command completed with errors | Exit Code: 1 | Duration: 0.00s
2026-07-30 13:57:16,054 - __main__ - INFO - [38;5;46m[1m╭─────────────────────────────────────────────────────────────────────────────╮[0m
2026-07-30 13:57:16,054 - __main__ - INFO - [1m│[0m [38;5;196m📊 FINAL RESULTS ❌[0m
2026-07-30 13:57:16,054 - __main__ - INFO - [1m├─────────────────────────────────────────────────────────────────────────────┤[0m
2026-07-30 13:57:16,054 - __main__ - INFO - [1m│[0m [38;5;51m🚀 Command:[0m which graphql-scanner
2026-07-30 13:57:16,054 - __main__ - INFO - [1m│[0m [38;5;208m⏱️  Duration:[0m 0.00s
2026-07-30 13:57:16,054 - __main__ - INFO - [1m│[0m [38;5;208m📊 Output Size:[0m 0 bytes
2026-07-30 13:57:16,054 - __main__ - INFO - [1m│[0m [38;5;129m🔢 Exit Code:[0m 1
2026-07-30 13:57:16,054 - __main__ - INFO - [1m│[0m [38;5;196m📈 Status:[0m FAILED | Cached: Yes
2026-07-30 13:57:16,054 - __main__ - INFO - [38;5;46m[1m╰─────────────────────────────────────────────────────────────────────────────╯[0m
2026-07-30 13:57:16,054 - __main__ - INFO - 🔍 Cache MISS for command: which jwt-analyzer
2026-07-30 13:57:16,054 - __main__ - INFO - 🚀 EXECUTING: which jwt-analyzer
2026-07-30 13:57:16,054 - __main__ - INFO - ⏱️  TIMEOUT: 300s | PID: Starting...
2026-07-30 13:57:16,054 - __main__ - INFO - 🆔 PROCESS: PID 95810 started
2026-07-30 13:57:16,054 - __main__ - INFO - 🆔 REGISTERED: Process 95810 - which jwt-analyzer...
2026-07-30 13:57:16,055 - __main__ - INFO - ⚡ PROGRESS ⠋: [[38;5;196m[38;5;240m░░░░░░░░░░░░░░░░░░░░░░░░░░░░░░[0m] [38;5;160m0.0%[0m Speed: 0 B/s | 0.0s | PID: 95810
2026-07-30 13:57:16,056 - __main__ - INFO - 🧹 CLEANUP: Process 95810 removed from registry
2026-07-30 13:57:16,056 - __main__ - WARNING - ⚠️  WARNING: Command completed with errors | Exit Code: 1 | Duration: 0.00s
2026-07-30 13:57:16,056 - __main__ - INFO - [38;5;46m[1m╭─────────────────────────────────────────────────────────────────────────────╮[0m
2026-07-30 13:57:16,056 - __main__ - INFO - [1m│[0m [38;5;196m📊 FINAL RESULTS ❌[0m
2026-07-30 13:57:16,056 - __main__ - INFO - [1m├─────────────────────────────────────────────────────────────────────────────┤[0m
2026-07-30 13:57:16,056 - __main__ - INFO - [1m│[0m [38;5;51m🚀 Command:[0m which jwt-analyzer
2026-07-30 13:57:16,056 - __main__ - INFO - [1m│[0m [38;5;208m⏱️  Duration:[0m 0.00s
2026-07-30 13:57:16,056 - __main__ - INFO - [1m│[0m [38;5;208m📊 Output Size:[0m 0 bytes
2026-07-30 13:57:16,056 - __main__ - INFO - [1m│[0m [38;5;129m🔢 Exit Code:[0m 1
2026-07-30 13:57:16,056 - __main__ - INFO - [1m│[0m [38;5;196m📈 Status:[0m FAILED | Cached: Yes
2026-07-30 13:57:16,056 - __main__ - INFO - [38;5;46m[1m╰─────────────────────────────────────────────────────────────────────────────╯[0m
2026-07-30 13:57:16,056 - __main__ - INFO - 🔍 Cache MISS for command: which medusa
2026-07-30 13:57:16,056 - __main__ - INFO - 🚀 EXECUTING: which medusa
2026-07-30 13:57:16,056 - __main__ - INFO - ⏱️  TIMEOUT: 300s | PID: Starting...
2026-07-30 13:57:16,057 - __main__ - INFO - 🆔 PROCESS: PID 95815 started
2026-07-30 13:57:16,057 - __main__ - INFO - 🆔 REGISTERED: Process 95815 - which medusa...
2026-07-30 13:57:16,057 - __main__ - INFO - ⚡ PROGRESS ⠋: [[38;5;196m[38;5;240m░░░░░░░░░░░░░░░░░░░░░░░░░░░░░░[0m] [38;5;160m0.0%[0m Speed: 0 B/s | 0.0s | PID: 95815
2026-07-30 13:57:16,058 - __main__ - INFO - 📤 STDOUT: /usr/bin/medusa
2026-07-30 13:57:16,059 - __main__ - INFO - 🧹 CLEANUP: Process 95815 removed from registry
2026-07-30 13:57:16,059 - __main__ - INFO - ✅ SUCCESS: Command completed | Exit Code: 0 | Duration: 0.00s
2026-07-30 13:57:16,059 - __main__ - INFO - [38;5;46m[1m╭─────────────────────────────────────────────────────────────────────────────╮[0m
2026-07-30 13:57:16,059 - __main__ - INFO - [1m│[0m [38;5;46m📊 FINAL RESULTS ✅[0m
2026-07-30 13:57:16,059 - __main__ - INFO - [1m├─────────────────────────────────────────────────────────────────────────────┤[0m
2026-07-30 13:57:16,059 - __main__ - INFO - [1m│[0m [38;5;51m🚀 Command:[0m which medusa
2026-07-30 13:57:16,059 - __main__ - INFO - [1m│[0m [38;5;208m⏱️  Duration:[0m 0.00s
2026-07-30 13:57:16,059 - __main__ - INFO - [1m│[0m [38;5;208m📊 Output Size:[0m 16 bytes
2026-07-30 13:57:16,059 - __main__ - INFO - [1m│[0m [38;5;129m🔢 Exit Code:[0m 0
2026-07-30 13:57:16,059 - __main__ - INFO - [1m│[0m [38;5;46m📈 Status:[0m SUCCESS | Cached: Yes
2026-07-30 13:57:16,059 - __main__ - INFO - [38;5;46m[1m╰─────────────────────────────────────────────────────────────────────────────╯[0m
2026-07-30 13:57:16,059 - __main__ - INFO - 💾 Cached result for command: which medusa
2026-07-30 13:57:16,059 - __main__ - INFO - 🔍 Cache MISS for command: which patator
2026-07-30 13:57:16,059 - __main__ - INFO - 🚀 EXECUTING: which patator
2026-07-30 13:57:16,059 - __main__ - INFO - ⏱️  TIMEOUT: 300s | PID: Starting...
2026-07-30 13:57:16,059 - __main__ - INFO - 🆔 PROCESS: PID 95820 started
2026-07-30 13:57:16,059 - __main__ - INFO - 🆔 REGISTERED: Process 95820 - which patator...
2026-07-30 13:57:16,060 - __main__ - INFO - ⚡ PROGRESS ⠋: [[38;5;196m[38;5;240m░░░░░░░░░░░░░░░░░░░░░░░░░░░░░░[0m] [38;5;160m0.0%[0m Speed: 0 B/s | 0.0s | PID: 95820
2026-07-30 13:57:16,060 - __main__ - INFO - 📤 STDOUT: /usr/bin/patator
2026-07-30 13:57:16,061 - __main__ - INFO - 🧹 CLEANUP: Process 95820 removed from registry
2026-07-30 13:57:16,061 - __main__ - INFO - ✅ SUCCESS: Command completed | Exit Code: 0 | Duration: 0.00s
2026-07-30 13:57:16,061 - __main__ - INFO - [38;5;46m[1m╭─────────────────────────────────────────────────────────────────────────────╮[0m
2026-07-30 13:57:16,061 - __main__ - INFO - [1m│[0m [38;5;46m📊 FINAL RESULTS ✅[0m
2026-07-30 13:57:16,061 - __main__ - INFO - [1m├─────────────────────────────────────────────────────────────────────────────┤[0m
2026-07-30 13:57:16,061 - __main__ - INFO - [1m│[0m [38;5;51m🚀 Command:[0m which patator
2026-07-30 13:57:16,061 - __main__ - INFO - [1m│[0m [38;5;208m⏱️  Duration:[0m 0.00s
2026-07-30 13:57:16,061 - __main__ - INFO - [1m│[0m [38;5;208m📊 Output Size:[0m 17 bytes
2026-07-30 13:57:16,061 - __main__ - INFO - [1m│[0m [38;5;129m🔢 Exit Code:[0m 0
2026-07-30 13:57:16,061 - __main__ - INFO - [1m│[0m [38;5;46m📈 Status:[0m SUCCESS | Cached: Yes
2026-07-30 13:57:16,061 - __main__ - INFO - [38;5;46m[1m╰─────────────────────────────────────────────────────────────────────────────╯[0m
2026-07-30 13:57:16,061 - __main__ - INFO - 💾 Cached result for command: which patator
2026-07-30 13:57:16,061 - __main__ - INFO - 🔍 Cache MISS for command: which hash-identifier
2026-07-30 13:57:16,061 - __main__ - INFO - 🚀 EXECUTING: which hash-identifier
2026-07-30 13:57:16,061 - __main__ - INFO - ⏱️  TIMEOUT: 300s | PID: Starting...
2026-07-30 13:57:16,062 - __main__ - INFO - 🆔 PROCESS: PID 95825 started
2026-07-30 13:57:16,062 - __main__ - INFO - 🆔 REGISTERED: Process 95825 - which hash-identifier...
2026-07-30 13:57:16,062 - __main__ - INFO - ⚡ PROGRESS ⠋: [[38;5;196m[38;5;240m░░░░░░░░░░░░░░░░░░░░░░░░░░░░░░[0m] [38;5;160m0.0%[0m Speed: 0 B/s | 0.0s | PID: 95825
2026-07-30 13:57:16,062 - __main__ - INFO - 📤 STDOUT: /usr/bin/hash-identifier
2026-07-30 13:57:16,063 - __main__ - INFO - 🧹 CLEANUP: Process 95825 removed from registry
2026-07-30 13:57:16,063 - __main__ - INFO - ✅ SUCCESS: Command completed | Exit Code: 0 | Duration: 0.00s
2026-07-30 13:57:16,064 - __main__ - INFO - [38;5;46m[1m╭─────────────────────────────────────────────────────────────────────────────╮[0m
2026-07-30 13:57:16,064 - __main__ - INFO - [1m│[0m [38;5;46m📊 FINAL RESULTS ✅[0m
2026-07-30 13:57:16,064 - __main__ - INFO - [1m├─────────────────────────────────────────────────────────────────────────────┤[0m
2026-07-30 13:57:16,064 - __main__ - INFO - [1m│[0m [38;5;51m🚀 Command:[0m which hash-identifier
2026-07-30 13:57:16,064 - __main__ - INFO - [1m│[0m [38;5;208m⏱️  Duration:[0m 0.00s
2026-07-30 13:57:16,064 - __main__ - INFO - [1m│[0m [38;5;208m📊 Output Size:[0m 25 bytes
2026-07-30 13:57:16,064 - __main__ - INFO - [1m│[0m [38;5;129m🔢 Exit Code:[0m 0
2026-07-30 13:57:16,064 - __main__ - INFO - [1m│[0m [38;5;46m📈 Status:[0m SUCCESS | Cached: Yes
2026-07-30 13:57:16,064 - __main__ - INFO - [38;5;46m[1m╰─────────────────────────────────────────────────────────────────────────────╯[0m
2026-07-30 13:57:16,064 - __main__ - INFO - 💾 Cached result for command: which hash-identifier
2026-07-30 13:57:16,064 - __main__ - INFO - 🔍 Cache MISS for command: which ophcrack
2026-07-30 13:57:16,064 - __main__ - INFO - 🚀 EXECUTING: which ophcrack
2026-07-30 13:57:16,064 - __main__ - INFO - ⏱️  TIMEOUT: 300s | PID: Starting...
2026-07-30 13:57:16,064 - __main__ - INFO - 🆔 PROCESS: PID 95830 started
2026-07-30 13:57:16,064 - __main__ - INFO - 🆔 REGISTERED: Process 95830 - which ophcrack...
2026-07-30 13:57:16,065 - __main__ - INFO - ⚡ PROGRESS ⠋: [[38;5;196m[38;5;240m░░░░░░░░░░░░░░░░░░░░░░░░░░░░░░[0m] [38;5;160m0.0%[0m Speed: 0 B/s | 0.0s | PID: 95830
2026-07-30 13:57:16,065 - __main__ - INFO - 📤 STDOUT: /usr/bin/ophcrack
2026-07-30 13:57:16,066 - __main__ - INFO - 🧹 CLEANUP: Process 95830 removed from registry
2026-07-30 13:57:16,066 - __main__ - INFO - ✅ SUCCESS: Command completed | Exit Code: 0 | Duration: 0.00s
2026-07-30 13:57:16,066 - __main__ - INFO - [38;5;46m[1m╭─────────────────────────────────────────────────────────────────────────────╮[0m
2026-07-30 13:57:16,066 - __main__ - INFO - [1m│[0m [38;5;46m📊 FINAL RESULTS ✅[0m
2026-07-30 13:57:16,066 - __main__ - INFO - [1m├─────────────────────────────────────────────────────────────────────────────┤[0m
2026-07-30 13:57:16,066 - __main__ - INFO - [1m│[0m [38;5;51m🚀 Command:[0m which ophcrack
2026-07-30 13:57:16,066 - __main__ - INFO - [1m│[0m [38;5;208m⏱️  Duration:[0m 0.00s
2026-07-30 13:57:16,066 - __main__ - INFO - [1m│[0m [38;5;208m📊 Output Size:[0m 18 bytes
2026-07-30 13:57:16,066 - __main__ - INFO - [1m│[0m [38;5;129m🔢 Exit Code:[0m 0
2026-07-30 13:57:16,066 - __main__ - INFO - [1m│[0m [38;5;46m📈 Status:[0m SUCCESS | Cached: Yes
2026-07-30 13:57:16,066 - __main__ - INFO - [38;5;46m[1m╰─────────────────────────────────────────────────────────────────────────────╯[0m
2026-07-30 13:57:16,066 - __main__ - INFO - 💾 Cached result for command: which ophcrack
2026-07-30 13:57:16,066 - __main__ - INFO - 🔍 Cache MISS for command: which hashcat-utils
2026-07-30 13:57:16,066 - __main__ - INFO - 🚀 EXECUTING: which hashcat-utils
2026-07-30 13:57:16,066 - __main__ - INFO - ⏱️  TIMEOUT: 300s | PID: Starting...
2026-07-30 13:57:16,066 - __main__ - INFO - 🆔 PROCESS: PID 95835 started
2026-07-30 13:57:16,067 - __main__ - INFO - 🆔 REGISTERED: Process 95835 - which hashcat-utils...
2026-07-30 13:57:16,067 - __main__ - INFO - ⚡ PROGRESS ⠋: [[38;5;196m[38;5;240m░░░░░░░░░░░░░░░░░░░░░░░░░░░░░░[0m] [38;5;160m0.0%[0m Speed: 0 B/s | 0.0s | PID: 95835
2026-07-30 13:57:16,068 - __main__ - INFO - 🧹 CLEANUP: Process 95835 removed from registry
2026-07-30 13:57:16,068 - __main__ - WARNING - ⚠️  WARNING: Command completed with errors | Exit Code: 1 | Duration: 0.00s
2026-07-30 13:57:16,068 - __main__ - INFO - [38;5;46m[1m╭─────────────────────────────────────────────────────────────────────────────╮[0m
2026-07-30 13:57:16,068 - __main__ - INFO - [1m│[0m [38;5;196m📊 FINAL RESULTS ❌[0m
2026-07-30 13:57:16,068 - __main__ - INFO - [1m├─────────────────────────────────────────────────────────────────────────────┤[0m
2026-07-30 13:57:16,068 - __main__ - INFO - [1m│[0m [38;5;51m🚀 Command:[0m which hashcat-utils
2026-07-30 13:57:16,068 - __main__ - INFO - [1m│[0m [38;5;208m⏱️  Duration:[0m 0.00s
2026-07-30 13:57:16,068 - __main__ - INFO - [1m│[0m [38;5;208m📊 Output Size:[0m 0 bytes
2026-07-30 13:57:16,068 - __main__ - INFO - [1m│[0m [38;5;129m🔢 Exit Code:[0m 1
2026-07-30 13:57:16,069 - __main__ - INFO - [1m│[0m [38;5;196m📈 Status:[0m FAILED | Cached: Yes
2026-07-30 13:57:16,069 - __main__ - INFO - [38;5;46m[1m╰─────────────────────────────────────────────────────────────────────────────╯[0m
2026-07-30 13:57:16,069 - __main__ - INFO - 🔍 Cache MISS for command: which gdb
2026-07-30 13:57:16,069 - __main__ - INFO - 🚀 EXECUTING: which gdb
2026-07-30 13:57:16,069 - __main__ - INFO - ⏱️  TIMEOUT: 300s | PID: Starting...
2026-07-30 13:57:16,069 - __main__ - INFO - 🆔 PROCESS: PID 95840 started
2026-07-30 13:57:16,069 - __main__ - INFO - 🆔 REGISTERED: Process 95840 - which gdb...
2026-07-30 13:57:16,069 - __main__ - INFO - ⚡ PROGRESS ⠋: [[38;5;196m[38;5;240m░░░░░░░░░░░░░░░░░░░░░░░░░░░░░░[0m] [38;5;160m0.0%[0m Speed: 0 B/s | 0.0s | PID: 95840
2026-07-30 13:57:16,070 - __main__ - INFO - 🧹 CLEANUP: Process 95840 removed from registry
2026-07-30 13:57:16,071 - __main__ - WARNING - ⚠️  WARNING: Command completed with errors | Exit Code: 1 | Duration: 0.00s
2026-07-30 13:57:16,071 - __main__ - INFO - [38;5;46m[1m╭─────────────────────────────────────────────────────────────────────────────╮[0m
2026-07-30 13:57:16,071 - __main__ - INFO - [1m│[0m [38;5;196m📊 FINAL RESULTS ❌[0m
2026-07-30 13:57:16,071 - __main__ - INFO - [1m├─────────────────────────────────────────────────────────────────────────────┤[0m
2026-07-30 13:57:16,071 - __main__ - INFO - [1m│[0m [38;5;51m🚀 Command:[0m which gdb
2026-07-30 13:57:16,071 - __main__ - INFO - [1m│[0m [38;5;208m⏱️  Duration:[0m 0.00s
2026-07-30 13:57:16,071 - __main__ - INFO - [1m│[0m [38;5;208m📊 Output Size:[0m 0 bytes
2026-07-30 13:57:16,071 - __main__ - INFO - [1m│[0m [38;5;129m🔢 Exit Code:[0m 1
2026-07-30 13:57:16,071 - __main__ - INFO - [1m│[0m [38;5;196m📈 Status:[0m FAILED | Cached: Yes
2026-07-30 13:57:16,071 - __main__ - INFO - [38;5;46m[1m╰─────────────────────────────────────────────────────────────────────────────╯[0m
2026-07-30 13:57:16,071 - __main__ - INFO - 🔍 Cache MISS for command: which radare2
2026-07-30 13:57:16,071 - __main__ - INFO - 🚀 EXECUTING: which radare2
2026-07-30 13:57:16,071 - __main__ - INFO - ⏱️  TIMEOUT: 300s | PID: Starting...
2026-07-30 13:57:16,071 - __main__ - INFO - 🆔 PROCESS: PID 95845 started
2026-07-30 13:57:16,071 - __main__ - INFO - 🆔 REGISTERED: Process 95845 - which radare2...
2026-07-30 13:57:16,072 - __main__ - INFO - ⚡ PROGRESS ⠋: [[38;5;196m[38;5;240m░░░░░░░░░░░░░░░░░░░░░░░░░░░░░░[0m] [38;5;160m0.0%[0m Speed: 0 B/s | 0.0s | PID: 95845
2026-07-30 13:57:16,072 - __main__ - INFO - 📤 STDOUT: /usr/bin/radare2
2026-07-30 13:57:16,073 - __main__ - INFO - 🧹 CLEANUP: Process 95845 removed from registry
2026-07-30 13:57:16,073 - __main__ - INFO - ✅ SUCCESS: Command completed | Exit Code: 0 | Duration: 0.00s
2026-07-30 13:57:16,073 - __main__ - INFO - [38;5;46m[1m╭─────────────────────────────────────────────────────────────────────────────╮[0m
2026-07-30 13:57:16,073 - __main__ - INFO - [1m│[0m [38;5;46m📊 FINAL RESULTS ✅[0m
2026-07-30 13:57:16,073 - __main__ - INFO - [1m├─────────────────────────────────────────────────────────────────────────────┤[0m
2026-07-30 13:57:16,073 - __main__ - INFO - [1m│[0m [38;5;51m🚀 Command:[0m which radare2
2026-07-30 13:57:16,073 - __main__ - INFO - [1m│[0m [38;5;208m⏱️  Duration:[0m 0.00s
2026-07-30 13:57:16,073 - __main__ - INFO - [1m│[0m [38;5;208m📊 Output Size:[0m 17 bytes
2026-07-30 13:57:16,073 - __main__ - INFO - [1m│[0m [38;5;129m🔢 Exit Code:[0m 0
2026-07-30 13:57:16,073 - __main__ - INFO - [1m│[0m [38;5;46m📈 Status:[0m SUCCESS | Cached: Yes
2026-07-30 13:57:16,073 - __main__ - INFO - [38;5;46m[1m╰─────────────────────────────────────────────────────────────────────────────╯[0m
2026-07-30 13:57:16,073 - __main__ - INFO - 💾 Cached result for command: which radare2
2026-07-30 13:57:16,073 - __main__ - INFO - 🔍 Cache MISS for command: which binwalk
2026-07-30 13:57:16,073 - __main__ - INFO - 🚀 EXECUTING: which binwalk
2026-07-30 13:57:16,073 - __main__ - INFO - ⏱️  TIMEOUT: 300s | PID: Starting...
2026-07-30 13:57:16,074 - __main__ - INFO - 🆔 PROCESS: PID 95850 started
2026-07-30 13:57:16,074 - __main__ - INFO - 🆔 REGISTERED: Process 95850 - which binwalk...
2026-07-30 13:57:16,074 - __main__ - INFO - ⚡ PROGRESS ⠋: [[38;5;196m[38;5;240m░░░░░░░░░░░░░░░░░░░░░░░░░░░░░░[0m] [38;5;160m0.0%[0m Speed: 0 B/s | 0.0s | PID: 95850
2026-07-30 13:57:16,075 - __main__ - INFO - 📤 STDOUT: /usr/bin/binwalk
2026-07-30 13:57:16,076 - __main__ - INFO - 🧹 CLEANUP: Process 95850 removed from registry
2026-07-30 13:57:16,076 - __main__ - INFO - ✅ SUCCESS: Command completed | Exit Code: 0 | Duration: 0.00s
2026-07-30 13:57:16,076 - __main__ - INFO - [38;5;46m[1m╭─────────────────────────────────────────────────────────────────────────────╮[0m
2026-07-30 13:57:16,076 - __main__ - INFO - [1m│[0m [38;5;46m📊 FINAL RESULTS ✅[0m
2026-07-30 13:57:16,076 - __main__ - INFO - [1m├─────────────────────────────────────────────────────────────────────────────┤[0m
2026-07-30 13:57:16,076 - __main__ - INFO - [1m│[0m [38;5;51m🚀 Command:[0m which binwalk
2026-07-30 13:57:16,076 - __main__ - INFO - [1m│[0m [38;5;208m⏱️  Duration:[0m 0.00s
2026-07-30 13:57:16,076 - __main__ - INFO - [1m│[0m [38;5;208m📊 Output Size:[0m 17 bytes
2026-07-30 13:57:16,076 - __main__ - INFO - [1m│[0m [38;5;129m🔢 Exit Code:[0m 0
2026-07-30 13:57:16,076 - __main__ - INFO - [1m│[0m [38;5;46m📈 Status:[0m SUCCESS | Cached: Yes
2026-07-30 13:57:16,076 - __main__ - INFO - [38;5;46m[1m╰─────────────────────────────────────────────────────────────────────────────╯[0m
2026-07-30 13:57:16,076 - __main__ - INFO - 💾 Cached result for command: which binwalk
2026-07-30 13:57:16,076 - __main__ - INFO - 🔍 Cache MISS for command: which ropgadget
2026-07-30 13:57:16,077 - __main__ - INFO - 🚀 EXECUTING: which ropgadget
2026-07-30 13:57:16,077 - __main__ - INFO - ⏱️  TIMEOUT: 300s | PID: Starting...
2026-07-30 13:57:16,077 - __main__ - INFO - 🆔 PROCESS: PID 95855 started
2026-07-30 13:57:16,077 - __main__ - INFO - 🆔 REGISTERED: Process 95855 - which ropgadget...
2026-07-30 13:57:16,078 - __main__ - INFO - ⚡ PROGRESS ⠋: [[38;5;196m[38;5;240m░░░░░░░░░░░░░░░░░░░░░░░░░░░░░░[0m] [38;5;160m0.0%[0m Speed: 0 B/s | 0.0s | PID: 95855
2026-07-30 13:57:16,079 - __main__ - INFO - 🧹 CLEANUP: Process 95855 removed from registry
2026-07-30 13:57:16,079 - __main__ - WARNING - ⚠️  WARNING: Command completed with errors | Exit Code: 1 | Duration: 0.00s
2026-07-30 13:57:16,079 - __main__ - INFO - [38;5;46m[1m╭─────────────────────────────────────────────────────────────────────────────╮[0m
2026-07-30 13:57:16,079 - __main__ - INFO - [1m│[0m [38;5;196m📊 FINAL RESULTS ❌[0m
2026-07-30 13:57:16,079 - __main__ - INFO - [1m├─────────────────────────────────────────────────────────────────────────────┤[0m
2026-07-30 13:57:16,079 - __main__ - INFO - [1m│[0m [38;5;51m🚀 Command:[0m which ropgadget
2026-07-30 13:57:16,079 - __main__ - INFO - [1m│[0m [38;5;208m⏱️  Duration:[0m 0.00s
2026-07-30 13:57:16,079 - __main__ - INFO - [1m│[0m [38;5;208m📊 Output Size:[0m 0 bytes
2026-07-30 13:57:16,079 - __main__ - INFO - [1m│[0m [38;5;129m🔢 Exit Code:[0m 1
2026-07-30 13:57:16,079 - __main__ - INFO - [1m│[0m [38;5;196m📈 Status:[0m FAILED | Cached: Yes
2026-07-30 13:57:16,079 - __main__ - INFO - [38;5;46m[1m╰─────────────────────────────────────────────────────────────────────────────╯[0m
2026-07-30 13:57:16,079 - __main__ - INFO - 🔍 Cache MISS for command: which checksec
2026-07-30 13:57:16,079 - __main__ - INFO - 🚀 EXECUTING: which checksec
2026-07-30 13:57:16,079 - __main__ - INFO - ⏱️  TIMEOUT: 300s | PID: Starting...
2026-07-30 13:57:16,080 - __main__ - INFO - 🆔 PROCESS: PID 95860 started
2026-07-30 13:57:16,080 - __main__ - INFO - 🆔 REGISTERED: Process 95860 - which checksec...
2026-07-30 13:57:16,080 - __main__ - INFO - ⚡ PROGRESS ⠋: [[38;5;196m[38;5;240m░░░░░░░░░░░░░░░░░░░░░░░░░░░░░░[0m] [38;5;160m0.0%[0m Speed: 0 B/s | 0.0s | PID: 95860
2026-07-30 13:57:16,081 - __main__ - INFO - 📤 STDOUT: /home/kali/hexstrike-ai/hexstrike-env/bin/checksec
2026-07-30 13:57:16,082 - __main__ - INFO - 🧹 CLEANUP: Process 95860 removed from registry
2026-07-30 13:57:16,082 - __main__ - INFO - ✅ SUCCESS: Command completed | Exit Code: 0 | Duration: 0.00s
2026-07-30 13:57:16,082 - __main__ - INFO - [38;5;46m[1m╭─────────────────────────────────────────────────────────────────────────────╮[0m
2026-07-30 13:57:16,082 - __main__ - INFO - [1m│[0m [38;5;46m📊 FINAL RESULTS ✅[0m
2026-07-30 13:57:16,082 - __main__ - INFO - [1m├─────────────────────────────────────────────────────────────────────────────┤[0m
2026-07-30 13:57:16,082 - __main__ - INFO - [1m│[0m [38;5;51m🚀 Command:[0m which checksec
2026-07-30 13:57:16,082 - __main__ - INFO - [1m│[0m [38;5;208m⏱️  Duration:[0m 0.00s
2026-07-30 13:57:16,082 - __main__ - INFO - [1m│[0m [38;5;208m📊 Output Size:[0m 51 bytes
2026-07-30 13:57:16,082 - __main__ - INFO - [1m│[0m [38;5;129m🔢 Exit Code:[0m 0
2026-07-30 13:57:16,082 - __main__ - INFO - [1m│[0m [38;5;46m📈 Status:[0m SUCCESS | Cached: Yes
2026-07-30 13:57:16,082 - __main__ - INFO - [38;5;46m[1m╰─────────────────────────────────────────────────────────────────────────────╯[0m
2026-07-30 13:57:16,082 - __main__ - INFO - 💾 Cached result for command: which checksec
2026-07-30 13:57:16,082 - __main__ - INFO - 🔍 Cache MISS for command: which objdump
2026-07-30 13:57:16,082 - __main__ - INFO - 🚀 EXECUTING: which objdump
2026-07-30 13:57:16,082 - __main__ - INFO - ⏱️  TIMEOUT: 300s | PID: Starting...
2026-07-30 13:57:16,082 - __main__ - INFO - 🆔 PROCESS: PID 95865 started
2026-07-30 13:57:16,082 - __main__ - INFO - 🆔 REGISTERED: Process 95865 - which objdump...
2026-07-30 13:57:16,083 - __main__ - INFO - ⚡ PROGRESS ⠋: [[38;5;196m[38;5;240m░░░░░░░░░░░░░░░░░░░░░░░░░░░░░░[0m] [38;5;160m0.0%[0m Speed: 0 B/s | 0.0s | PID: 95865
2026-07-30 13:57:16,083 - __main__ - INFO - 📤 STDOUT: /usr/bin/objdump
2026-07-30 13:57:16,084 - __main__ - INFO - 🧹 CLEANUP: Process 95865 removed from registry
2026-07-30 13:57:16,084 - __main__ - INFO - ✅ SUCCESS: Command completed | Exit Code: 0 | Duration: 0.00s
2026-07-30 13:57:16,084 - __main__ - INFO - [38;5;46m[1m╭─────────────────────────────────────────────────────────────────────────────╮[0m
2026-07-30 13:57:16,084 - __main__ - INFO - [1m│[0m [38;5;46m📊 FINAL RESULTS ✅[0m
2026-07-30 13:57:16,084 - __main__ - INFO - [1m├─────────────────────────────────────────────────────────────────────────────┤[0m
2026-07-30 13:57:16,084 - __main__ - INFO - [1m│[0m [38;5;51m🚀 Command:[0m which objdump
2026-07-30 13:57:16,084 - __main__ - INFO - [1m│[0m [38;5;208m⏱️  Duration:[0m 0.00s
2026-07-30 13:57:16,084 - __main__ - INFO - [1m│[0m [38;5;208m📊 Output Size:[0m 17 bytes
2026-07-30 13:57:16,084 - __main__ - INFO - [1m│[0m [38;5;129m🔢 Exit Code:[0m 0
2026-07-30 13:57:16,085 - __main__ - INFO - [1m│[0m [38;5;46m📈 Status:[0m SUCCESS | Cached: Yes
2026-07-30 13:57:16,085 - __main__ - INFO - [38;5;46m[1m╰─────────────────────────────────────────────────────────────────────────────╯[0m
2026-07-30 13:57:16,085 - __main__ - INFO - 💾 Cached result for command: which objdump
2026-07-30 13:57:16,085 - __main__ - INFO - 🔍 Cache MISS for command: which ghidra
2026-07-30 13:57:16,085 - __main__ - INFO - 🚀 EXECUTING: which ghidra
2026-07-30 13:57:16,085 - __main__ - INFO - ⏱️  TIMEOUT: 300s | PID: Starting...
2026-07-30 13:57:16,085 - __main__ - INFO - 🆔 PROCESS: PID 95870 started
2026-07-30 13:57:16,085 - __main__ - INFO - 🆔 REGISTERED: Process 95870 - which ghidra...
2026-07-30 13:57:16,085 - __main__ - INFO - ⚡ PROGRESS ⠋: [[38;5;196m[38;5;240m░░░░░░░░░░░░░░░░░░░░░░░░░░░░░░[0m] [38;5;160m0.0%[0m Speed: 0 B/s | 0.0s | PID: 95870
2026-07-30 13:57:16,087 - __main__ - INFO - 🧹 CLEANUP: Process 95870 removed from registry
2026-07-30 13:57:16,087 - __main__ - WARNING - ⚠️  WARNING: Command completed with errors | Exit Code: 1 | Duration: 0.00s
2026-07-30 13:57:16,087 - __main__ - INFO - [38;5;46m[1m╭─────────────────────────────────────────────────────────────────────────────╮[0m
2026-07-30 13:57:16,087 - __main__ - INFO - [1m│[0m [38;5;196m📊 FINAL RESULTS ❌[0m
2026-07-30 13:57:16,087 - __main__ - INFO - [1m├─────────────────────────────────────────────────────────────────────────────┤[0m
2026-07-30 13:57:16,087 - __main__ - INFO - [1m│[0m [38;5;51m🚀 Command:[0m which ghidra
2026-07-30 13:57:16,087 - __main__ - INFO - [1m│[0m [38;5;208m⏱️  Duration:[0m 0.00s
2026-07-30 13:57:16,087 - __main__ - INFO - [1m│[0m [38;5;208m📊 Output Size:[0m 0 bytes
2026-07-30 13:57:16,087 - __main__ - INFO - [1m│[0m [38;5;129m🔢 Exit Code:[0m 1
2026-07-30 13:57:16,087 - __main__ - INFO - [1m│[0m [38;5;196m📈 Status:[0m FAILED | Cached: Yes
2026-07-30 13:57:16,087 - __main__ - INFO - [38;5;46m[1m╰─────────────────────────────────────────────────────────────────────────────╯[0m
2026-07-30 13:57:16,087 - __main__ - INFO - 🔍 Cache MISS for command: which pwntools
2026-07-30 13:57:16,087 - __main__ - INFO - 🚀 EXECUTING: which pwntools
2026-07-30 13:57:16,087 - __main__ - INFO - ⏱️  TIMEOUT: 300s | PID: Starting...
2026-07-30 13:57:16,087 - __main__ - INFO - 🆔 PROCESS: PID 95875 started
2026-07-30 13:57:16,088 - __main__ - INFO - 🆔 REGISTERED: Process 95875 - which pwntools...
2026-07-30 13:57:16,088 - __main__ - INFO - ⚡ PROGRESS ⠋: [[38;5;196m[38;5;240m░░░░░░░░░░░░░░░░░░░░░░░░░░░░░░[0m] [38;5;160m0.0%[0m Speed: 0 B/s | 0.0s | PID: 95875
2026-07-30 13:57:16,090 - __main__ - INFO - 🧹 CLEANUP: Process 95875 removed from registry
2026-07-30 13:57:16,090 - __main__ - WARNING - ⚠️  WARNING: Command completed with errors | Exit Code: 1 | Duration: 0.00s
2026-07-30 13:57:16,090 - __main__ - INFO - [38;5;46m[1m╭─────────────────────────────────────────────────────────────────────────────╮[0m
2026-07-30 13:57:16,090 - __main__ - INFO - [1m│[0m [38;5;196m📊 FINAL RESULTS ❌[0m
2026-07-30 13:57:16,090 - __main__ - INFO - [1m├─────────────────────────────────────────────────────────────────────────────┤[0m
2026-07-30 13:57:16,090 - __main__ - INFO - [1m│[0m [38;5;51m🚀 Command:[0m which pwntools
2026-07-30 13:57:16,090 - __main__ - INFO - [1m│[0m [38;5;208m⏱️  Duration:[0m 0.00s
2026-07-30 13:57:16,090 - __main__ - INFO - [1m│[0m [38;5;208m📊 Output Size:[0m 0 bytes
2026-07-30 13:57:16,090 - __main__ - INFO - [1m│[0m [38;5;129m🔢 Exit Code:[0m 1
2026-07-30 13:57:16,090 - __main__ - INFO - [1m│[0m [38;5;196m📈 Status:[0m FAILED | Cached: Yes
2026-07-30 13:57:16,090 - __main__ - INFO - [38;5;46m[1m╰─────────────────────────────────────────────────────────────────────────────╯[0m
2026-07-30 13:57:16,090 - __main__ - INFO - 🔍 Cache MISS for command: which one-gadget
2026-07-30 13:57:16,090 - __main__ - INFO - 🚀 EXECUTING: which one-gadget
2026-07-30 13:57:16,090 - __main__ - INFO - ⏱️  TIMEOUT: 300s | PID: Starting...
2026-07-30 13:57:16,091 - __main__ - INFO - 🆔 PROCESS: PID 95880 started
2026-07-30 13:57:16,091 - __main__ - INFO - 🆔 REGISTERED: Process 95880 - which one-gadget...
2026-07-30 13:57:16,091 - __main__ - INFO - ⚡ PROGRESS ⠋: [[38;5;196m[38;5;240m░░░░░░░░░░░░░░░░░░░░░░░░░░░░░░[0m] [38;5;160m0.0%[0m Speed: 0 B/s | 0.0s | PID: 95880
2026-07-30 13:57:16,092 - __main__ - INFO - 🧹 CLEANUP: Process 95880 removed from registry
2026-07-30 13:57:16,092 - __main__ - WARNING - ⚠️  WARNING: Command completed with errors | Exit Code: 1 | Duration: 0.00s
2026-07-30 13:57:16,092 - __main__ - INFO - [38;5;46m[1m╭─────────────────────────────────────────────────────────────────────────────╮[0m
2026-07-30 13:57:16,093 - __main__ - INFO - [1m│[0m [38;5;196m📊 FINAL RESULTS ❌[0m
2026-07-30 13:57:16,093 - __main__ - INFO - [1m├─────────────────────────────────────────────────────────────────────────────┤[0m
2026-07-30 13:57:16,093 - __main__ - INFO - [1m│[0m [38;5;51m🚀 Command:[0m which one-gadget
2026-07-30 13:57:16,093 - __main__ - INFO - [1m│[0m [38;5;208m⏱️  Duration:[0m 0.00s
2026-07-30 13:57:16,093 - __main__ - INFO - [1m│[0m [38;5;208m📊 Output Size:[0m 0 bytes
2026-07-30 13:57:16,093 - __main__ - INFO - [1m│[0m [38;5;129m🔢 Exit Code:[0m 1
2026-07-30 13:57:16,093 - __main__ - INFO - [1m│[0m [38;5;196m📈 Status:[0m FAILED | Cached: Yes
2026-07-30 13:57:16,093 - __main__ - INFO - [38;5;46m[1m╰─────────────────────────────────────────────────────────────────────────────╯[0m
2026-07-30 13:57:16,093 - __main__ - INFO - 🔍 Cache MISS for command: which ropper
2026-07-30 13:57:16,093 - __main__ - INFO - 🚀 EXECUTING: which ropper
2026-07-30 13:57:16,093 - __main__ - INFO - ⏱️  TIMEOUT: 300s | PID: Starting...
2026-07-30 13:57:16,093 - __main__ - INFO - 🆔 PROCESS: PID 95885 started
2026-07-30 13:57:16,093 - __main__ - INFO - 🆔 REGISTERED: Process 95885 - which ropper...
2026-07-30 13:57:16,094 - __main__ - INFO - ⚡ PROGRESS ⠋: [[38;5;196m[38;5;240m░░░░░░░░░░░░░░░░░░░░░░░░░░░░░░[0m] [38;5;160m0.0%[0m Speed: 0 B/s | 0.0s | PID: 95885
2026-07-30 13:57:16,095 - __main__ - INFO - 🧹 CLEANUP: Process 95885 removed from registry
2026-07-30 13:57:16,095 - __main__ - WARNING - ⚠️  WARNING: Command completed with errors | Exit Code: 1 | Duration: 0.00s
2026-07-30 13:57:16,095 - __main__ - INFO - [38;5;46m[1m╭─────────────────────────────────────────────────────────────────────────────╮[0m
2026-07-30 13:57:16,095 - __main__ - INFO - [1m│[0m [38;5;196m📊 FINAL RESULTS ❌[0m
2026-07-30 13:57:16,095 - __main__ - INFO - [1m├─────────────────────────────────────────────────────────────────────────────┤[0m
2026-07-30 13:57:16,095 - __main__ - INFO - [1m│[0m [38;5;51m🚀 Command:[0m which ropper
2026-07-30 13:57:16,095 - __main__ - INFO - [1m│[0m [38;5;208m⏱️  Duration:[0m 0.00s
2026-07-30 13:57:16,095 - __main__ - INFO - [1m│[0m [38;5;208m📊 Output Size:[0m 0 bytes
2026-07-30 13:57:16,095 - __main__ - INFO - [1m│[0m [38;5;129m🔢 Exit Code:[0m 1
2026-07-30 13:57:16,095 - __main__ - INFO - [1m│[0m [38;5;196m📈 Status:[0m FAILED | Cached: Yes
2026-07-30 13:57:16,095 - __main__ - INFO - [38;5;46m[1m╰─────────────────────────────────────────────────────────────────────────────╯[0m
2026-07-30 13:57:16,095 - __main__ - INFO - 🔍 Cache MISS for command: which angr
2026-07-30 13:57:16,095 - __main__ - INFO - 🚀 EXECUTING: which angr
2026-07-30 13:57:16,095 - __main__ - INFO - ⏱️  TIMEOUT: 300s | PID: Starting...
2026-07-30 13:57:16,096 - __main__ - INFO - 🆔 PROCESS: PID 95890 started
2026-07-30 13:57:16,096 - __main__ - INFO - 🆔 REGISTERED: Process 95890 - which angr...
2026-07-30 13:57:16,096 - __main__ - INFO - ⚡ PROGRESS ⠋: [[38;5;196m[38;5;240m░░░░░░░░░░░░░░░░░░░░░░░░░░░░░░[0m] [38;5;160m0.0%[0m Speed: 0 B/s | 0.0s | PID: 95890
2026-07-30 13:57:16,097 - __main__ - INFO - 📤 STDOUT: /home/kali/hexstrike-ai/hexstrike-env/bin/angr
2026-07-30 13:57:16,098 - __main__ - INFO - 🧹 CLEANUP: Process 95890 removed from registry
2026-07-30 13:57:16,098 - __main__ - INFO - ✅ SUCCESS: Command completed | Exit Code: 0 | Duration: 0.00s
2026-07-30 13:57:16,098 - __main__ - INFO - [38;5;46m[1m╭─────────────────────────────────────────────────────────────────────────────╮[0m
2026-07-30 13:57:16,098 - __main__ - INFO - [1m│[0m [38;5;46m📊 FINAL RESULTS ✅[0m
2026-07-30 13:57:16,098 - __main__ - INFO - [1m├─────────────────────────────────────────────────────────────────────────────┤[0m
2026-07-30 13:57:16,098 - __main__ - INFO - [1m│[0m [38;5;51m🚀 Command:[0m which angr
2026-07-30 13:57:16,098 - __main__ - INFO - [1m│[0m [38;5;208m⏱️  Duration:[0m 0.00s
2026-07-30 13:57:16,098 - __main__ - INFO - [1m│[0m [38;5;208m📊 Output Size:[0m 47 bytes
2026-07-30 13:57:16,098 - __main__ - INFO - [1m│[0m [38;5;129m🔢 Exit Code:[0m 0
2026-07-30 13:57:16,098 - __main__ - INFO - [1m│[0m [38;5;46m📈 Status:[0m SUCCESS | Cached: Yes
2026-07-30 13:57:16,098 - __main__ - INFO - [38;5;46m[1m╰─────────────────────────────────────────────────────────────────────────────╯[0m
2026-07-30 13:57:16,098 - __main__ - INFO - 💾 Cached result for command: which angr
2026-07-30 13:57:16,098 - __main__ - INFO - 🔍 Cache MISS for command: which libc-database
2026-07-30 13:57:16,098 - __main__ - INFO - 🚀 EXECUTING: which libc-database
2026-07-30 13:57:16,098 - __main__ - INFO - ⏱️  TIMEOUT: 300s | PID: Starting...
2026-07-30 13:57:16,098 - __main__ - INFO - 🆔 PROCESS: PID 95895 started
2026-07-30 13:57:16,098 - __main__ - INFO - 🆔 REGISTERED: Process 95895 - which libc-database...
2026-07-30 13:57:16,099 - __main__ - INFO - ⚡ PROGRESS ⠋: [[38;5;196m[38;5;240m░░░░░░░░░░░░░░░░░░░░░░░░░░░░░░[0m] [38;5;160m0.0%[0m Speed: 0 B/s | 0.0s | PID: 95895
2026-07-30 13:57:16,100 - __main__ - INFO - 🧹 CLEANUP: Process 95895 removed from registry
2026-07-30 13:57:16,100 - __main__ - WARNING - ⚠️  WARNING: Command completed with errors | Exit Code: 1 | Duration: 0.00s
2026-07-30 13:57:16,100 - __main__ - INFO - [38;5;46m[1m╭─────────────────────────────────────────────────────────────────────────────╮[0m
2026-07-30 13:57:16,100 - __main__ - INFO - [1m│[0m [38;5;196m📊 FINAL RESULTS ❌[0m
2026-07-30 13:57:16,101 - __main__ - INFO - [1m├─────────────────────────────────────────────────────────────────────────────┤[0m
2026-07-30 13:57:16,101 - __main__ - INFO - [1m│[0m [38;5;51m🚀 Command:[0m which libc-database
2026-07-30 13:57:16,101 - __main__ - INFO - [1m│[0m [38;5;208m⏱️  Duration:[0m 0.00s
2026-07-30 13:57:16,101 - __main__ - INFO - [1m│[0m [38;5;208m📊 Output Size:[0m 0 bytes
2026-07-30 13:57:16,101 - __main__ - INFO - [1m│[0m [38;5;129m🔢 Exit Code:[0m 1
2026-07-30 13:57:16,101 - __main__ - INFO - [1m│[0m [38;5;196m📈 Status:[0m FAILED | Cached: Yes
2026-07-30 13:57:16,101 - __main__ - INFO - [38;5;46m[1m╰─────────────────────────────────────────────────────────────────────────────╯[0m
2026-07-30 13:57:16,101 - __main__ - INFO - 🔍 Cache MISS for command: which pwninit
2026-07-30 13:57:16,101 - __main__ - INFO - 🚀 EXECUTING: which pwninit
2026-07-30 13:57:16,101 - __main__ - INFO - ⏱️  TIMEOUT: 300s | PID: Starting...
2026-07-30 13:57:16,101 - __main__ - INFO - 🆔 PROCESS: PID 95900 started
2026-07-30 13:57:16,101 - __main__ - INFO - 🆔 REGISTERED: Process 95900 - which pwninit...
2026-07-30 13:57:16,102 - __main__ - INFO - ⚡ PROGRESS ⠋: [[38;5;196m[38;5;240m░░░░░░░░░░░░░░░░░░░░░░░░░░░░░░[0m] [38;5;160m0.0%[0m Speed: 0 B/s | 0.0s | PID: 95900
2026-07-30 13:57:16,103 - __main__ - INFO - 🧹 CLEANUP: Process 95900 removed from registry
2026-07-30 13:57:16,103 - __main__ - WARNING - ⚠️  WARNING: Command completed with errors | Exit Code: 1 | Duration: 0.00s
2026-07-30 13:57:16,103 - __main__ - INFO - [38;5;46m[1m╭─────────────────────────────────────────────────────────────────────────────╮[0m
2026-07-30 13:57:16,103 - __main__ - INFO - [1m│[0m [38;5;196m📊 FINAL RESULTS ❌[0m
2026-07-30 13:57:16,103 - __main__ - INFO - [1m├─────────────────────────────────────────────────────────────────────────────┤[0m
2026-07-30 13:57:16,103 - __main__ - INFO - [1m│[0m [38;5;51m🚀 Command:[0m which pwninit
2026-07-30 13:57:16,104 - __main__ - INFO - [1m│[0m [38;5;208m⏱️  Duration:[0m 0.00s
2026-07-30 13:57:16,104 - __main__ - INFO - [1m│[0m [38;5;208m📊 Output Size:[0m 0 bytes
2026-07-30 13:57:16,104 - __main__ - INFO - [1m│[0m [38;5;129m🔢 Exit Code:[0m 1
2026-07-30 13:57:16,104 - __main__ - INFO - [1m│[0m [38;5;196m📈 Status:[0m FAILED | Cached: Yes
2026-07-30 13:57:16,104 - __main__ - INFO - [38;5;46m[1m╰─────────────────────────────────────────────────────────────────────────────╯[0m
2026-07-30 13:57:16,104 - __main__ - INFO - 🔍 Cache MISS for command: which volatility3
2026-07-30 13:57:16,104 - __main__ - INFO - 🚀 EXECUTING: which volatility3
2026-07-30 13:57:16,104 - __main__ - INFO - ⏱️  TIMEOUT: 300s | PID: Starting...
2026-07-30 13:57:16,104 - __main__ - INFO - 🆔 PROCESS: PID 95905 started
2026-07-30 13:57:16,104 - __main__ - INFO - 🆔 REGISTERED: Process 95905 - which volatility3...
2026-07-30 13:57:16,105 - __main__ - INFO - ⚡ PROGRESS ⠋: [[38;5;196m[38;5;240m░░░░░░░░░░░░░░░░░░░░░░░░░░░░░░[0m] [38;5;160m0.0%[0m Speed: 0 B/s | 0.0s | PID: 95905
2026-07-30 13:57:16,106 - __main__ - INFO - 🧹 CLEANUP: Process 95905 removed from registry
2026-07-30 13:57:16,106 - __main__ - WARNING - ⚠️  WARNING: Command completed with errors | Exit Code: 1 | Duration: 0.00s
2026-07-30 13:57:16,106 - __main__ - INFO - [38;5;46m[1m╭─────────────────────────────────────────────────────────────────────────────╮[0m
2026-07-30 13:57:16,106 - __main__ - INFO - [1m│[0m [38;5;196m📊 FINAL RESULTS ❌[0m
2026-07-30 13:57:16,106 - __main__ - INFO - [1m├─────────────────────────────────────────────────────────────────────────────┤[0m
2026-07-30 13:57:16,106 - __main__ - INFO - [1m│[0m [38;5;51m🚀 Command:[0m which volatility3
2026-07-30 13:57:16,106 - __main__ - INFO - [1m│[0m [38;5;208m⏱️  Duration:[0m 0.00s
2026-07-30 13:57:16,106 - __main__ - INFO - [1m│[0m [38;5;208m📊 Output Size:[0m 0 bytes
2026-07-30 13:57:16,106 - __main__ - INFO - [1m│[0m [38;5;129m🔢 Exit Code:[0m 1
2026-07-30 13:57:16,106 - __main__ - INFO - [1m│[0m [38;5;196m📈 Status:[0m FAILED | Cached: Yes
2026-07-30 13:57:16,106 - __main__ - INFO - [38;5;46m[1m╰─────────────────────────────────────────────────────────────────────────────╯[0m
2026-07-30 13:57:16,107 - __main__ - INFO - 🔍 Cache MISS for command: which vol
2026-07-30 13:57:16,107 - __main__ - INFO - 🚀 EXECUTING: which vol
2026-07-30 13:57:16,107 - __main__ - INFO - ⏱️  TIMEOUT: 300s | PID: Starting...
2026-07-30 13:57:16,129 - __main__ - INFO - 🆔 PROCESS: PID 95910 started
2026-07-30 13:57:16,129 - __main__ - INFO - 🆔 REGISTERED: Process 95910 - which vol...
2026-07-30 13:57:16,130 - __main__ - INFO - ⚡ PROGRESS ⠋: [[38;5;196m[38;5;240m░░░░░░░░░░░░░░░░░░░░░░░░░░░░░░[0m] [38;5;160m0.0%[0m Speed: 0 B/s | 0.0s | PID: 95910
2026-07-30 13:57:16,131 - __main__ - INFO - 🧹 CLEANUP: Process 95910 removed from registry
2026-07-30 13:57:16,131 - __main__ - WARNING - ⚠️  WARNING: Command completed with errors | Exit Code: 1 | Duration: 0.02s
2026-07-30 13:57:16,131 - __main__ - INFO - [38;5;46m[1m╭─────────────────────────────────────────────────────────────────────────────╮[0m
2026-07-30 13:57:16,131 - __main__ - INFO - [1m│[0m [38;5;196m📊 FINAL RESULTS ❌[0m
2026-07-30 13:57:16,131 - __main__ - INFO - [1m├─────────────────────────────────────────────────────────────────────────────┤[0m
2026-07-30 13:57:16,132 - __main__ - INFO - [1m│[0m [38;5;51m🚀 Command:[0m which vol
2026-07-30 13:57:16,132 - __main__ - INFO - [1m│[0m [38;5;208m⏱️  Duration:[0m 0.02s
2026-07-30 13:57:16,132 - __main__ - INFO - [1m│[0m [38;5;208m📊 Output Size:[0m 0 bytes
2026-07-30 13:57:16,132 - __main__ - INFO - [1m│[0m [38;5;129m🔢 Exit Code:[0m 1
2026-07-30 13:57:16,132 - __main__ - INFO - [1m│[0m [38;5;196m📈 Status:[0m FAILED | Cached: Yes
2026-07-30 13:57:16,132 - __main__ - INFO - [38;5;46m[1m╰─────────────────────────────────────────────────────────────────────────────╯[0m
2026-07-30 13:57:16,132 - __main__ - INFO - 🔍 Cache MISS for command: which steghide
2026-07-30 13:57:16,132 - __main__ - INFO - 🚀 EXECUTING: which steghide
2026-07-30 13:57:16,132 - __main__ - INFO - ⏱️  TIMEOUT: 300s | PID: Starting...
2026-07-30 13:57:16,132 - __main__ - INFO - 🆔 PROCESS: PID 95915 started
2026-07-30 13:57:16,132 - __main__ - INFO - 🆔 REGISTERED: Process 95915 - which steghide...
2026-07-30 13:57:16,133 - __main__ - INFO - ⚡ PROGRESS ⠋: [[38;5;196m[38;5;240m░░░░░░░░░░░░░░░░░░░░░░░░░░░░░░[0m] [38;5;160m0.0%[0m Speed: 0 B/s | 0.0s | PID: 95915
2026-07-30 13:57:16,134 - __main__ - INFO - 🧹 CLEANUP: Process 95915 removed from registry
2026-07-30 13:57:16,134 - __main__ - WARNING - ⚠️  WARNING: Command completed with errors | Exit Code: 1 | Duration: 0.00s
2026-07-30 13:57:16,134 - __main__ - INFO - [38;5;46m[1m╭─────────────────────────────────────────────────────────────────────────────╮[0m
2026-07-30 13:57:16,134 - __main__ - INFO - [1m│[0m [38;5;196m📊 FINAL RESULTS ❌[0m
2026-07-30 13:57:16,135 - __main__ - INFO - [1m├─────────────────────────────────────────────────────────────────────────────┤[0m
2026-07-30 13:57:16,135 - __main__ - INFO - [1m│[0m [38;5;51m🚀 Command:[0m which steghide
2026-07-30 13:57:16,135 - __main__ - INFO - [1m│[0m [38;5;208m⏱️  Duration:[0m 0.00s
2026-07-30 13:57:16,135 - __main__ - INFO - [1m│[0m [38;5;208m📊 Output Size:[0m 0 bytes
2026-07-30 13:57:16,135 - __main__ - INFO - [1m│[0m [38;5;129m🔢 Exit Code:[0m 1
2026-07-30 13:57:16,135 - __main__ - INFO - [1m│[0m [38;5;196m📈 Status:[0m FAILED | Cached: Yes
2026-07-30 13:57:16,135 - __main__ - INFO - [38;5;46m[1m╰─────────────────────────────────────────────────────────────────────────────╯[0m
2026-07-30 13:57:16,135 - __main__ - INFO - 🔍 Cache MISS for command: which hashpump
2026-07-30 13:57:16,135 - __main__ - INFO - 🚀 EXECUTING: which hashpump
2026-07-30 13:57:16,135 - __main__ - INFO - ⏱️  TIMEOUT: 300s | PID: Starting...
2026-07-30 13:57:16,135 - __main__ - INFO - 🆔 PROCESS: PID 95920 started
2026-07-30 13:57:16,135 - __main__ - INFO - 🆔 REGISTERED: Process 95920 - which hashpump...
2026-07-30 13:57:16,136 - __main__ - INFO - ⚡ PROGRESS ⠋: [[38;5;196m[38;5;240m░░░░░░░░░░░░░░░░░░░░░░░░░░░░░░[0m] [38;5;160m0.0%[0m Speed: 0 B/s | 0.0s | PID: 95920
2026-07-30 13:57:16,137 - __main__ - INFO - 🧹 CLEANUP: Process 95920 removed from registry
2026-07-30 13:57:16,137 - __main__ - WARNING - ⚠️  WARNING: Command completed with errors | Exit Code: 1 | Duration: 0.00s
2026-07-30 13:57:16,137 - __main__ - INFO - [38;5;46m[1m╭─────────────────────────────────────────────────────────────────────────────╮[0m
2026-07-30 13:57:16,137 - __main__ - INFO - [1m│[0m [38;5;196m📊 FINAL RESULTS ❌[0m
2026-07-30 13:57:16,137 - __main__ - INFO - [1m├─────────────────────────────────────────────────────────────────────────────┤[0m
2026-07-30 13:57:16,137 - __main__ - INFO - [1m│[0m [38;5;51m🚀 Command:[0m which hashpump
2026-07-30 13:57:16,137 - __main__ - INFO - [1m│[0m [38;5;208m⏱️  Duration:[0m 0.00s
2026-07-30 13:57:16,137 - __main__ - INFO - [1m│[0m [38;5;208m📊 Output Size:[0m 0 bytes
2026-07-30 13:57:16,137 - __main__ - INFO - [1m│[0m [38;5;129m🔢 Exit Code:[0m 1
2026-07-30 13:57:16,137 - __main__ - INFO - [1m│[0m [38;5;196m📈 Status:[0m FAILED | Cached: Yes
2026-07-30 13:57:16,137 - __main__ - INFO - [38;5;46m[1m╰─────────────────────────────────────────────────────────────────────────────╯[0m
2026-07-30 13:57:16,137 - __main__ - INFO - 🔍 Cache MISS for command: which foremost
2026-07-30 13:57:16,137 - __main__ - INFO - 🚀 EXECUTING: which foremost
2026-07-30 13:57:16,137 - __main__ - INFO - ⏱️  TIMEOUT: 300s | PID: Starting...
2026-07-30 13:57:16,138 - __main__ - INFO - 🆔 PROCESS: PID 95925 started
2026-07-30 13:57:16,138 - __main__ - INFO - 🆔 REGISTERED: Process 95925 - which foremost...
2026-07-30 13:57:16,138 - __main__ - INFO - ⚡ PROGRESS ⠋: [[38;5;196m[38;5;240m░░░░░░░░░░░░░░░░░░░░░░░░░░░░░░[0m] [38;5;160m0.0%[0m Speed: 0 B/s | 0.0s | PID: 95925
2026-07-30 13:57:16,139 - __main__ - INFO - 🧹 CLEANUP: Process 95925 removed from registry
2026-07-30 13:57:16,139 - __main__ - WARNING - ⚠️  WARNING: Command completed with errors | Exit Code: 1 | Duration: 0.00s
2026-07-30 13:57:16,139 - __main__ - INFO - [38;5;46m[1m╭─────────────────────────────────────────────────────────────────────────────╮[0m
2026-07-30 13:57:16,140 - __main__ - INFO - [1m│[0m [38;5;196m📊 FINAL RESULTS ❌[0m
2026-07-30 13:57:16,140 - __main__ - INFO - [1m├─────────────────────────────────────────────────────────────────────────────┤[0m
2026-07-30 13:57:16,140 - __main__ - INFO - [1m│[0m [38;5;51m🚀 Command:[0m which foremost
2026-07-30 13:57:16,140 - __main__ - INFO - [1m│[0m [38;5;208m⏱️  Duration:[0m 0.00s
2026-07-30 13:57:16,140 - __main__ - INFO - [1m│[0m [38;5;208m📊 Output Size:[0m 0 bytes
2026-07-30 13:57:16,140 - __main__ - INFO - [1m│[0m [38;5;129m🔢 Exit Code:[0m 1
2026-07-30 13:57:16,140 - __main__ - INFO - [1m│[0m [38;5;196m📈 Status:[0m FAILED | Cached: Yes
2026-07-30 13:57:16,140 - __main__ - INFO - [38;5;46m[1m╰─────────────────────────────────────────────────────────────────────────────╯[0m
2026-07-30 13:57:16,140 - __main__ - INFO - 🔍 Cache MISS for command: which exiftool
2026-07-30 13:57:16,140 - __main__ - INFO - 🚀 EXECUTING: which exiftool
2026-07-30 13:57:16,140 - __main__ - INFO - ⏱️  TIMEOUT: 300s | PID: Starting...
2026-07-30 13:57:16,140 - __main__ - INFO - 🆔 PROCESS: PID 95930 started
2026-07-30 13:57:16,140 - __main__ - INFO - 🆔 REGISTERED: Process 95930 - which exiftool...
2026-07-30 13:57:16,141 - __main__ - INFO - ⚡ PROGRESS ⠋: [[38;5;196m[38;5;240m░░░░░░░░░░░░░░░░░░░░░░░░░░░░░░[0m] [38;5;160m0.0%[0m Speed: 0 B/s | 0.0s | PID: 95930
2026-07-30 13:57:16,141 - __main__ - INFO - 📤 STDOUT: /usr/bin/exiftool
2026-07-30 13:57:16,142 - __main__ - INFO - 🧹 CLEANUP: Process 95930 removed from registry
2026-07-30 13:57:16,142 - __main__ - INFO - ✅ SUCCESS: Command completed | Exit Code: 0 | Duration: 0.00s
2026-07-30 13:57:16,142 - __main__ - INFO - [38;5;46m[1m╭─────────────────────────────────────────────────────────────────────────────╮[0m
2026-07-30 13:57:16,142 - __main__ - INFO - [1m│[0m [38;5;46m📊 FINAL RESULTS ✅[0m
2026-07-30 13:57:16,142 - __main__ - INFO - [1m├─────────────────────────────────────────────────────────────────────────────┤[0m
2026-07-30 13:57:16,142 - __main__ - INFO - [1m│[0m [38;5;51m🚀 Command:[0m which exiftool
2026-07-30 13:57:16,142 - __main__ - INFO - [1m│[0m [38;5;208m⏱️  Duration:[0m 0.00s
2026-07-30 13:57:16,142 - __main__ - INFO - [1m│[0m [38;5;208m📊 Output Size:[0m 18 bytes
2026-07-30 13:57:16,142 - __main__ - INFO - [1m│[0m [38;5;129m🔢 Exit Code:[0m 0
2026-07-30 13:57:16,142 - __main__ - INFO - [1m│[0m [38;5;46m📈 Status:[0m SUCCESS | Cached: Yes
2026-07-30 13:57:16,142 - __main__ - INFO - [38;5;46m[1m╰─────────────────────────────────────────────────────────────────────────────╯[0m
2026-07-30 13:57:16,142 - __main__ - INFO - 💾 Cached result for command: which exiftool
2026-07-30 13:57:16,142 - __main__ - INFO - 🔍 Cache MISS for command: which strings
2026-07-30 13:57:16,143 - __main__ - INFO - 🚀 EXECUTING: which strings
2026-07-30 13:57:16,143 - __main__ - INFO - ⏱️  TIMEOUT: 300s | PID: Starting...
2026-07-30 13:57:16,143 - __main__ - INFO - 🆔 PROCESS: PID 95935 started
2026-07-30 13:57:16,143 - __main__ - INFO - 🆔 REGISTERED: Process 95935 - which strings...
2026-07-30 13:57:16,144 - __main__ - INFO - ⚡ PROGRESS ⠋: [[38;5;196m[38;5;240m░░░░░░░░░░░░░░░░░░░░░░░░░░░░░░[0m] [38;5;160m0.0%[0m Speed: 0 B/s | 0.0s | PID: 95935
2026-07-30 13:57:16,144 - __main__ - INFO - 📤 STDOUT: /usr/bin/strings
2026-07-30 13:57:16,145 - __main__ - INFO - 🧹 CLEANUP: Process 95935 removed from registry
2026-07-30 13:57:16,145 - __main__ - INFO - ✅ SUCCESS: Command completed | Exit Code: 0 | Duration: 0.00s
2026-07-30 13:57:16,145 - __main__ - INFO - [38;5;46m[1m╭─────────────────────────────────────────────────────────────────────────────╮[0m
2026-07-30 13:57:16,145 - __main__ - INFO - [1m│[0m [38;5;46m📊 FINAL RESULTS ✅[0m
2026-07-30 13:57:16,145 - __main__ - INFO - [1m├─────────────────────────────────────────────────────────────────────────────┤[0m
2026-07-30 13:57:16,145 - __main__ - INFO - [1m│[0m [38;5;51m🚀 Command:[0m which strings
2026-07-30 13:57:16,145 - __main__ - INFO - [1m│[0m [38;5;208m⏱️  Duration:[0m 0.00s
2026-07-30 13:57:16,145 - __main__ - INFO - [1m│[0m [38;5;208m📊 Output Size:[0m 17 bytes
2026-07-30 13:57:16,145 - __main__ - INFO - [1m│[0m [38;5;129m🔢 Exit Code:[0m 0
2026-07-30 13:57:16,145 - __main__ - INFO - [1m│[0m [38;5;46m📈 Status:[0m SUCCESS | Cached: Yes
2026-07-30 13:57:16,145 - __main__ - INFO - [38;5;46m[1m╰─────────────────────────────────────────────────────────────────────────────╯[0m
2026-07-30 13:57:16,145 - __main__ - INFO - 💾 Cached result for command: which strings
2026-07-30 13:57:16,145 - __main__ - INFO - 🔍 Cache MISS for command: which xxd
2026-07-30 13:57:16,145 - __main__ - INFO - 🚀 EXECUTING: which xxd
2026-07-30 13:57:16,145 - __main__ - INFO - ⏱️  TIMEOUT: 300s | PID: Starting...
2026-07-30 13:57:16,146 - __main__ - INFO - 🆔 PROCESS: PID 95940 started
2026-07-30 13:57:16,146 - __main__ - INFO - 🆔 REGISTERED: Process 95940 - which xxd...
2026-07-30 13:57:16,146 - __main__ - INFO - ⚡ PROGRESS ⠋: [[38;5;196m[38;5;240m░░░░░░░░░░░░░░░░░░░░░░░░░░░░░░[0m] [38;5;160m0.0%[0m Speed: 0 B/s | 0.0s | PID: 95940
2026-07-30 13:57:16,147 - __main__ - INFO - 📤 STDOUT: /usr/bin/xxd
2026-07-30 13:57:16,147 - __main__ - INFO - 🧹 CLEANUP: Process 95940 removed from registry
2026-07-30 13:57:16,147 - __main__ - INFO - ✅ SUCCESS: Command completed | Exit Code: 0 | Duration: 0.00s
2026-07-30 13:57:16,148 - __main__ - INFO - [38;5;46m[1m╭─────────────────────────────────────────────────────────────────────────────╮[0m
2026-07-30 13:57:16,148 - __main__ - INFO - [1m│[0m [38;5;46m📊 FINAL RESULTS ✅[0m
2026-07-30 13:57:16,148 - __main__ - INFO - [1m├─────────────────────────────────────────────────────────────────────────────┤[0m
2026-07-30 13:57:16,148 - __main__ - INFO - [1m│[0m [38;5;51m🚀 Command:[0m which xxd
2026-07-30 13:57:16,148 - __main__ - INFO - [1m│[0m [38;5;208m⏱️  Duration:[0m 0.00s
2026-07-30 13:57:16,148 - __main__ - INFO - [1m│[0m [38;5;208m📊 Output Size:[0m 13 bytes
2026-07-30 13:57:16,148 - __main__ - INFO - [1m│[0m [38;5;129m🔢 Exit Code:[0m 0
2026-07-30 13:57:16,148 - __main__ - INFO - [1m│[0m [38;5;46m📈 Status:[0m SUCCESS | Cached: Yes
2026-07-30 13:57:16,148 - __main__ - INFO - [38;5;46m[1m╰─────────────────────────────────────────────────────────────────────────────╯[0m
2026-07-30 13:57:16,148 - __main__ - INFO - 💾 Cached result for command: which xxd
2026-07-30 13:57:16,148 - __main__ - INFO - 🔍 Cache MISS for command: which file
2026-07-30 13:57:16,148 - __main__ - INFO - 🚀 EXECUTING: which file
2026-07-30 13:57:16,148 - __main__ - INFO - ⏱️  TIMEOUT: 300s | PID: Starting...
2026-07-30 13:57:16,148 - __main__ - INFO - 🆔 PROCESS: PID 95945 started
2026-07-30 13:57:16,148 - __main__ - INFO - 🆔 REGISTERED: Process 95945 - which file...
2026-07-30 13:57:16,149 - __main__ - INFO - ⚡ PROGRESS ⠋: [[38;5;196m[38;5;240m░░░░░░░░░░░░░░░░░░░░░░░░░░░░░░[0m] [38;5;160m0.0%[0m Speed: 0 B/s | 0.0s | PID: 95945
2026-07-30 13:57:16,149 - __main__ - INFO - 📤 STDOUT: /usr/bin/file
2026-07-30 13:57:16,150 - __main__ - INFO - 🧹 CLEANUP: Process 95945 removed from registry
2026-07-30 13:57:16,150 - __main__ - INFO - ✅ SUCCESS: Command completed | Exit Code: 0 | Duration: 0.00s
2026-07-30 13:57:16,150 - __main__ - INFO - [38;5;46m[1m╭─────────────────────────────────────────────────────────────────────────────╮[0m
2026-07-30 13:57:16,150 - __main__ - INFO - [1m│[0m [38;5;46m📊 FINAL RESULTS ✅[0m
2026-07-30 13:57:16,150 - __main__ - INFO - [1m├─────────────────────────────────────────────────────────────────────────────┤[0m
2026-07-30 13:57:16,150 - __main__ - INFO - [1m│[0m [38;5;51m🚀 Command:[0m which file
2026-07-30 13:57:16,150 - __main__ - INFO - [1m│[0m [38;5;208m⏱️  Duration:[0m 0.00s
2026-07-30 13:57:16,150 - __main__ - INFO - [1m│[0m [38;5;208m📊 Output Size:[0m 14 bytes
2026-07-30 13:57:16,150 - __main__ - INFO - [1m│[0m [38;5;129m🔢 Exit Code:[0m 0
2026-07-30 13:57:16,150 - __main__ - INFO - [1m│[0m [38;5;46m📈 Status:[0m SUCCESS | Cached: Yes
2026-07-30 13:57:16,150 - __main__ - INFO - [38;5;46m[1m╰─────────────────────────────────────────────────────────────────────────────╯[0m
2026-07-30 13:57:16,150 - __main__ - INFO - 💾 Cached result for command: which file
2026-07-30 13:57:16,150 - __main__ - INFO - 🔍 Cache MISS for command: which photorec
2026-07-30 13:57:16,150 - __main__ - INFO - 🚀 EXECUTING: which photorec
2026-07-30 13:57:16,150 - __main__ - INFO - ⏱️  TIMEOUT: 300s | PID: Starting...
2026-07-30 13:57:16,151 - __main__ - INFO - 🆔 PROCESS: PID 95950 started
2026-07-30 13:57:16,151 - __main__ - INFO - 🆔 REGISTERED: Process 95950 - which photorec...
2026-07-30 13:57:16,151 - __main__ - INFO - ⚡ PROGRESS ⠋: [[38;5;196m[38;5;240m░░░░░░░░░░░░░░░░░░░░░░░░░░░░░░[0m] [38;5;160m0.0%[0m Speed: 0 B/s | 0.0s | PID: 95950
2026-07-30 13:57:16,152 - __main__ - INFO - 📤 STDOUT: /usr/bin/photorec
2026-07-30 13:57:16,153 - __main__ - INFO - 🧹 CLEANUP: Process 95950 removed from registry
2026-07-30 13:57:16,153 - __main__ - INFO - ✅ SUCCESS: Command completed | Exit Code: 0 | Duration: 0.00s
2026-07-30 13:57:16,153 - __main__ - INFO - [38;5;46m[1m╭─────────────────────────────────────────────────────────────────────────────╮[0m
2026-07-30 13:57:16,153 - __main__ - INFO - [1m│[0m [38;5;46m📊 FINAL RESULTS ✅[0m
2026-07-30 13:57:16,153 - __main__ - INFO - [1m├─────────────────────────────────────────────────────────────────────────────┤[0m
2026-07-30 13:57:16,153 - __main__ - INFO - [1m│[0m [38;5;51m🚀 Command:[0m which photorec
2026-07-30 13:57:16,153 - __main__ - INFO - [1m│[0m [38;5;208m⏱️  Duration:[0m 0.00s
2026-07-30 13:57:16,153 - __main__ - INFO - [1m│[0m [38;5;208m📊 Output Size:[0m 18 bytes
2026-07-30 13:57:16,153 - __main__ - INFO - [1m│[0m [38;5;129m🔢 Exit Code:[0m 0
2026-07-30 13:57:16,153 - __main__ - INFO - [1m│[0m [38;5;46m📈 Status:[0m SUCCESS | Cached: Yes
2026-07-30 13:57:16,153 - __main__ - INFO - [38;5;46m[1m╰─────────────────────────────────────────────────────────────────────────────╯[0m
2026-07-30 13:57:16,153 - __main__ - INFO - 💾 Cached result for command: which photorec
2026-07-30 13:57:16,153 - __main__ - INFO - 🔍 Cache MISS for command: which testdisk
2026-07-30 13:57:16,153 - __main__ - INFO - 🚀 EXECUTING: which testdisk
2026-07-30 13:57:16,153 - __main__ - INFO - ⏱️  TIMEOUT: 300s | PID: Starting...
2026-07-30 13:57:16,153 - __main__ - INFO - 🆔 PROCESS: PID 95955 started
2026-07-30 13:57:16,153 - __main__ - INFO - 🆔 REGISTERED: Process 95955 - which testdisk...
2026-07-30 13:57:16,154 - __main__ - INFO - ⚡ PROGRESS ⠋: [[38;5;196m[38;5;240m░░░░░░░░░░░░░░░░░░░░░░░░░░░░░░[0m] [38;5;160m0.0%[0m Speed: 0 B/s | 0.0s | PID: 95955
2026-07-30 13:57:16,154 - __main__ - INFO - 📤 STDOUT: /usr/bin/testdisk
2026-07-30 13:57:16,155 - __main__ - INFO - 🧹 CLEANUP: Process 95955 removed from registry
2026-07-30 13:57:16,155 - __main__ - INFO - ✅ SUCCESS: Command completed | Exit Code: 0 | Duration: 0.00s
2026-07-30 13:57:16,155 - __main__ - INFO - [38;5;46m[1m╭─────────────────────────────────────────────────────────────────────────────╮[0m
2026-07-30 13:57:16,155 - __main__ - INFO - [1m│[0m [38;5;46m📊 FINAL RESULTS ✅[0m
2026-07-30 13:57:16,155 - __main__ - INFO - [1m├─────────────────────────────────────────────────────────────────────────────┤[0m
2026-07-30 13:57:16,155 - __main__ - INFO - [1m│[0m [38;5;51m🚀 Command:[0m which testdisk
2026-07-30 13:57:16,155 - __main__ - INFO - [1m│[0m [38;5;208m⏱️  Duration:[0m 0.00s
2026-07-30 13:57:16,155 - __main__ - INFO - [1m│[0m [38;5;208m📊 Output Size:[0m 18 bytes
2026-07-30 13:57:16,155 - __main__ - INFO - [1m│[0m [38;5;129m🔢 Exit Code:[0m 0
2026-07-30 13:57:16,155 - __main__ - INFO - [1m│[0m [38;5;46m📈 Status:[0m SUCCESS | Cached: Yes
2026-07-30 13:57:16,155 - __main__ - INFO - [38;5;46m[1m╰─────────────────────────────────────────────────────────────────────────────╯[0m
2026-07-30 13:57:16,155 - __main__ - INFO - 💾 Cached result for command: which testdisk
2026-07-30 13:57:16,155 - __main__ - INFO - 🔍 Cache MISS for command: which scalpel
2026-07-30 13:57:16,155 - __main__ - INFO - 🚀 EXECUTING: which scalpel
2026-07-30 13:57:16,156 - __main__ - INFO - ⏱️  TIMEOUT: 300s | PID: Starting...
2026-07-30 13:57:16,156 - __main__ - INFO - 🆔 PROCESS: PID 95960 started
2026-07-30 13:57:16,156 - __main__ - INFO - 🆔 REGISTERED: Process 95960 - which scalpel...
2026-07-30 13:57:16,157 - __main__ - INFO - ⚡ PROGRESS ⠋: [[38;5;196m[38;5;240m░░░░░░░░░░░░░░░░░░░░░░░░░░░░░░[0m] [38;5;160m0.0%[0m Speed: 0 B/s | 0.0s | PID: 95960
2026-07-30 13:57:16,157 - __main__ - INFO - 📤 STDOUT: /usr/bin/scalpel
2026-07-30 13:57:16,158 - __main__ - INFO - 🧹 CLEANUP: Process 95960 removed from registry
2026-07-30 13:57:16,158 - __main__ - INFO - ✅ SUCCESS: Command completed | Exit Code: 0 | Duration: 0.00s
2026-07-30 13:57:16,158 - __main__ - INFO - [38;5;46m[1m╭─────────────────────────────────────────────────────────────────────────────╮[0m
2026-07-30 13:57:16,158 - __main__ - INFO - [1m│[0m [38;5;46m📊 FINAL RESULTS ✅[0m
2026-07-30 13:57:16,158 - __main__ - INFO - [1m├─────────────────────────────────────────────────────────────────────────────┤[0m
2026-07-30 13:57:16,158 - __main__ - INFO - [1m│[0m [38;5;51m🚀 Command:[0m which scalpel
2026-07-30 13:57:16,158 - __main__ - INFO - [1m│[0m [38;5;208m⏱️  Duration:[0m 0.00s
2026-07-30 13:57:16,158 - __main__ - INFO - [1m│[0m [38;5;208m📊 Output Size:[0m 17 bytes
2026-07-30 13:57:16,158 - __main__ - INFO - [1m│[0m [38;5;129m🔢 Exit Code:[0m 0
2026-07-30 13:57:16,158 - __main__ - INFO - [1m│[0m [38;5;46m📈 Status:[0m SUCCESS | Cached: Yes
2026-07-30 13:57:16,158 - __main__ - INFO - [38;5;46m[1m╰─────────────────────────────────────────────────────────────────────────────╯[0m
2026-07-30 13:57:16,158 - __main__ - INFO - 💾 Cached result for command: which scalpel
2026-07-30 13:57:16,158 - __main__ - INFO - 🔍 Cache MISS for command: which bulk-extractor
2026-07-30 13:57:16,158 - __main__ - INFO - 🚀 EXECUTING: which bulk-extractor
2026-07-30 13:57:16,158 - __main__ - INFO - ⏱️  TIMEOUT: 300s | PID: Starting...
2026-07-30 13:57:16,158 - __main__ - INFO - 🆔 PROCESS: PID 95965 started
2026-07-30 13:57:16,158 - __main__ - INFO - 🆔 REGISTERED: Process 95965 - which bulk-extractor...
2026-07-30 13:57:16,159 - __main__ - INFO - ⚡ PROGRESS ⠋: [[38;5;196m[38;5;240m░░░░░░░░░░░░░░░░░░░░░░░░░░░░░░[0m] [38;5;160m0.0%[0m Speed: 0 B/s | 0.0s | PID: 95965
2026-07-30 13:57:16,160 - __main__ - INFO - 🧹 CLEANUP: Process 95965 removed from registry
2026-07-30 13:57:16,160 - __main__ - WARNING - ⚠️  WARNING: Command completed with errors | Exit Code: 1 | Duration: 0.00s
2026-07-30 13:57:16,160 - __main__ - INFO - [38;5;46m[1m╭─────────────────────────────────────────────────────────────────────────────╮[0m
2026-07-30 13:57:16,160 - __main__ - INFO - [1m│[0m [38;5;196m📊 FINAL RESULTS ❌[0m
2026-07-30 13:57:16,161 - __main__ - INFO - [1m├─────────────────────────────────────────────────────────────────────────────┤[0m
2026-07-30 13:57:16,161 - __main__ - INFO - [1m│[0m [38;5;51m🚀 Command:[0m which bulk-extractor
2026-07-30 13:57:16,161 - __main__ - INFO - [1m│[0m [38;5;208m⏱️  Duration:[0m 0.00s
2026-07-30 13:57:16,161 - __main__ - INFO - [1m│[0m [38;5;208m📊 Output Size:[0m 0 bytes
2026-07-30 13:57:16,161 - __main__ - INFO - [1m│[0m [38;5;129m🔢 Exit Code:[0m 1
2026-07-30 13:57:16,161 - __main__ - INFO - [1m│[0m [38;5;196m📈 Status:[0m FAILED | Cached: Yes
2026-07-30 13:57:16,161 - __main__ - INFO - [38;5;46m[1m╰─────────────────────────────────────────────────────────────────────────────╯[0m
2026-07-30 13:57:16,161 - __main__ - INFO - 🔍 Cache MISS for command: which stegsolve
2026-07-30 13:57:16,161 - __main__ - INFO - 🚀 EXECUTING: which stegsolve
2026-07-30 13:57:16,161 - __main__ - INFO - ⏱️  TIMEOUT: 300s | PID: Starting...
2026-07-30 13:57:16,161 - __main__ - INFO - 🆔 PROCESS: PID 95970 started
2026-07-30 13:57:16,161 - __main__ - INFO - 🆔 REGISTERED: Process 95970 - which stegsolve...
2026-07-30 13:57:16,162 - __main__ - INFO - ⚡ PROGRESS ⠋: [[38;5;196m[38;5;240m░░░░░░░░░░░░░░░░░░░░░░░░░░░░░░[0m] [38;5;160m0.0%[0m Speed: 0 B/s | 0.0s | PID: 95970
2026-07-30 13:57:16,163 - __main__ - INFO - 🧹 CLEANUP: Process 95970 removed from registry
2026-07-30 13:57:16,163 - __main__ - WARNING - ⚠️  WARNING: Command completed with errors | Exit Code: 1 | Duration: 0.00s
2026-07-30 13:57:16,163 - __main__ - INFO - [38;5;46m[1m╭─────────────────────────────────────────────────────────────────────────────╮[0m
2026-07-30 13:57:16,163 - __main__ - INFO - [1m│[0m [38;5;196m📊 FINAL RESULTS ❌[0m
2026-07-30 13:57:16,163 - __main__ - INFO - [1m├─────────────────────────────────────────────────────────────────────────────┤[0m
2026-07-30 13:57:16,163 - __main__ - INFO - [1m│[0m [38;5;51m🚀 Command:[0m which stegsolve
2026-07-30 13:57:16,163 - __main__ - INFO - [1m│[0m [38;5;208m⏱️  Duration:[0m 0.00s
2026-07-30 13:57:16,163 - __main__ - INFO - [1m│[0m [38;5;208m📊 Output Size:[0m 0 bytes
2026-07-30 13:57:16,163 - __main__ - INFO - [1m│[0m [38;5;129m🔢 Exit Code:[0m 1
2026-07-30 13:57:16,164 - __main__ - INFO - [1m│[0m [38;5;196m📈 Status:[0m FAILED | Cached: Yes
2026-07-30 13:57:16,164 - __main__ - INFO - [38;5;46m[1m╰─────────────────────────────────────────────────────────────────────────────╯[0m
2026-07-30 13:57:16,164 - __main__ - INFO - 🔍 Cache MISS for command: which zsteg
2026-07-30 13:57:16,164 - __main__ - INFO - 🚀 EXECUTING: which zsteg
2026-07-30 13:57:16,164 - __main__ - INFO - ⏱️  TIMEOUT: 300s | PID: Starting...
2026-07-30 13:57:16,164 - __main__ - INFO - 🆔 PROCESS: PID 95975 started
2026-07-30 13:57:16,164 - __main__ - INFO - 🆔 REGISTERED: Process 95975 - which zsteg...
2026-07-30 13:57:16,165 - __main__ - INFO - ⚡ PROGRESS ⠋: [[38;5;196m[38;5;240m░░░░░░░░░░░░░░░░░░░░░░░░░░░░░░[0m] [38;5;160m0.0%[0m Speed: 0 B/s | 0.0s | PID: 95975
2026-07-30 13:57:16,166 - __main__ - INFO - 🧹 CLEANUP: Process 95975 removed from registry
2026-07-30 13:57:16,166 - __main__ - WARNING - ⚠️  WARNING: Command completed with errors | Exit Code: 1 | Duration: 0.00s
2026-07-30 13:57:16,166 - __main__ - INFO - [38;5;46m[1m╭─────────────────────────────────────────────────────────────────────────────╮[0m
2026-07-30 13:57:16,166 - __main__ - INFO - [1m│[0m [38;5;196m📊 FINAL RESULTS ❌[0m
2026-07-30 13:57:16,166 - __main__ - INFO - [1m├─────────────────────────────────────────────────────────────────────────────┤[0m
2026-07-30 13:57:16,166 - __main__ - INFO - [1m│[0m [38;5;51m🚀 Command:[0m which zsteg
2026-07-30 13:57:16,166 - __main__ - INFO - [1m│[0m [38;5;208m⏱️  Duration:[0m 0.00s
2026-07-30 13:57:16,166 - __main__ - INFO - [1m│[0m [38;5;208m📊 Output Size:[0m 0 bytes
2026-07-30 13:57:16,166 - __main__ - INFO - [1m│[0m [38;5;129m🔢 Exit Code:[0m 1
2026-07-30 13:57:16,166 - __main__ - INFO - [1m│[0m [38;5;196m📈 Status:[0m FAILED | Cached: Yes
2026-07-30 13:57:16,166 - __main__ - INFO - [38;5;46m[1m╰─────────────────────────────────────────────────────────────────────────────╯[0m
2026-07-30 13:57:16,166 - __main__ - INFO - 🔍 Cache MISS for command: which outguess
2026-07-30 13:57:16,166 - __main__ - INFO - 🚀 EXECUTING: which outguess
2026-07-30 13:57:16,166 - __main__ - INFO - ⏱️  TIMEOUT: 300s | PID: Starting...
2026-07-30 13:57:16,167 - __main__ - INFO - 🆔 PROCESS: PID 95980 started
2026-07-30 13:57:16,167 - __main__ - INFO - 🆔 REGISTERED: Process 95980 - which outguess...
2026-07-30 13:57:16,167 - __main__ - INFO - ⚡ PROGRESS ⠋: [[38;5;196m[38;5;240m░░░░░░░░░░░░░░░░░░░░░░░░░░░░░░[0m] [38;5;160m0.0%[0m Speed: 0 B/s | 0.0s | PID: 95980
2026-07-30 13:57:16,168 - __main__ - INFO - 🧹 CLEANUP: Process 95980 removed from registry
2026-07-30 13:57:16,169 - __main__ - WARNING - ⚠️  WARNING: Command completed with errors | Exit Code: 1 | Duration: 0.00s
2026-07-30 13:57:16,169 - __main__ - INFO - [38;5;46m[1m╭─────────────────────────────────────────────────────────────────────────────╮[0m
2026-07-30 13:57:16,169 - __main__ - INFO - [1m│[0m [38;5;196m📊 FINAL RESULTS ❌[0m
2026-07-30 13:57:16,169 - __main__ - INFO - [1m├─────────────────────────────────────────────────────────────────────────────┤[0m
2026-07-30 13:57:16,169 - __main__ - INFO - [1m│[0m [38;5;51m🚀 Command:[0m which outguess
2026-07-30 13:57:16,169 - __main__ - INFO - [1m│[0m [38;5;208m⏱️  Duration:[0m 0.00s
2026-07-30 13:57:16,169 - __main__ - INFO - [1m│[0m [38;5;208m📊 Output Size:[0m 0 bytes
2026-07-30 13:57:16,169 - __main__ - INFO - [1m│[0m [38;5;129m🔢 Exit Code:[0m 1
2026-07-30 13:57:16,169 - __main__ - INFO - [1m│[0m [38;5;196m📈 Status:[0m FAILED | Cached: Yes
2026-07-30 13:57:16,169 - __main__ - INFO - [38;5;46m[1m╰─────────────────────────────────────────────────────────────────────────────╯[0m
2026-07-30 13:57:16,169 - __main__ - INFO - 🔍 Cache MISS for command: which prowler
2026-07-30 13:57:16,169 - __main__ - INFO - 🚀 EXECUTING: which prowler
2026-07-30 13:57:16,169 - __main__ - INFO - ⏱️  TIMEOUT: 300s | PID: Starting...
2026-07-30 13:57:16,169 - __main__ - INFO - 🆔 PROCESS: PID 95985 started
2026-07-30 13:57:16,169 - __main__ - INFO - 🆔 REGISTERED: Process 95985 - which prowler...
2026-07-30 13:57:16,170 - __main__ - INFO - ⚡ PROGRESS ⠋: [[38;5;196m[38;5;240m░░░░░░░░░░░░░░░░░░░░░░░░░░░░░░[0m] [38;5;160m0.0%[0m Speed: 0 B/s | 0.0s | PID: 95985
2026-07-30 13:57:16,171 - __main__ - INFO - 🧹 CLEANUP: Process 95985 removed from registry
2026-07-30 13:57:16,171 - __main__ - WARNING - ⚠️  WARNING: Command completed with errors | Exit Code: 1 | Duration: 0.00s
2026-07-30 13:57:16,171 - __main__ - INFO - [38;5;46m[1m╭─────────────────────────────────────────────────────────────────────────────╮[0m
2026-07-30 13:57:16,171 - __main__ - INFO - [1m│[0m [38;5;196m📊 FINAL RESULTS ❌[0m
2026-07-30 13:57:16,171 - __main__ - INFO - [1m├─────────────────────────────────────────────────────────────────────────────┤[0m
2026-07-30 13:57:16,171 - __main__ - INFO - [1m│[0m [38;5;51m🚀 Command:[0m which prowler
2026-07-30 13:57:16,171 - __main__ - INFO - [1m│[0m [38;5;208m⏱️  Duration:[0m 0.00s
2026-07-30 13:57:16,171 - __main__ - INFO - [1m│[0m [38;5;208m📊 Output Size:[0m 0 bytes
2026-07-30 13:57:16,171 - __main__ - INFO - [1m│[0m [38;5;129m🔢 Exit Code:[0m 1
2026-07-30 13:57:16,171 - __main__ - INFO - [1m│[0m [38;5;196m📈 Status:[0m FAILED | Cached: Yes
2026-07-30 13:57:16,171 - __main__ - INFO - [38;5;46m[1m╰─────────────────────────────────────────────────────────────────────────────╯[0m
2026-07-30 13:57:16,171 - __main__ - INFO - 🔍 Cache MISS for command: which scout-suite
2026-07-30 13:57:16,171 - __main__ - INFO - 🚀 EXECUTING: which scout-suite
2026-07-30 13:57:16,171 - __main__ - INFO - ⏱️  TIMEOUT: 300s | PID: Starting...
2026-07-30 13:57:16,172 - __main__ - INFO - 🆔 PROCESS: PID 95990 started
2026-07-30 13:57:16,172 - __main__ - INFO - 🆔 REGISTERED: Process 95990 - which scout-suite...
2026-07-30 13:57:16,173 - __main__ - INFO - ⚡ PROGRESS ⠋: [[38;5;196m[38;5;240m░░░░░░░░░░░░░░░░░░░░░░░░░░░░░░[0m] [38;5;160m0.0%[0m Speed: 0 B/s | 0.0s | PID: 95990
2026-07-30 13:57:16,174 - __main__ - INFO - 🧹 CLEANUP: Process 95990 removed from registry
2026-07-30 13:57:16,174 - __main__ - WARNING - ⚠️  WARNING: Command completed with errors | Exit Code: 1 | Duration: 0.00s
2026-07-30 13:57:16,174 - __main__ - INFO - [38;5;46m[1m╭─────────────────────────────────────────────────────────────────────────────╮[0m
2026-07-30 13:57:16,174 - __main__ - INFO - [1m│[0m [38;5;196m📊 FINAL RESULTS ❌[0m
2026-07-30 13:57:16,174 - __main__ - INFO - [1m├─────────────────────────────────────────────────────────────────────────────┤[0m
2026-07-30 13:57:16,174 - __main__ - INFO - [1m│[0m [38;5;51m🚀 Command:[0m which scout-suite
2026-07-30 13:57:16,174 - __main__ - INFO - [1m│[0m [38;5;208m⏱️  Duration:[0m 0.00s
2026-07-30 13:57:16,174 - __main__ - INFO - [1m│[0m [38;5;208m📊 Output Size:[0m 0 bytes
2026-07-30 13:57:16,174 - __main__ - INFO - [1m│[0m [38;5;129m🔢 Exit Code:[0m 1
2026-07-30 13:57:16,174 - __main__ - INFO - [1m│[0m [38;5;196m📈 Status:[0m FAILED | Cached: Yes
2026-07-30 13:57:16,174 - __main__ - INFO - [38;5;46m[1m╰─────────────────────────────────────────────────────────────────────────────╯[0m
2026-07-30 13:57:16,174 - __main__ - INFO - 🔍 Cache MISS for command: which trivy
2026-07-30 13:57:16,174 - __main__ - INFO - 🚀 EXECUTING: which trivy
2026-07-30 13:57:16,174 - __main__ - INFO - ⏱️  TIMEOUT: 300s | PID: Starting...
2026-07-30 13:57:16,174 - __main__ - INFO - 🆔 PROCESS: PID 95995 started
2026-07-30 13:57:16,174 - __main__ - INFO - 🆔 REGISTERED: Process 95995 - which trivy...
2026-07-30 13:57:16,175 - __main__ - INFO - ⚡ PROGRESS ⠋: [[38;5;196m[38;5;240m░░░░░░░░░░░░░░░░░░░░░░░░░░░░░░[0m] [38;5;160m0.0%[0m Speed: 0 B/s | 0.0s | PID: 95995
2026-07-30 13:57:16,176 - __main__ - INFO - 🧹 CLEANUP: Process 95995 removed from registry
2026-07-30 13:57:16,176 - __main__ - WARNING - ⚠️  WARNING: Command completed with errors | Exit Code: 1 | Duration: 0.00s
2026-07-30 13:57:16,176 - __main__ - INFO - [38;5;46m[1m╭─────────────────────────────────────────────────────────────────────────────╮[0m
2026-07-30 13:57:16,176 - __main__ - INFO - [1m│[0m [38;5;196m📊 FINAL RESULTS ❌[0m
2026-07-30 13:57:16,176 - __main__ - INFO - [1m├─────────────────────────────────────────────────────────────────────────────┤[0m
2026-07-30 13:57:16,176 - __main__ - INFO - [1m│[0m [38;5;51m🚀 Command:[0m which trivy
2026-07-30 13:57:16,176 - __main__ - INFO - [1m│[0m [38;5;208m⏱️  Duration:[0m 0.00s
2026-07-30 13:57:16,176 - __main__ - INFO - [1m│[0m [38;5;208m📊 Output Size:[0m 0 bytes
2026-07-30 13:57:16,176 - __main__ - INFO - [1m│[0m [38;5;129m🔢 Exit Code:[0m 1
2026-07-30 13:57:16,176 - __main__ - INFO - [1m│[0m [38;5;196m📈 Status:[0m FAILED | Cached: Yes
2026-07-30 13:57:16,176 - __main__ - INFO - [38;5;46m[1m╰─────────────────────────────────────────────────────────────────────────────╯[0m
2026-07-30 13:57:16,176 - __main__ - INFO - 🔍 Cache MISS for command: which kube-hunter
2026-07-30 13:57:16,176 - __main__ - INFO - 🚀 EXECUTING: which kube-hunter
2026-07-30 13:57:16,176 - __main__ - INFO - ⏱️  TIMEOUT: 300s | PID: Starting...
2026-07-30 13:57:16,177 - __main__ - INFO - 🆔 PROCESS: PID 96000 started
2026-07-30 13:57:16,177 - __main__ - INFO - 🆔 REGISTERED: Process 96000 - which kube-hunter...
2026-07-30 13:57:16,177 - __main__ - INFO - ⚡ PROGRESS ⠋: [[38;5;196m[38;5;240m░░░░░░░░░░░░░░░░░░░░░░░░░░░░░░[0m] [38;5;160m0.0%[0m Speed: 0 B/s | 0.0s | PID: 96000
2026-07-30 13:57:16,178 - __main__ - INFO - 🧹 CLEANUP: Process 96000 removed from registry
2026-07-30 13:57:16,179 - __main__ - WARNING - ⚠️  WARNING: Command completed with errors | Exit Code: 1 | Duration: 0.00s
2026-07-30 13:57:16,179 - __main__ - INFO - [38;5;46m[1m╭─────────────────────────────────────────────────────────────────────────────╮[0m
2026-07-30 13:57:16,179 - __main__ - INFO - [1m│[0m [38;5;196m📊 FINAL RESULTS ❌[0m
2026-07-30 13:57:16,179 - __main__ - INFO - [1m├─────────────────────────────────────────────────────────────────────────────┤[0m
2026-07-30 13:57:16,179 - __main__ - INFO - [1m│[0m [38;5;51m🚀 Command:[0m which kube-hunter
2026-07-30 13:57:16,179 - __main__ - INFO - [1m│[0m [38;5;208m⏱️  Duration:[0m 0.00s
2026-07-30 13:57:16,179 - __main__ - INFO - [1m│[0m [38;5;208m📊 Output Size:[0m 0 bytes
2026-07-30 13:57:16,179 - __main__ - INFO - [1m│[0m [38;5;129m🔢 Exit Code:[0m 1
2026-07-30 13:57:16,179 - __main__ - INFO - [1m│[0m [38;5;196m📈 Status:[0m FAILED | Cached: Yes
2026-07-30 13:57:16,179 - __main__ - INFO - [38;5;46m[1m╰─────────────────────────────────────────────────────────────────────────────╯[0m
2026-07-30 13:57:16,179 - __main__ - INFO - 🔍 Cache MISS for command: which kube-bench
2026-07-30 13:57:16,179 - __main__ - INFO - 🚀 EXECUTING: which kube-bench
2026-07-30 13:57:16,179 - __main__ - INFO - ⏱️  TIMEOUT: 300s | PID: Starting...
2026-07-30 13:57:16,179 - __main__ - INFO - 🆔 PROCESS: PID 96005 started
2026-07-30 13:57:16,179 - __main__ - INFO - 🆔 REGISTERED: Process 96005 - which kube-bench...
2026-07-30 13:57:16,180 - __main__ - INFO - ⚡ PROGRESS ⠋: [[38;5;196m[38;5;240m░░░░░░░░░░░░░░░░░░░░░░░░░░░░░░[0m] [38;5;160m0.0%[0m Speed: 0 B/s | 0.0s | PID: 96005
2026-07-30 13:57:16,181 - __main__ - INFO - 🧹 CLEANUP: Process 96005 removed from registry
2026-07-30 13:57:16,181 - __main__ - WARNING - ⚠️  WARNING: Command completed with errors | Exit Code: 1 | Duration: 0.00s
2026-07-30 13:57:16,181 - __main__ - INFO - [38;5;46m[1m╭─────────────────────────────────────────────────────────────────────────────╮[0m
2026-07-30 13:57:16,181 - __main__ - INFO - [1m│[0m [38;5;196m📊 FINAL RESULTS ❌[0m
2026-07-30 13:57:16,181 - __main__ - INFO - [1m├─────────────────────────────────────────────────────────────────────────────┤[0m
2026-07-30 13:57:16,181 - __main__ - INFO - [1m│[0m [38;5;51m🚀 Command:[0m which kube-bench
2026-07-30 13:57:16,181 - __main__ - INFO - [1m│[0m [38;5;208m⏱️  Duration:[0m 0.00s
2026-07-30 13:57:16,181 - __main__ - INFO - [1m│[0m [38;5;208m📊 Output Size:[0m 0 bytes
2026-07-30 13:57:16,181 - __main__ - INFO - [1m│[0m [38;5;129m🔢 Exit Code:[0m 1
2026-07-30 13:57:16,181 - __main__ - INFO - [1m│[0m [38;5;196m📈 Status:[0m FAILED | Cached: Yes
2026-07-30 13:57:16,181 - __main__ - INFO - [38;5;46m[1m╰─────────────────────────────────────────────────────────────────────────────╯[0m
2026-07-30 13:57:16,181 - __main__ - INFO - 🔍 Cache MISS for command: which docker-bench-security
2026-07-30 13:57:16,181 - __main__ - INFO - 🚀 EXECUTING: which docker-bench-security
2026-07-30 13:57:16,181 - __main__ - INFO - ⏱️  TIMEOUT: 300s | PID: Starting...
2026-07-30 13:57:16,182 - __main__ - INFO - 🆔 PROCESS: PID 96010 started
2026-07-30 13:57:16,182 - __main__ - INFO - 🆔 REGISTERED: Process 96010 - which docker-bench-security...
2026-07-30 13:57:16,182 - __main__ - INFO - ⚡ PROGRESS ⠋: [[38;5;196m[38;5;240m░░░░░░░░░░░░░░░░░░░░░░░░░░░░░░[0m] [38;5;160m0.0%[0m Speed: 0 B/s | 0.0s | PID: 96010
2026-07-30 13:57:16,184 - __main__ - INFO - 🧹 CLEANUP: Process 96010 removed from registry
2026-07-30 13:57:16,184 - __main__ - WARNING - ⚠️  WARNING: Command completed with errors | Exit Code: 1 | Duration: 0.00s
2026-07-30 13:57:16,184 - __main__ - INFO - [38;5;46m[1m╭─────────────────────────────────────────────────────────────────────────────╮[0m
2026-07-30 13:57:16,184 - __main__ - INFO - [1m│[0m [38;5;196m📊 FINAL RESULTS ❌[0m
2026-07-30 13:57:16,184 - __main__ - INFO - [1m├─────────────────────────────────────────────────────────────────────────────┤[0m
2026-07-30 13:57:16,184 - __main__ - INFO - [1m│[0m [38;5;51m🚀 Command:[0m which docker-bench-security
2026-07-30 13:57:16,184 - __main__ - INFO - [1m│[0m [38;5;208m⏱️  Duration:[0m 0.00s
2026-07-30 13:57:16,184 - __main__ - INFO - [1m│[0m [38;5;208m📊 Output Size:[0m 0 bytes
2026-07-30 13:57:16,184 - __main__ - INFO - [1m│[0m [38;5;129m🔢 Exit Code:[0m 1
2026-07-30 13:57:16,184 - __main__ - INFO - [1m│[0m [38;5;196m📈 Status:[0m FAILED | Cached: Yes
2026-07-30 13:57:16,184 - __main__ - INFO - [38;5;46m[1m╰─────────────────────────────────────────────────────────────────────────────╯[0m
2026-07-30 13:57:16,184 - __main__ - INFO - 🔍 Cache MISS for command: which checkov
2026-07-30 13:57:16,184 - __main__ - INFO - 🚀 EXECUTING: which checkov
2026-07-30 13:57:16,184 - __main__ - INFO - ⏱️  TIMEOUT: 300s | PID: Starting...
2026-07-30 13:57:16,185 - __main__ - INFO - 🆔 PROCESS: PID 96015 started
2026-07-30 13:57:16,185 - __main__ - INFO - 🆔 REGISTERED: Process 96015 - which checkov...
2026-07-30 13:57:16,185 - __main__ - INFO - ⚡ PROGRESS ⠋: [[38;5;196m[38;5;240m░░░░░░░░░░░░░░░░░░░░░░░░░░░░░░[0m] [38;5;160m0.0%[0m Speed: 0 B/s | 0.0s | PID: 96015
2026-07-30 13:57:16,186 - __main__ - INFO - 🧹 CLEANUP: Process 96015 removed from registry
2026-07-30 13:57:16,187 - __main__ - WARNING - ⚠️  WARNING: Command completed with errors | Exit Code: 1 | Duration: 0.00s
2026-07-30 13:57:16,187 - __main__ - INFO - [38;5;46m[1m╭─────────────────────────────────────────────────────────────────────────────╮[0m
2026-07-30 13:57:16,187 - __main__ - INFO - [1m│[0m [38;5;196m📊 FINAL RESULTS ❌[0m
2026-07-30 13:57:16,187 - __main__ - INFO - [1m├─────────────────────────────────────────────────────────────────────────────┤[0m
2026-07-30 13:57:16,187 - __main__ - INFO - [1m│[0m [38;5;51m🚀 Command:[0m which checkov
2026-07-30 13:57:16,187 - __main__ - INFO - [1m│[0m [38;5;208m⏱️  Duration:[0m 0.00s
2026-07-30 13:57:16,187 - __main__ - INFO - [1m│[0m [38;5;208m📊 Output Size:[0m 0 bytes
2026-07-30 13:57:16,187 - __main__ - INFO - [1m│[0m [38;5;129m🔢 Exit Code:[0m 1
2026-07-30 13:57:16,187 - __main__ - INFO - [1m│[0m [38;5;196m📈 Status:[0m FAILED | Cached: Yes
2026-07-30 13:57:16,187 - __main__ - INFO - [38;5;46m[1m╰─────────────────────────────────────────────────────────────────────────────╯[0m
2026-07-30 13:57:16,187 - __main__ - INFO - 🔍 Cache MISS for command: which terrascan
2026-07-30 13:57:16,187 - __main__ - INFO - 🚀 EXECUTING: which terrascan
2026-07-30 13:57:16,187 - __main__ - INFO - ⏱️  TIMEOUT: 300s | PID: Starting...
2026-07-30 13:57:16,187 - __main__ - INFO - 🆔 PROCESS: PID 96020 started
2026-07-30 13:57:16,187 - __main__ - INFO - 🆔 REGISTERED: Process 96020 - which terrascan...
2026-07-30 13:57:16,188 - __main__ - INFO - ⚡ PROGRESS ⠋: [[38;5;196m[38;5;240m░░░░░░░░░░░░░░░░░░░░░░░░░░░░░░[0m] [38;5;160m0.0%[0m Speed: 0 B/s | 0.0s | PID: 96020
2026-07-30 13:57:16,189 - __main__ - INFO - 🧹 CLEANUP: Process 96020 removed from registry
2026-07-30 13:57:16,189 - __main__ - WARNING - ⚠️  WARNING: Command completed with errors | Exit Code: 1 | Duration: 0.00s
2026-07-30 13:57:16,189 - __main__ - INFO - [38;5;46m[1m╭─────────────────────────────────────────────────────────────────────────────╮[0m
2026-07-30 13:57:16,189 - __main__ - INFO - [1m│[0m [38;5;196m📊 FINAL RESULTS ❌[0m
2026-07-30 13:57:16,189 - __main__ - INFO - [1m├─────────────────────────────────────────────────────────────────────────────┤[0m
2026-07-30 13:57:16,189 - __main__ - INFO - [1m│[0m [38;5;51m🚀 Command:[0m which terrascan
2026-07-30 13:57:16,189 - __main__ - INFO - [1m│[0m [38;5;208m⏱️  Duration:[0m 0.00s
2026-07-30 13:57:16,189 - __main__ - INFO - [1m│[0m [38;5;208m📊 Output Size:[0m 0 bytes
2026-07-30 13:57:16,189 - __main__ - INFO - [1m│[0m [38;5;129m🔢 Exit Code:[0m 1
2026-07-30 13:57:16,189 - __main__ - INFO - [1m│[0m [38;5;196m📈 Status:[0m FAILED | Cached: Yes
2026-07-30 13:57:16,189 - __main__ - INFO - [38;5;46m[1m╰─────────────────────────────────────────────────────────────────────────────╯[0m
2026-07-30 13:57:16,189 - __main__ - INFO - 🔍 Cache MISS for command: which falco
2026-07-30 13:57:16,189 - __main__ - INFO - 🚀 EXECUTING: which falco
2026-07-30 13:57:16,189 - __main__ - INFO - ⏱️  TIMEOUT: 300s | PID: Starting...
2026-07-30 13:57:16,190 - __main__ - INFO - 🆔 PROCESS: PID 96025 started
2026-07-30 13:57:16,190 - __main__ - INFO - 🆔 REGISTERED: Process 96025 - which falco...
2026-07-30 13:57:16,190 - __main__ - INFO - ⚡ PROGRESS ⠋: [[38;5;196m[38;5;240m░░░░░░░░░░░░░░░░░░░░░░░░░░░░░░[0m] [38;5;160m0.0%[0m Speed: 0 B/s | 0.0s | PID: 96025
2026-07-30 13:57:16,191 - __main__ - INFO - 🧹 CLEANUP: Process 96025 removed from registry
2026-07-30 13:57:16,191 - __main__ - WARNING - ⚠️  WARNING: Command completed with errors | Exit Code: 1 | Duration: 0.00s
2026-07-30 13:57:16,191 - __main__ - INFO - [38;5;46m[1m╭─────────────────────────────────────────────────────────────────────────────╮[0m
2026-07-30 13:57:16,192 - __main__ - INFO - [1m│[0m [38;5;196m📊 FINAL RESULTS ❌[0m
2026-07-30 13:57:16,192 - __main__ - INFO - [1m├─────────────────────────────────────────────────────────────────────────────┤[0m
2026-07-30 13:57:16,192 - __main__ - INFO - [1m│[0m [38;5;51m🚀 Command:[0m which falco
2026-07-30 13:57:16,192 - __main__ - INFO - [1m│[0m [38;5;208m⏱️  Duration:[0m 0.00s
2026-07-30 13:57:16,192 - __main__ - INFO - [1m│[0m [38;5;208m📊 Output Size:[0m 0 bytes
2026-07-30 13:57:16,192 - __main__ - INFO - [1m│[0m [38;5;129m🔢 Exit Code:[0m 1
2026-07-30 13:57:16,192 - __main__ - INFO - [1m│[0m [38;5;196m📈 Status:[0m FAILED | Cached: Yes
2026-07-30 13:57:16,192 - __main__ - INFO - [38;5;46m[1m╰─────────────────────────────────────────────────────────────────────────────╯[0m
2026-07-30 13:57:16,192 - __main__ - INFO - 🔍 Cache MISS for command: which clair
2026-07-30 13:57:16,192 - __main__ - INFO - 🚀 EXECUTING: which clair
2026-07-30 13:57:16,192 - __main__ - INFO - ⏱️  TIMEOUT: 300s | PID: Starting...
2026-07-30 13:57:16,193 - __main__ - INFO - 🆔 PROCESS: PID 96030 started
2026-07-30 13:57:16,193 - __main__ - INFO - 🆔 REGISTERED: Process 96030 - which clair...
2026-07-30 13:57:16,193 - __main__ - INFO - ⚡ PROGRESS ⠋: [[38;5;196m[38;5;240m░░░░░░░░░░░░░░░░░░░░░░░░░░░░░░[0m] [38;5;160m0.0%[0m Speed: 0 B/s | 0.0s | PID: 96030
2026-07-30 13:57:16,195 - __main__ - INFO - 🧹 CLEANUP: Process 96030 removed from registry
2026-07-30 13:57:16,195 - __main__ - WARNING - ⚠️  WARNING: Command completed with errors | Exit Code: 1 | Duration: 0.00s
2026-07-30 13:57:16,195 - __main__ - INFO - [38;5;46m[1m╭─────────────────────────────────────────────────────────────────────────────╮[0m
2026-07-30 13:57:16,195 - __main__ - INFO - [1m│[0m [38;5;196m📊 FINAL RESULTS ❌[0m
2026-07-30 13:57:16,195 - __main__ - INFO - [1m├─────────────────────────────────────────────────────────────────────────────┤[0m
2026-07-30 13:57:16,195 - __main__ - INFO - [1m│[0m [38;5;51m🚀 Command:[0m which clair
2026-07-30 13:57:16,195 - __main__ - INFO - [1m│[0m [38;5;208m⏱️  Duration:[0m 0.00s
2026-07-30 13:57:16,195 - __main__ - INFO - [1m│[0m [38;5;208m📊 Output Size:[0m 0 bytes
2026-07-30 13:57:16,195 - __main__ - INFO - [1m│[0m [38;5;129m🔢 Exit Code:[0m 1
2026-07-30 13:57:16,195 - __main__ - INFO - [1m│[0m [38;5;196m📈 Status:[0m FAILED | Cached: Yes
2026-07-30 13:57:16,195 - __main__ - INFO - [38;5;46m[1m╰─────────────────────────────────────────────────────────────────────────────╯[0m
2026-07-30 13:57:16,195 - __main__ - INFO - 🔍 Cache MISS for command: which amass
2026-07-30 13:57:16,195 - __main__ - INFO - 🚀 EXECUTING: which amass
2026-07-30 13:57:16,195 - __main__ - INFO - ⏱️  TIMEOUT: 300s | PID: Starting...
2026-07-30 13:57:16,196 - __main__ - INFO - 🆔 PROCESS: PID 96035 started
2026-07-30 13:57:16,196 - __main__ - INFO - 🆔 REGISTERED: Process 96035 - which amass...
2026-07-30 13:57:16,196 - __main__ - INFO - ⚡ PROGRESS ⠋: [[38;5;196m[38;5;240m░░░░░░░░░░░░░░░░░░░░░░░░░░░░░░[0m] [38;5;160m0.0%[0m Speed: 0 B/s | 0.0s | PID: 96035
2026-07-30 13:57:16,197 - __main__ - INFO - 📤 STDOUT: /usr/bin/amass
2026-07-30 13:57:16,198 - __main__ - INFO - 🧹 CLEANUP: Process 96035 removed from registry
2026-07-30 13:57:16,198 - __main__ - INFO - ✅ SUCCESS: Command completed | Exit Code: 0 | Duration: 0.00s
2026-07-30 13:57:16,198 - __main__ - INFO - [38;5;46m[1m╭─────────────────────────────────────────────────────────────────────────────╮[0m
2026-07-30 13:57:16,198 - __main__ - INFO - [1m│[0m [38;5;46m📊 FINAL RESULTS ✅[0m
2026-07-30 13:57:16,198 - __main__ - INFO - [1m├─────────────────────────────────────────────────────────────────────────────┤[0m
2026-07-30 13:57:16,198 - __main__ - INFO - [1m│[0m [38;5;51m🚀 Command:[0m which amass
2026-07-30 13:57:16,198 - __main__ - INFO - [1m│[0m [38;5;208m⏱️  Duration:[0m 0.00s
2026-07-30 13:57:16,198 - __main__ - INFO - [1m│[0m [38;5;208m📊 Output Size:[0m 15 bytes
2026-07-30 13:57:16,198 - __main__ - INFO - [1m│[0m [38;5;129m🔢 Exit Code:[0m 0
2026-07-30 13:57:16,198 - __main__ - INFO - [1m│[0m [38;5;46m📈 Status:[0m SUCCESS | Cached: Yes
2026-07-30 13:57:16,198 - __main__ - INFO - [38;5;46m[1m╰─────────────────────────────────────────────────────────────────────────────╯[0m
2026-07-30 13:57:16,198 - __main__ - INFO - 💾 Cached result for command: which amass
2026-07-30 13:57:16,198 - __main__ - INFO - 🔍 Cache MISS for command: which subfinder
2026-07-30 13:57:16,198 - __main__ - INFO - 🚀 EXECUTING: which subfinder
2026-07-30 13:57:16,198 - __main__ - INFO - ⏱️  TIMEOUT: 300s | PID: Starting...
2026-07-30 13:57:16,198 - __main__ - INFO - 🆔 PROCESS: PID 96040 started
2026-07-30 13:57:16,198 - __main__ - INFO - 🆔 REGISTERED: Process 96040 - which subfinder...
2026-07-30 13:57:16,199 - __main__ - INFO - ⚡ PROGRESS ⠋: [[38;5;196m[38;5;240m░░░░░░░░░░░░░░░░░░░░░░░░░░░░░░[0m] [38;5;160m0.0%[0m Speed: 0 B/s | 0.0s | PID: 96040
2026-07-30 13:57:16,200 - __main__ - INFO - 🧹 CLEANUP: Process 96040 removed from registry
2026-07-30 13:57:16,200 - __main__ - WARNING - ⚠️  WARNING: Command completed with errors | Exit Code: 1 | Duration: 0.00s
2026-07-30 13:57:16,200 - __main__ - INFO - [38;5;46m[1m╭─────────────────────────────────────────────────────────────────────────────╮[0m
2026-07-30 13:57:16,200 - __main__ - INFO - [1m│[0m [38;5;196m📊 FINAL RESULTS ❌[0m
2026-07-30 13:57:16,200 - __main__ - INFO - [1m├─────────────────────────────────────────────────────────────────────────────┤[0m
2026-07-30 13:57:16,200 - __main__ - INFO - [1m│[0m [38;5;51m🚀 Command:[0m which subfinder
2026-07-30 13:57:16,200 - __main__ - INFO - [1m│[0m [38;5;208m⏱️  Duration:[0m 0.00s
2026-07-30 13:57:16,200 - __main__ - INFO - [1m│[0m [38;5;208m📊 Output Size:[0m 0 bytes
2026-07-30 13:57:16,201 - __main__ - INFO - [1m│[0m [38;5;129m🔢 Exit Code:[0m 1
2026-07-30 13:57:16,201 - __main__ - INFO - [1m│[0m [38;5;196m📈 Status:[0m FAILED | Cached: Yes
2026-07-30 13:57:16,201 - __main__ - INFO - [38;5;46m[1m╰─────────────────────────────────────────────────────────────────────────────╯[0m
2026-07-30 13:57:16,201 - __main__ - INFO - 🔍 Cache MISS for command: which fierce
2026-07-30 13:57:16,201 - __main__ - INFO - 🚀 EXECUTING: which fierce
2026-07-30 13:57:16,201 - __main__ - INFO - ⏱️  TIMEOUT: 300s | PID: Starting...
2026-07-30 13:57:16,201 - __main__ - INFO - 🆔 PROCESS: PID 96045 started
2026-07-30 13:57:16,201 - __main__ - INFO - 🆔 REGISTERED: Process 96045 - which fierce...
2026-07-30 13:57:16,202 - __main__ - INFO - ⚡ PROGRESS ⠋: [[38;5;196m[38;5;240m░░░░░░░░░░░░░░░░░░░░░░░░░░░░░░[0m] [38;5;160m0.0%[0m Speed: 0 B/s | 0.0s | PID: 96045
2026-07-30 13:57:16,202 - __main__ - INFO - 📤 STDOUT: /usr/bin/fierce
2026-07-30 13:57:16,203 - __main__ - INFO - 🧹 CLEANUP: Process 96045 removed from registry
2026-07-30 13:57:16,203 - __main__ - INFO - ✅ SUCCESS: Command completed | Exit Code: 0 | Duration: 0.00s
2026-07-30 13:57:16,203 - __main__ - INFO - [38;5;46m[1m╭─────────────────────────────────────────────────────────────────────────────╮[0m
2026-07-30 13:57:16,203 - __main__ - INFO - [1m│[0m [38;5;46m📊 FINAL RESULTS ✅[0m
2026-07-30 13:57:16,203 - __main__ - INFO - [1m├─────────────────────────────────────────────────────────────────────────────┤[0m
2026-07-30 13:57:16,203 - __main__ - INFO - [1m│[0m [38;5;51m🚀 Command:[0m which fierce
2026-07-30 13:57:16,203 - __main__ - INFO - [1m│[0m [38;5;208m⏱️  Duration:[0m 0.00s
2026-07-30 13:57:16,203 - __main__ - INFO - [1m│[0m [38;5;208m📊 Output Size:[0m 16 bytes
2026-07-30 13:57:16,203 - __main__ - INFO - [1m│[0m [38;5;129m🔢 Exit Code:[0m 0
2026-07-30 13:57:16,203 - __main__ - INFO - [1m│[0m [38;5;46m📈 Status:[0m SUCCESS | Cached: Yes
2026-07-30 13:57:16,203 - __main__ - INFO - [38;5;46m[1m╰─────────────────────────────────────────────────────────────────────────────╯[0m
2026-07-30 13:57:16,203 - __main__ - INFO - 💾 Cached result for command: which fierce
2026-07-30 13:57:16,203 - __main__ - INFO - 🔍 Cache MISS for command: which dnsenum
2026-07-30 13:57:16,203 - __main__ - INFO - 🚀 EXECUTING: which dnsenum
2026-07-30 13:57:16,203 - __main__ - INFO - ⏱️  TIMEOUT: 300s | PID: Starting...
2026-07-30 13:57:16,203 - __main__ - INFO - 🆔 PROCESS: PID 96050 started
2026-07-30 13:57:16,203 - __main__ - INFO - 🆔 REGISTERED: Process 96050 - which dnsenum...
2026-07-30 13:57:16,204 - __main__ - INFO - ⚡ PROGRESS ⠋: [[38;5;196m[38;5;240m░░░░░░░░░░░░░░░░░░░░░░░░░░░░░░[0m] [38;5;160m0.0%[0m Speed: 0 B/s | 0.0s | PID: 96050
2026-07-30 13:57:16,205 - __main__ - INFO - 📤 STDOUT: /usr/bin/dnsenum
2026-07-30 13:57:16,205 - __main__ - INFO - 🧹 CLEANUP: Process 96050 removed from registry
2026-07-30 13:57:16,205 - __main__ - INFO - ✅ SUCCESS: Command completed | Exit Code: 0 | Duration: 0.00s
2026-07-30 13:57:16,205 - __main__ - INFO - [38;5;46m[1m╭─────────────────────────────────────────────────────────────────────────────╮[0m
2026-07-30 13:57:16,205 - __main__ - INFO - [1m│[0m [38;5;46m📊 FINAL RESULTS ✅[0m
2026-07-30 13:57:16,205 - __main__ - INFO - [1m├─────────────────────────────────────────────────────────────────────────────┤[0m
2026-07-30 13:57:16,205 - __main__ - INFO - [1m│[0m [38;5;51m🚀 Command:[0m which dnsenum
2026-07-30 13:57:16,205 - __main__ - INFO - [1m│[0m [38;5;208m⏱️  Duration:[0m 0.00s
2026-07-30 13:57:16,205 - __main__ - INFO - [1m│[0m [38;5;208m📊 Output Size:[0m 17 bytes
2026-07-30 13:57:16,205 - __main__ - INFO - [1m│[0m [38;5;129m🔢 Exit Code:[0m 0
2026-07-30 13:57:16,205 - __main__ - INFO - [1m│[0m [38;5;46m📈 Status:[0m SUCCESS | Cached: Yes
2026-07-30 13:57:16,205 - __main__ - INFO - [38;5;46m[1m╰─────────────────────────────────────────────────────────────────────────────╯[0m
2026-07-30 13:57:16,205 - __main__ - INFO - 💾 Cached result for command: which dnsenum
2026-07-30 13:57:16,205 - __main__ - INFO - 🔍 Cache MISS for command: which theharvester
2026-07-30 13:57:16,205 - __main__ - INFO - 🚀 EXECUTING: which theharvester
2026-07-30 13:57:16,205 - __main__ - INFO - ⏱️  TIMEOUT: 300s | PID: Starting...
2026-07-30 13:57:16,206 - __main__ - INFO - 🆔 PROCESS: PID 96055 started
2026-07-30 13:57:16,206 - __main__ - INFO - 🆔 REGISTERED: Process 96055 - which theharvester...
2026-07-30 13:57:16,206 - __main__ - INFO - ⚡ PROGRESS ⠋: [[38;5;196m[38;5;240m░░░░░░░░░░░░░░░░░░░░░░░░░░░░░░[0m] [38;5;160m0.0%[0m Speed: 0 B/s | 0.0s | PID: 96055
2026-07-30 13:57:16,207 - __main__ - INFO - 📤 STDOUT: /usr/bin/theharvester
2026-07-30 13:57:16,207 - __main__ - INFO - 🧹 CLEANUP: Process 96055 removed from registry
2026-07-30 13:57:16,207 - __main__ - INFO - ✅ SUCCESS: Command completed | Exit Code: 0 | Duration: 0.00s
2026-07-30 13:57:16,207 - __main__ - INFO - [38;5;46m[1m╭─────────────────────────────────────────────────────────────────────────────╮[0m
2026-07-30 13:57:16,207 - __main__ - INFO - [1m│[0m [38;5;46m📊 FINAL RESULTS ✅[0m
2026-07-30 13:57:16,208 - __main__ - INFO - [1m├─────────────────────────────────────────────────────────────────────────────┤[0m
2026-07-30 13:57:16,208 - __main__ - INFO - [1m│[0m [38;5;51m🚀 Command:[0m which theharvester
2026-07-30 13:57:16,208 - __main__ - INFO - [1m│[0m [38;5;208m⏱️  Duration:[0m 0.00s
2026-07-30 13:57:16,208 - __main__ - INFO - [1m│[0m [38;5;208m📊 Output Size:[0m 22 bytes
2026-07-30 13:57:16,208 - __main__ - INFO - [1m│[0m [38;5;129m🔢 Exit Code:[0m 0
2026-07-30 13:57:16,208 - __main__ - INFO - [1m│[0m [38;5;46m📈 Status:[0m SUCCESS | Cached: Yes
2026-07-30 13:57:16,208 - __main__ - INFO - [38;5;46m[1m╰─────────────────────────────────────────────────────────────────────────────╯[0m
2026-07-30 13:57:16,208 - __main__ - INFO - 💾 Cached result for command: which theharvester
2026-07-30 13:57:16,208 - __main__ - INFO - 🔍 Cache MISS for command: which sherlock
2026-07-30 13:57:16,208 - __main__ - INFO - 🚀 EXECUTING: which sherlock
2026-07-30 13:57:16,208 - __main__ - INFO - ⏱️  TIMEOUT: 300s | PID: Starting...
2026-07-30 13:57:16,208 - __main__ - INFO - 🆔 PROCESS: PID 96060 started
2026-07-30 13:57:16,208 - __main__ - INFO - 🆔 REGISTERED: Process 96060 - which sherlock...
2026-07-30 13:57:16,209 - __main__ - INFO - ⚡ PROGRESS ⠋: [[38;5;196m[38;5;240m░░░░░░░░░░░░░░░░░░░░░░░░░░░░░░[0m] [38;5;160m0.0%[0m Speed: 0 B/s | 0.0s | PID: 96060
2026-07-30 13:57:16,210 - __main__ - INFO - 🧹 CLEANUP: Process 96060 removed from registry
2026-07-30 13:57:16,210 - __main__ - WARNING - ⚠️  WARNING: Command completed with errors | Exit Code: 1 | Duration: 0.00s
2026-07-30 13:57:16,210 - __main__ - INFO - [38;5;46m[1m╭─────────────────────────────────────────────────────────────────────────────╮[0m
2026-07-30 13:57:16,210 - __main__ - INFO - [1m│[0m [38;5;196m📊 FINAL RESULTS ❌[0m
2026-07-30 13:57:16,210 - __main__ - INFO - [1m├─────────────────────────────────────────────────────────────────────────────┤[0m
2026-07-30 13:57:16,210 - __main__ - INFO - [1m│[0m [38;5;51m🚀 Command:[0m which sherlock
2026-07-30 13:57:16,210 - __main__ - INFO - [1m│[0m [38;5;208m⏱️  Duration:[0m 0.00s
2026-07-30 13:57:16,210 - __main__ - INFO - [1m│[0m [38;5;208m📊 Output Size:[0m 0 bytes
2026-07-30 13:57:16,210 - __main__ - INFO - [1m│[0m [38;5;129m🔢 Exit Code:[0m 1
2026-07-30 13:57:16,210 - __main__ - INFO - [1m│[0m [38;5;196m📈 Status:[0m FAILED | Cached: Yes
2026-07-30 13:57:16,210 - __main__ - INFO - [38;5;46m[1m╰─────────────────────────────────────────────────────────────────────────────╯[0m
2026-07-30 13:57:16,210 - __main__ - INFO - 🔍 Cache MISS for command: which social-analyzer
2026-07-30 13:57:16,210 - __main__ - INFO - 🚀 EXECUTING: which social-analyzer
2026-07-30 13:57:16,210 - __main__ - INFO - ⏱️  TIMEOUT: 300s | PID: Starting...
2026-07-30 13:57:16,211 - __main__ - INFO - 🆔 PROCESS: PID 96065 started
2026-07-30 13:57:16,211 - __main__ - INFO - 🆔 REGISTERED: Process 96065 - which social-analyzer...
2026-07-30 13:57:16,211 - __main__ - INFO - ⚡ PROGRESS ⠋: [[38;5;196m[38;5;240m░░░░░░░░░░░░░░░░░░░░░░░░░░░░░░[0m] [38;5;160m0.0%[0m Speed: 0 B/s | 0.0s | PID: 96065
2026-07-30 13:57:16,213 - __main__ - INFO - 🧹 CLEANUP: Process 96065 removed from registry
2026-07-30 13:57:16,213 - __main__ - WARNING - ⚠️  WARNING: Command completed with errors | Exit Code: 1 | Duration: 0.00s
2026-07-30 13:57:16,213 - __main__ - INFO - [38;5;46m[1m╭─────────────────────────────────────────────────────────────────────────────╮[0m
2026-07-30 13:57:16,213 - __main__ - INFO - [1m│[0m [38;5;196m📊 FINAL RESULTS ❌[0m
2026-07-30 13:57:16,213 - __main__ - INFO - [1m├─────────────────────────────────────────────────────────────────────────────┤[0m
2026-07-30 13:57:16,213 - __main__ - INFO - [1m│[0m [38;5;51m🚀 Command:[0m which social-analyzer
2026-07-30 13:57:16,213 - __main__ - INFO - [1m│[0m [38;5;208m⏱️  Duration:[0m 0.00s
2026-07-30 13:57:16,213 - __main__ - INFO - [1m│[0m [38;5;208m📊 Output Size:[0m 0 bytes
2026-07-30 13:57:16,213 - __main__ - INFO - [1m│[0m [38;5;129m🔢 Exit Code:[0m 1
2026-07-30 13:57:16,213 - __main__ - INFO - [1m│[0m [38;5;196m📈 Status:[0m FAILED | Cached: Yes
2026-07-30 13:57:16,213 - __main__ - INFO - [38;5;46m[1m╰─────────────────────────────────────────────────────────────────────────────╯[0m
2026-07-30 13:57:16,213 - __main__ - INFO - 🔍 Cache MISS for command: which recon-ng
2026-07-30 13:57:16,213 - __main__ - INFO - 🚀 EXECUTING: which recon-ng
2026-07-30 13:57:16,213 - __main__ - INFO - ⏱️  TIMEOUT: 300s | PID: Starting...
2026-07-30 13:57:16,214 - __main__ - INFO - 🆔 PROCESS: PID 96070 started
2026-07-30 13:57:16,214 - __main__ - INFO - 🆔 REGISTERED: Process 96070 - which recon-ng...
2026-07-30 13:57:16,214 - __main__ - INFO - ⚡ PROGRESS ⠋: [[38;5;196m[38;5;240m░░░░░░░░░░░░░░░░░░░░░░░░░░░░░░[0m] [38;5;160m0.0%[0m Speed: 0 B/s | 0.0s | PID: 96070
2026-07-30 13:57:16,215 - __main__ - INFO - 📤 STDOUT: /usr/bin/recon-ng
2026-07-30 13:57:16,215 - __main__ - INFO - 🧹 CLEANUP: Process 96070 removed from registry
2026-07-30 13:57:16,215 - __main__ - INFO - ✅ SUCCESS: Command completed | Exit Code: 0 | Duration: 0.00s
2026-07-30 13:57:16,215 - __main__ - INFO - [38;5;46m[1m╭─────────────────────────────────────────────────────────────────────────────╮[0m
2026-07-30 13:57:16,215 - __main__ - INFO - [1m│[0m [38;5;46m📊 FINAL RESULTS ✅[0m
2026-07-30 13:57:16,215 - __main__ - INFO - [1m├─────────────────────────────────────────────────────────────────────────────┤[0m
2026-07-30 13:57:16,216 - __main__ - INFO - [1m│[0m [38;5;51m🚀 Command:[0m which recon-ng
2026-07-30 13:57:16,216 - __main__ - INFO - [1m│[0m [38;5;208m⏱️  Duration:[0m 0.00s
2026-07-30 13:57:16,216 - __main__ - INFO - [1m│[0m [38;5;208m📊 Output Size:[0m 18 bytes
2026-07-30 13:57:16,216 - __main__ - INFO - [1m│[0m [38;5;129m🔢 Exit Code:[0m 0
2026-07-30 13:57:16,216 - __main__ - INFO - [1m│[0m [38;5;46m📈 Status:[0m SUCCESS | Cached: Yes
2026-07-30 13:57:16,216 - __main__ - INFO - [38;5;46m[1m╰─────────────────────────────────────────────────────────────────────────────╯[0m
2026-07-30 13:57:16,216 - __main__ - INFO - 💾 Cached result for command: which recon-ng
2026-07-30 13:57:16,216 - __main__ - INFO - 🔍 Cache MISS for command: which maltego
2026-07-30 13:57:16,216 - __main__ - INFO - 🚀 EXECUTING: which maltego
2026-07-30 13:57:16,216 - __main__ - INFO - ⏱️  TIMEOUT: 300s | PID: Starting...
2026-07-30 13:57:16,216 - __main__ - INFO - 🆔 PROCESS: PID 96075 started
2026-07-30 13:57:16,216 - __main__ - INFO - 🆔 REGISTERED: Process 96075 - which maltego...
2026-07-30 13:57:16,217 - __main__ - INFO - ⚡ PROGRESS ⠋: [[38;5;196m[38;5;240m░░░░░░░░░░░░░░░░░░░░░░░░░░░░░░[0m] [38;5;160m0.0%[0m Speed: 0 B/s | 0.0s | PID: 96075
2026-07-30 13:57:16,218 - __main__ - INFO - 🧹 CLEANUP: Process 96075 removed from registry
2026-07-30 13:57:16,218 - __main__ - WARNING - ⚠️  WARNING: Command completed with errors | Exit Code: 1 | Duration: 0.00s
2026-07-30 13:57:16,218 - __main__ - INFO - [38;5;46m[1m╭─────────────────────────────────────────────────────────────────────────────╮[0m
2026-07-30 13:57:16,219 - __main__ - INFO - [1m│[0m [38;5;196m📊 FINAL RESULTS ❌[0m
2026-07-30 13:57:16,219 - __main__ - INFO - [1m├─────────────────────────────────────────────────────────────────────────────┤[0m
2026-07-30 13:57:16,219 - __main__ - INFO - [1m│[0m [38;5;51m🚀 Command:[0m which maltego
2026-07-30 13:57:16,219 - __main__ - INFO - [1m│[0m [38;5;208m⏱️  Duration:[0m 0.00s
2026-07-30 13:57:16,219 - __main__ - INFO - [1m│[0m [38;5;208m📊 Output Size:[0m 0 bytes
2026-07-30 13:57:16,219 - __main__ - INFO - [1m│[0m [38;5;129m🔢 Exit Code:[0m 1
2026-07-30 13:57:16,219 - __main__ - INFO - [1m│[0m [38;5;196m📈 Status:[0m FAILED | Cached: Yes
2026-07-30 13:57:16,219 - __main__ - INFO - [38;5;46m[1m╰─────────────────────────────────────────────────────────────────────────────╯[0m
2026-07-30 13:57:16,219 - __main__ - INFO - 🔍 Cache MISS for command: which spiderfoot
2026-07-30 13:57:16,219 - __main__ - INFO - 🚀 EXECUTING: which spiderfoot
2026-07-30 13:57:16,219 - __main__ - INFO - ⏱️  TIMEOUT: 300s | PID: Starting...
2026-07-30 13:57:16,219 - __main__ - INFO - 🆔 PROCESS: PID 96080 started
2026-07-30 13:57:16,219 - __main__ - INFO - 🆔 REGISTERED: Process 96080 - which spiderfoot...
2026-07-30 13:57:16,220 - __main__ - INFO - ⚡ PROGRESS ⠋: [[38;5;196m[38;5;240m░░░░░░░░░░░░░░░░░░░░░░░░░░░░░░[0m] [38;5;160m0.0%[0m Speed: 0 B/s | 0.0s | PID: 96080
2026-07-30 13:57:16,221 - __main__ - INFO - 📤 STDOUT: /usr/bin/spiderfoot
2026-07-30 13:57:16,222 - __main__ - INFO - 🧹 CLEANUP: Process 96080 removed from registry
2026-07-30 13:57:16,222 - __main__ - INFO - ✅ SUCCESS: Command completed | Exit Code: 0 | Duration: 0.00s
2026-07-30 13:57:16,222 - __main__ - INFO - [38;5;46m[1m╭─────────────────────────────────────────────────────────────────────────────╮[0m
2026-07-30 13:57:16,222 - __main__ - INFO - [1m│[0m [38;5;46m📊 FINAL RESULTS ✅[0m
2026-07-30 13:57:16,222 - __main__ - INFO - [1m├─────────────────────────────────────────────────────────────────────────────┤[0m
2026-07-30 13:57:16,222 - __main__ - INFO - [1m│[0m [38;5;51m🚀 Command:[0m which spiderfoot
2026-07-30 13:57:16,222 - __main__ - INFO - [1m│[0m [38;5;208m⏱️  Duration:[0m 0.00s
2026-07-30 13:57:16,222 - __main__ - INFO - [1m│[0m [38;5;208m📊 Output Size:[0m 20 bytes
2026-07-30 13:57:16,222 - __main__ - INFO - [1m│[0m [38;5;129m🔢 Exit Code:[0m 0
2026-07-30 13:57:16,222 - __main__ - INFO - [1m│[0m [38;5;46m📈 Status:[0m SUCCESS | Cached: Yes
2026-07-30 13:57:16,222 - __main__ - INFO - [38;5;46m[1m╰─────────────────────────────────────────────────────────────────────────────╯[0m
2026-07-30 13:57:16,222 - __main__ - INFO - 💾 Cached result for command: which spiderfoot
2026-07-30 13:57:16,222 - __main__ - INFO - 🔍 Cache MISS for command: which shodan-cli
2026-07-30 13:57:16,222 - __main__ - INFO - 🚀 EXECUTING: which shodan-cli
2026-07-30 13:57:16,222 - __main__ - INFO - ⏱️  TIMEOUT: 300s | PID: Starting...
2026-07-30 13:57:16,222 - __main__ - INFO - 🆔 PROCESS: PID 96085 started
2026-07-30 13:57:16,222 - __main__ - INFO - 🆔 REGISTERED: Process 96085 - which shodan-cli...
2026-07-30 13:57:16,223 - __main__ - INFO - ⚡ PROGRESS ⠋: [[38;5;196m[38;5;240m░░░░░░░░░░░░░░░░░░░░░░░░░░░░░░[0m] [38;5;160m0.0%[0m Speed: 0 B/s | 0.0s | PID: 96085
2026-07-30 13:57:16,224 - __main__ - INFO - 🧹 CLEANUP: Process 96085 removed from registry
2026-07-30 13:57:16,224 - __main__ - WARNING - ⚠️  WARNING: Command completed with errors | Exit Code: 1 | Duration: 0.00s
2026-07-30 13:57:16,224 - __main__ - INFO - [38;5;46m[1m╭─────────────────────────────────────────────────────────────────────────────╮[0m
2026-07-30 13:57:16,224 - __main__ - INFO - [1m│[0m [38;5;196m📊 FINAL RESULTS ❌[0m
2026-07-30 13:57:16,224 - __main__ - INFO - [1m├─────────────────────────────────────────────────────────────────────────────┤[0m
2026-07-30 13:57:16,224 - __main__ - INFO - [1m│[0m [38;5;51m🚀 Command:[0m which shodan-cli
2026-07-30 13:57:16,224 - __main__ - INFO - [1m│[0m [38;5;208m⏱️  Duration:[0m 0.00s
2026-07-30 13:57:16,224 - __main__ - INFO - [1m│[0m [38;5;208m📊 Output Size:[0m 0 bytes
2026-07-30 13:57:16,224 - __main__ - INFO - [1m│[0m [38;5;129m🔢 Exit Code:[0m 1
2026-07-30 13:57:16,224 - __main__ - INFO - [1m│[0m [38;5;196m📈 Status:[0m FAILED | Cached: Yes
2026-07-30 13:57:16,224 - __main__ - INFO - [38;5;46m[1m╰─────────────────────────────────────────────────────────────────────────────╯[0m
2026-07-30 13:57:16,224 - __main__ - INFO - 🔍 Cache MISS for command: which censys-cli
2026-07-30 13:57:16,224 - __main__ - INFO - 🚀 EXECUTING: which censys-cli
2026-07-30 13:57:16,224 - __main__ - INFO - ⏱️  TIMEOUT: 300s | PID: Starting...
2026-07-30 13:57:16,225 - __main__ - INFO - 🆔 PROCESS: PID 96090 started
2026-07-30 13:57:16,225 - __main__ - INFO - 🆔 REGISTERED: Process 96090 - which censys-cli...
2026-07-30 13:57:16,225 - __main__ - INFO - ⚡ PROGRESS ⠋: [[38;5;196m[38;5;240m░░░░░░░░░░░░░░░░░░░░░░░░░░░░░░[0m] [38;5;160m0.0%[0m Speed: 0 B/s | 0.0s | PID: 96090
2026-07-30 13:57:16,226 - __main__ - INFO - 🧹 CLEANUP: Process 96090 removed from registry
2026-07-30 13:57:16,226 - __main__ - WARNING - ⚠️  WARNING: Command completed with errors | Exit Code: 1 | Duration: 0.00s
2026-07-30 13:57:16,226 - __main__ - INFO - [38;5;46m[1m╭─────────────────────────────────────────────────────────────────────────────╮[0m
2026-07-30 13:57:16,227 - __main__ - INFO - [1m│[0m [38;5;196m📊 FINAL RESULTS ❌[0m
2026-07-30 13:57:16,227 - __main__ - INFO - [1m├─────────────────────────────────────────────────────────────────────────────┤[0m
2026-07-30 13:57:16,227 - __main__ - INFO - [1m│[0m [38;5;51m🚀 Command:[0m which censys-cli
2026-07-30 13:57:16,227 - __main__ - INFO - [1m│[0m [38;5;208m⏱️  Duration:[0m 0.00s
2026-07-30 13:57:16,227 - __main__ - INFO - [1m│[0m [38;5;208m📊 Output Size:[0m 0 bytes
2026-07-30 13:57:16,227 - __main__ - INFO - [1m│[0m [38;5;129m🔢 Exit Code:[0m 1
2026-07-30 13:57:16,227 - __main__ - INFO - [1m│[0m [38;5;196m📈 Status:[0m FAILED | Cached: Yes
2026-07-30 13:57:16,227 - __main__ - INFO - [38;5;46m[1m╰─────────────────────────────────────────────────────────────────────────────╯[0m
2026-07-30 13:57:16,227 - __main__ - INFO - 🔍 Cache MISS for command: which have-i-been-pwned
2026-07-30 13:57:16,227 - __main__ - INFO - 🚀 EXECUTING: which have-i-been-pwned
2026-07-30 13:57:16,227 - __main__ - INFO - ⏱️  TIMEOUT: 300s | PID: Starting...
2026-07-30 13:57:16,227 - __main__ - INFO - 🆔 PROCESS: PID 96095 started
2026-07-30 13:57:16,228 - __main__ - INFO - 🆔 REGISTERED: Process 96095 - which have-i-been-pwned...
2026-07-30 13:57:16,228 - __main__ - INFO - ⚡ PROGRESS ⠋: [[38;5;196m[38;5;240m░░░░░░░░░░░░░░░░░░░░░░░░░░░░░░[0m] [38;5;160m0.0%[0m Speed: 0 B/s | 0.0s | PID: 96095
2026-07-30 13:57:16,229 - __main__ - INFO - 🧹 CLEANUP: Process 96095 removed from registry
2026-07-30 13:57:16,229 - __main__ - WARNING - ⚠️  WARNING: Command completed with errors | Exit Code: 1 | Duration: 0.00s
2026-07-30 13:57:16,229 - __main__ - INFO - [38;5;46m[1m╭─────────────────────────────────────────────────────────────────────────────╮[0m
2026-07-30 13:57:16,229 - __main__ - INFO - [1m│[0m [38;5;196m📊 FINAL RESULTS ❌[0m
2026-07-30 13:57:16,229 - __main__ - INFO - [1m├─────────────────────────────────────────────────────────────────────────────┤[0m
2026-07-30 13:57:16,229 - __main__ - INFO - [1m│[0m [38;5;51m🚀 Command:[0m which have-i-been-pwned
2026-07-30 13:57:16,229 - __main__ - INFO - [1m│[0m [38;5;208m⏱️  Duration:[0m 0.00s
2026-07-30 13:57:16,229 - __main__ - INFO - [1m│[0m [38;5;208m📊 Output Size:[0m 0 bytes
2026-07-30 13:57:16,230 - __main__ - INFO - [1m│[0m [38;5;129m🔢 Exit Code:[0m 1
2026-07-30 13:57:16,230 - __main__ - INFO - [1m│[0m [38;5;196m📈 Status:[0m FAILED | Cached: Yes
2026-07-30 13:57:16,230 - __main__ - INFO - [38;5;46m[1m╰─────────────────────────────────────────────────────────────────────────────╯[0m
2026-07-30 13:57:16,230 - __main__ - INFO - 🔍 Cache MISS for command: which metasploit
2026-07-30 13:57:16,230 - __main__ - INFO - 🚀 EXECUTING: which metasploit
2026-07-30 13:57:16,230 - __main__ - INFO - ⏱️  TIMEOUT: 300s | PID: Starting...
2026-07-30 13:57:16,230 - __main__ - INFO - 🆔 PROCESS: PID 96100 started
2026-07-30 13:57:16,230 - __main__ - INFO - 🆔 REGISTERED: Process 96100 - which metasploit...
2026-07-30 13:57:16,230 - __main__ - INFO - ⚡ PROGRESS ⠋: [[38;5;196m[38;5;240m░░░░░░░░░░░░░░░░░░░░░░░░░░░░░░[0m] [38;5;160m0.0%[0m Speed: 0 B/s | 0.0s | PID: 96100
2026-07-30 13:57:16,232 - __main__ - INFO - 🧹 CLEANUP: Process 96100 removed from registry
2026-07-30 13:57:16,232 - __main__ - WARNING - ⚠️  WARNING: Command completed with errors | Exit Code: 1 | Duration: 0.00s
2026-07-30 13:57:16,232 - __main__ - INFO - [38;5;46m[1m╭─────────────────────────────────────────────────────────────────────────────╮[0m
2026-07-30 13:57:16,232 - __main__ - INFO - [1m│[0m [38;5;196m📊 FINAL RESULTS ❌[0m
2026-07-30 13:57:16,232 - __main__ - INFO - [1m├─────────────────────────────────────────────────────────────────────────────┤[0m
2026-07-30 13:57:16,232 - __main__ - INFO - [1m│[0m [38;5;51m🚀 Command:[0m which metasploit
2026-07-30 13:57:16,232 - __main__ - INFO - [1m│[0m [38;5;208m⏱️  Duration:[0m 0.00s
2026-07-30 13:57:16,232 - __main__ - INFO - [1m│[0m [38;5;208m📊 Output Size:[0m 0 bytes
2026-07-30 13:57:16,232 - __main__ - INFO - [1m│[0m [38;5;129m🔢 Exit Code:[0m 1
2026-07-30 13:57:16,232 - __main__ - INFO - [1m│[0m [38;5;196m📈 Status:[0m FAILED | Cached: Yes
2026-07-30 13:57:16,232 - __main__ - INFO - [38;5;46m[1m╰─────────────────────────────────────────────────────────────────────────────╯[0m
2026-07-30 13:57:16,232 - __main__ - INFO - 🔍 Cache MISS for command: which exploit-db
2026-07-30 13:57:16,232 - __main__ - INFO - 🚀 EXECUTING: which exploit-db
2026-07-30 13:57:16,232 - __main__ - INFO - ⏱️  TIMEOUT: 300s | PID: Starting...
2026-07-30 13:57:16,232 - __main__ - INFO - 🆔 PROCESS: PID 96105 started
2026-07-30 13:57:16,232 - __main__ - INFO - 🆔 REGISTERED: Process 96105 - which exploit-db...
2026-07-30 13:57:16,233 - __main__ - INFO - ⚡ PROGRESS ⠋: [[38;5;196m[38;5;240m░░░░░░░░░░░░░░░░░░░░░░░░░░░░░░[0m] [38;5;160m0.0%[0m Speed: 0 B/s | 0.0s | PID: 96105
2026-07-30 13:57:16,234 - __main__ - INFO - 🧹 CLEANUP: Process 96105 removed from registry
2026-07-30 13:57:16,234 - __main__ - WARNING - ⚠️  WARNING: Command completed with errors | Exit Code: 1 | Duration: 0.00s
2026-07-30 13:57:16,234 - __main__ - INFO - [38;5;46m[1m╭─────────────────────────────────────────────────────────────────────────────╮[0m
2026-07-30 13:57:16,234 - __main__ - INFO - [1m│[0m [38;5;196m📊 FINAL RESULTS ❌[0m
2026-07-30 13:57:16,234 - __main__ - INFO - [1m├─────────────────────────────────────────────────────────────────────────────┤[0m
2026-07-30 13:57:16,234 - __main__ - INFO - [1m│[0m [38;5;51m🚀 Command:[0m which exploit-db
2026-07-30 13:57:16,234 - __main__ - INFO - [1m│[0m [38;5;208m⏱️  Duration:[0m 0.00s
2026-07-30 13:57:16,234 - __main__ - INFO - [1m│[0m [38;5;208m📊 Output Size:[0m 0 bytes
2026-07-30 13:57:16,234 - __main__ - INFO - [1m│[0m [38;5;129m🔢 Exit Code:[0m 1
2026-07-30 13:57:16,234 - __main__ - INFO - [1m│[0m [38;5;196m📈 Status:[0m FAILED | Cached: Yes
2026-07-30 13:57:16,234 - __main__ - INFO - [38;5;46m[1m╰─────────────────────────────────────────────────────────────────────────────╯[0m
2026-07-30 13:57:16,234 - __main__ - INFO - 🔍 Cache MISS for command: which searchsploit
2026-07-30 13:57:16,234 - __main__ - INFO - 🚀 EXECUTING: which searchsploit
2026-07-30 13:57:16,234 - __main__ - INFO - ⏱️  TIMEOUT: 300s | PID: Starting...
2026-07-30 13:57:16,235 - __main__ - INFO - 🆔 PROCESS: PID 96110 started
2026-07-30 13:57:16,235 - __main__ - INFO - 🆔 REGISTERED: Process 96110 - which searchsploit...
2026-07-30 13:57:16,235 - __main__ - INFO - ⚡ PROGRESS ⠋: [[38;5;196m[38;5;240m░░░░░░░░░░░░░░░░░░░░░░░░░░░░░░[0m] [38;5;160m0.0%[0m Speed: 0 B/s | 0.0s | PID: 96110
2026-07-30 13:57:16,236 - __main__ - INFO - 📤 STDOUT: /usr/bin/searchsploit
2026-07-30 13:57:16,236 - __main__ - INFO - 🧹 CLEANUP: Process 96110 removed from registry
2026-07-30 13:57:16,236 - __main__ - INFO - ✅ SUCCESS: Command completed | Exit Code: 0 | Duration: 0.00s
2026-07-30 13:57:16,237 - __main__ - INFO - [38;5;46m[1m╭─────────────────────────────────────────────────────────────────────────────╮[0m
2026-07-30 13:57:16,237 - __main__ - INFO - [1m│[0m [38;5;46m📊 FINAL RESULTS ✅[0m
2026-07-30 13:57:16,237 - __main__ - INFO - [1m├─────────────────────────────────────────────────────────────────────────────┤[0m
2026-07-30 13:57:16,237 - __main__ - INFO - [1m│[0m [38;5;51m🚀 Command:[0m which searchsploit
2026-07-30 13:57:16,237 - __main__ - INFO - [1m│[0m [38;5;208m⏱️  Duration:[0m 0.00s
2026-07-30 13:57:16,237 - __main__ - INFO - [1m│[0m [38;5;208m📊 Output Size:[0m 22 bytes
2026-07-30 13:57:16,237 - __main__ - INFO - [1m│[0m [38;5;129m🔢 Exit Code:[0m 0
2026-07-30 13:57:16,237 - __main__ - INFO - [1m│[0m [38;5;46m📈 Status:[0m SUCCESS | Cached: Yes
2026-07-30 13:57:16,237 - __main__ - INFO - [38;5;46m[1m╰─────────────────────────────────────────────────────────────────────────────╯[0m
2026-07-30 13:57:16,237 - __main__ - INFO - 💾 Cached result for command: which searchsploit
2026-07-30 13:57:16,237 - __main__ - INFO - 🔍 Cache MISS for command: which api-schema-analyzer
2026-07-30 13:57:16,237 - __main__ - INFO - 🚀 EXECUTING: which api-schema-analyzer
2026-07-30 13:57:16,237 - __main__ - INFO - ⏱️  TIMEOUT: 300s | PID: Starting...
2026-07-30 13:57:16,237 - __main__ - INFO - 🆔 PROCESS: PID 96115 started
2026-07-30 13:57:16,237 - __main__ - INFO - 🆔 REGISTERED: Process 96115 - which api-schema-analyzer...
2026-07-30 13:57:16,238 - __main__ - INFO - ⚡ PROGRESS ⠋: [[38;5;196m[38;5;240m░░░░░░░░░░░░░░░░░░░░░░░░░░░░░░[0m] [38;5;160m0.0%[0m Speed: 0 B/s | 0.0s | PID: 96115
2026-07-30 13:57:16,239 - __main__ - INFO - 🧹 CLEANUP: Process 96115 removed from registry
2026-07-30 13:57:16,239 - __main__ - WARNING - ⚠️  WARNING: Command completed with errors | Exit Code: 1 | Duration: 0.00s
2026-07-30 13:57:16,239 - __main__ - INFO - [38;5;46m[1m╭─────────────────────────────────────────────────────────────────────────────╮[0m
2026-07-30 13:57:16,239 - __main__ - INFO - [1m│[0m [38;5;196m📊 FINAL RESULTS ❌[0m
2026-07-30 13:57:16,240 - __main__ - INFO - [1m├─────────────────────────────────────────────────────────────────────────────┤[0m
2026-07-30 13:57:16,240 - __main__ - INFO - [1m│[0m [38;5;51m🚀 Command:[0m which api-schema-analyzer
2026-07-30 13:57:16,240 - __main__ - INFO - [1m│[0m [38;5;208m⏱️  Duration:[0m 0.00s
2026-07-30 13:57:16,240 - __main__ - INFO - [1m│[0m [38;5;208m📊 Output Size:[0m 0 bytes
2026-07-30 13:57:16,240 - __main__ - INFO - [1m│[0m [38;5;129m🔢 Exit Code:[0m 1
2026-07-30 13:57:16,240 - __main__ - INFO - [1m│[0m [38;5;196m📈 Status:[0m FAILED | Cached: Yes
2026-07-30 13:57:16,240 - __main__ - INFO - [38;5;46m[1m╰─────────────────────────────────────────────────────────────────────────────╯[0m
2026-07-30 13:57:16,240 - __main__ - INFO - 🔍 Cache MISS for command: which postman
2026-07-30 13:57:16,240 - __main__ - INFO - 🚀 EXECUTING: which postman
2026-07-30 13:57:16,240 - __main__ - INFO - ⏱️  TIMEOUT: 300s | PID: Starting...
2026-07-30 13:57:16,240 - __main__ - INFO - 🆔 PROCESS: PID 96120 started
2026-07-30 13:57:16,240 - __main__ - INFO - 🆔 REGISTERED: Process 96120 - which postman...
2026-07-30 13:57:16,241 - __main__ - INFO - ⚡ PROGRESS ⠋: [[38;5;196m[38;5;240m░░░░░░░░░░░░░░░░░░░░░░░░░░░░░░[0m] [38;5;160m0.0%[0m Speed: 0 B/s | 0.0s | PID: 96120
2026-07-30 13:57:16,242 - __main__ - INFO - 🧹 CLEANUP: Process 96120 removed from registry
2026-07-30 13:57:16,242 - __main__ - WARNING - ⚠️  WARNING: Command completed with errors | Exit Code: 1 | Duration: 0.00s
2026-07-30 13:57:16,242 - __main__ - INFO - [38;5;46m[1m╭─────────────────────────────────────────────────────────────────────────────╮[0m
2026-07-30 13:57:16,242 - __main__ - INFO - [1m│[0m [38;5;196m📊 FINAL RESULTS ❌[0m
2026-07-30 13:57:16,242 - __main__ - INFO - [1m├─────────────────────────────────────────────────────────────────────────────┤[0m
2026-07-30 13:57:16,242 - __main__ - INFO - [1m│[0m [38;5;51m🚀 Command:[0m which postman
2026-07-30 13:57:16,242 - __main__ - INFO - [1m│[0m [38;5;208m⏱️  Duration:[0m 0.00s
2026-07-30 13:57:16,242 - __main__ - INFO - [1m│[0m [38;5;208m📊 Output Size:[0m 0 bytes
2026-07-30 13:57:16,242 - __main__ - INFO - [1m│[0m [38;5;129m🔢 Exit Code:[0m 1
2026-07-30 13:57:16,242 - __main__ - INFO - [1m│[0m [38;5;196m📈 Status:[0m FAILED | Cached: Yes
2026-07-30 13:57:16,242 - __main__ - INFO - [38;5;46m[1m╰─────────────────────────────────────────────────────────────────────────────╯[0m
2026-07-30 13:57:16,243 - __main__ - INFO - 🔍 Cache MISS for command: which insomnia
2026-07-30 13:57:16,243 - __main__ - INFO - 🚀 EXECUTING: which insomnia
2026-07-30 13:57:16,243 - __main__ - INFO - ⏱️  TIMEOUT: 300s | PID: Starting...
2026-07-30 13:57:16,243 - __main__ - INFO - 🆔 PROCESS: PID 96125 started
2026-07-30 13:57:16,243 - __main__ - INFO - 🆔 REGISTERED: Process 96125 - which insomnia...
2026-07-30 13:57:16,243 - __main__ - INFO - ⚡ PROGRESS ⠋: [[38;5;196m[38;5;240m░░░░░░░░░░░░░░░░░░░░░░░░░░░░░░[0m] [38;5;160m0.0%[0m Speed: 0 B/s | 0.0s | PID: 96125
2026-07-30 13:57:16,245 - __main__ - INFO - 🧹 CLEANUP: Process 96125 removed from registry
2026-07-30 13:57:16,245 - __main__ - WARNING - ⚠️  WARNING: Command completed with errors | Exit Code: 1 | Duration: 0.00s
2026-07-30 13:57:16,245 - __main__ - INFO - [38;5;46m[1m╭─────────────────────────────────────────────────────────────────────────────╮[0m
2026-07-30 13:57:16,245 - __main__ - INFO - [1m│[0m [38;5;196m📊 FINAL RESULTS ❌[0m
2026-07-30 13:57:16,245 - __main__ - INFO - [1m├─────────────────────────────────────────────────────────────────────────────┤[0m
2026-07-30 13:57:16,245 - __main__ - INFO - [1m│[0m [38;5;51m🚀 Command:[0m which insomnia
2026-07-30 13:57:16,245 - __main__ - INFO - [1m│[0m [38;5;208m⏱️  Duration:[0m 0.00s
2026-07-30 13:57:16,245 - __main__ - INFO - [1m│[0m [38;5;208m📊 Output Size:[0m 0 bytes
2026-07-30 13:57:16,245 - __main__ - INFO - [1m│[0m [38;5;129m🔢 Exit Code:[0m 1
2026-07-30 13:57:16,245 - __main__ - INFO - [1m│[0m [38;5;196m📈 Status:[0m FAILED | Cached: Yes
2026-07-30 13:57:16,245 - __main__ - INFO - [38;5;46m[1m╰─────────────────────────────────────────────────────────────────────────────╯[0m
2026-07-30 13:57:16,245 - __main__ - INFO - 🔍 Cache MISS for command: which curl
2026-07-30 13:57:16,245 - __main__ - INFO - 🚀 EXECUTING: which curl
2026-07-30 13:57:16,245 - __main__ - INFO - ⏱️  TIMEOUT: 300s | PID: Starting...
2026-07-30 13:57:16,245 - __main__ - INFO - 🆔 PROCESS: PID 96130 started
2026-07-30 13:57:16,245 - __main__ - INFO - 🆔 REGISTERED: Process 96130 - which curl...
2026-07-30 13:57:16,246 - __main__ - INFO - ⚡ PROGRESS ⠋: [[38;5;196m[38;5;240m░░░░░░░░░░░░░░░░░░░░░░░░░░░░░░[0m] [38;5;160m0.0%[0m Speed: 0 B/s | 0.0s | PID: 96130
2026-07-30 13:57:16,246 - __main__ - INFO - 📤 STDOUT: /usr/bin/curl
2026-07-30 13:57:16,247 - __main__ - INFO - 🧹 CLEANUP: Process 96130 removed from registry
2026-07-30 13:57:16,247 - __main__ - INFO - ✅ SUCCESS: Command completed | Exit Code: 0 | Duration: 0.00s
2026-07-30 13:57:16,247 - __main__ - INFO - [38;5;46m[1m╭─────────────────────────────────────────────────────────────────────────────╮[0m
2026-07-30 13:57:16,247 - __main__ - INFO - [1m│[0m [38;5;46m📊 FINAL RESULTS ✅[0m
2026-07-30 13:57:16,247 - __main__ - INFO - [1m├─────────────────────────────────────────────────────────────────────────────┤[0m
2026-07-30 13:57:16,247 - __main__ - INFO - [1m│[0m [38;5;51m🚀 Command:[0m which curl
2026-07-30 13:57:16,247 - __main__ - INFO - [1m│[0m [38;5;208m⏱️  Duration:[0m 0.00s
2026-07-30 13:57:16,247 - __main__ - INFO - [1m│[0m [38;5;208m📊 Output Size:[0m 14 bytes
2026-07-30 13:57:16,247 - __main__ - INFO - [1m│[0m [38;5;129m🔢 Exit Code:[0m 0
2026-07-30 13:57:16,247 - __main__ - INFO - [1m│[0m [38;5;46m📈 Status:[0m SUCCESS | Cached: Yes
2026-07-30 13:57:16,247 - __main__ - INFO - [38;5;46m[1m╰─────────────────────────────────────────────────────────────────────────────╯[0m
2026-07-30 13:57:16,247 - __main__ - INFO - 💾 Cached result for command: which curl
2026-07-30 13:57:16,247 - __main__ - INFO - 🔍 Cache MISS for command: which httpie
2026-07-30 13:57:16,247 - __main__ - INFO - 🚀 EXECUTING: which httpie
2026-07-30 13:57:16,248 - __main__ - INFO - ⏱️  TIMEOUT: 300s | PID: Starting...
2026-07-30 13:57:16,248 - __main__ - INFO - 🆔 PROCESS: PID 96135 started
2026-07-30 13:57:16,248 - __main__ - INFO - 🆔 REGISTERED: Process 96135 - which httpie...
2026-07-30 13:57:16,248 - __main__ - INFO - ⚡ PROGRESS ⠋: [[38;5;196m[38;5;240m░░░░░░░░░░░░░░░░░░░░░░░░░░░░░░[0m] [38;5;160m0.0%[0m Speed: 0 B/s | 0.0s | PID: 96135
2026-07-30 13:57:16,250 - __main__ - INFO - 🧹 CLEANUP: Process 96135 removed from registry
2026-07-30 13:57:16,250 - __main__ - WARNING - ⚠️  WARNING: Command completed with errors | Exit Code: 1 | Duration: 0.00s
2026-07-30 13:57:16,250 - __main__ - INFO - [38;5;46m[1m╭─────────────────────────────────────────────────────────────────────────────╮[0m
2026-07-30 13:57:16,250 - __main__ - INFO - [1m│[0m [38;5;196m📊 FINAL RESULTS ❌[0m
2026-07-30 13:57:16,250 - __main__ - INFO - [1m├─────────────────────────────────────────────────────────────────────────────┤[0m
2026-07-30 13:57:16,250 - __main__ - INFO - [1m│[0m [38;5;51m🚀 Command:[0m which httpie
2026-07-30 13:57:16,250 - __main__ - INFO - [1m│[0m [38;5;208m⏱️  Duration:[0m 0.00s
2026-07-30 13:57:16,250 - __main__ - INFO - [1m│[0m [38;5;208m📊 Output Size:[0m 0 bytes
2026-07-30 13:57:16,250 - __main__ - INFO - [1m│[0m [38;5;129m🔢 Exit Code:[0m 1
2026-07-30 13:57:16,250 - __main__ - INFO - [1m│[0m [38;5;196m📈 Status:[0m FAILED | Cached: Yes
2026-07-30 13:57:16,250 - __main__ - INFO - [38;5;46m[1m╰─────────────────────────────────────────────────────────────────────────────╯[0m
2026-07-30 13:57:16,250 - __main__ - INFO - 🔍 Cache MISS for command: which anew
2026-07-30 13:57:16,250 - __main__ - INFO - 🚀 EXECUTING: which anew
2026-07-30 13:57:16,250 - __main__ - INFO - ⏱️  TIMEOUT: 300s | PID: Starting...
2026-07-30 13:57:16,250 - __main__ - INFO - 🆔 PROCESS: PID 96140 started
2026-07-30 13:57:16,250 - __main__ - INFO - 🆔 REGISTERED: Process 96140 - which anew...
2026-07-30 13:57:16,251 - __main__ - INFO - ⚡ PROGRESS ⠋: [[38;5;196m[38;5;240m░░░░░░░░░░░░░░░░░░░░░░░░░░░░░░[0m] [38;5;160m0.0%[0m Speed: 0 B/s | 0.0s | PID: 96140
2026-07-30 13:57:16,252 - __main__ - INFO - 🧹 CLEANUP: Process 96140 removed from registry
2026-07-30 13:57:16,252 - __main__ - WARNING - ⚠️  WARNING: Command completed with errors | Exit Code: 1 | Duration: 0.00s
2026-07-30 13:57:16,252 - __main__ - INFO - [38;5;46m[1m╭─────────────────────────────────────────────────────────────────────────────╮[0m
2026-07-30 13:57:16,252 - __main__ - INFO - [1m│[0m [38;5;196m📊 FINAL RESULTS ❌[0m
2026-07-30 13:57:16,252 - __main__ - INFO - [1m├─────────────────────────────────────────────────────────────────────────────┤[0m
2026-07-30 13:57:16,252 - __main__ - INFO - [1m│[0m [38;5;51m🚀 Command:[0m which anew
2026-07-30 13:57:16,252 - __main__ - INFO - [1m│[0m [38;5;208m⏱️  Duration:[0m 0.00s
2026-07-30 13:57:16,252 - __main__ - INFO - [1m│[0m [38;5;208m📊 Output Size:[0m 0 bytes
2026-07-30 13:57:16,252 - __main__ - INFO - [1m│[0m [38;5;129m🔢 Exit Code:[0m 1
2026-07-30 13:57:16,252 - __main__ - INFO - [1m│[0m [38;5;196m📈 Status:[0m FAILED | Cached: Yes
2026-07-30 13:57:16,252 - __main__ - INFO - [38;5;46m[1m╰─────────────────────────────────────────────────────────────────────────────╯[0m
2026-07-30 13:57:16,252 - __main__ - INFO - 🔍 Cache MISS for command: which qsreplace
2026-07-30 13:57:16,252 - __main__ - INFO - 🚀 EXECUTING: which qsreplace
2026-07-30 13:57:16,252 - __main__ - INFO - ⏱️  TIMEOUT: 300s | PID: Starting...
2026-07-30 13:57:16,252 - __main__ - INFO - 🆔 PROCESS: PID 96145 started
2026-07-30 13:57:16,253 - __main__ - INFO - 🆔 REGISTERED: Process 96145 - which qsreplace...
2026-07-30 13:57:16,253 - __main__ - INFO - ⚡ PROGRESS ⠋: [[38;5;196m[38;5;240m░░░░░░░░░░░░░░░░░░░░░░░░░░░░░░[0m] [38;5;160m0.0%[0m Speed: 0 B/s | 0.0s | PID: 96145
2026-07-30 13:57:16,254 - __main__ - INFO - 🧹 CLEANUP: Process 96145 removed from registry
2026-07-30 13:57:16,254 - __main__ - WARNING - ⚠️  WARNING: Command completed with errors | Exit Code: 1 | Duration: 0.00s
2026-07-30 13:57:16,254 - __main__ - INFO - [38;5;46m[1m╭─────────────────────────────────────────────────────────────────────────────╮[0m
2026-07-30 13:57:16,254 - __main__ - INFO - [1m│[0m [38;5;196m📊 FINAL RESULTS ❌[0m
2026-07-30 13:57:16,254 - __main__ - INFO - [1m├─────────────────────────────────────────────────────────────────────────────┤[0m
2026-07-30 13:57:16,254 - __main__ - INFO - [1m│[0m [38;5;51m🚀 Command:[0m which qsreplace
2026-07-30 13:57:16,254 - __main__ - INFO - [1m│[0m [38;5;208m⏱️  Duration:[0m 0.00s
2026-07-30 13:57:16,254 - __main__ - INFO - [1m│[0m [38;5;208m📊 Output Size:[0m 0 bytes
2026-07-30 13:57:16,254 - __main__ - INFO - [1m│[0m [38;5;129m🔢 Exit Code:[0m 1
2026-07-30 13:57:16,254 - __main__ - INFO - [1m│[0m [38;5;196m📈 Status:[0m FAILED | Cached: Yes
2026-07-30 13:57:16,255 - __main__ - INFO - [38;5;46m[1m╰─────────────────────────────────────────────────────────────────────────────╯[0m
2026-07-30 13:57:16,255 - __main__ - INFO - 🔍 Cache MISS for command: which uro
2026-07-30 13:57:16,255 - __main__ - INFO - 🚀 EXECUTING: which uro
2026-07-30 13:57:16,255 - __main__ - INFO - ⏱️  TIMEOUT: 300s | PID: Starting...
2026-07-30 13:57:16,255 - __main__ - INFO - 🆔 PROCESS: PID 96150 started
2026-07-30 13:57:16,255 - __main__ - INFO - 🆔 REGISTERED: Process 96150 - which uro...
2026-07-30 13:57:16,256 - __main__ - INFO - ⚡ PROGRESS ⠋: [[38;5;196m[38;5;240m░░░░░░░░░░░░░░░░░░░░░░░░░░░░░░[0m] [38;5;160m0.0%[0m Speed: 0 B/s | 0.0s | PID: 96150
2026-07-30 13:57:16,257 - __main__ - INFO - 🧹 CLEANUP: Process 96150 removed from registry
2026-07-30 13:57:16,257 - __main__ - WARNING - ⚠️  WARNING: Command completed with errors | Exit Code: 1 | Duration: 0.00s
2026-07-30 13:57:16,257 - __main__ - INFO - [38;5;46m[1m╭─────────────────────────────────────────────────────────────────────────────╮[0m
2026-07-30 13:57:16,257 - __main__ - INFO - [1m│[0m [38;5;196m📊 FINAL RESULTS ❌[0m
2026-07-30 13:57:16,257 - __main__ - INFO - [1m├─────────────────────────────────────────────────────────────────────────────┤[0m
2026-07-30 13:57:16,257 - __main__ - INFO - [1m│[0m [38;5;51m🚀 Command:[0m which uro
2026-07-30 13:57:16,257 - __main__ - INFO - [1m│[0m [38;5;208m⏱️  Duration:[0m 0.00s
2026-07-30 13:57:16,257 - __main__ - INFO - [1m│[0m [38;5;208m📊 Output Size:[0m 0 bytes
2026-07-30 13:57:16,257 - __main__ - INFO - [1m│[0m [38;5;129m🔢 Exit Code:[0m 1
2026-07-30 13:57:16,257 - __main__ - INFO - [1m│[0m [38;5;196m📈 Status:[0m FAILED | Cached: Yes
2026-07-30 13:57:16,257 - __main__ - INFO - [38;5;46m[1m╰─────────────────────────────────────────────────────────────────────────────╯[0m
2026-07-30 13:57:16,257 - __main__ - INFO - 🔍 Cache MISS for command: which kismet
2026-07-30 13:57:16,257 - __main__ - INFO - 🚀 EXECUTING: which kismet
2026-07-30 13:57:16,257 - __main__ - INFO - ⏱️  TIMEOUT: 300s | PID: Starting...
2026-07-30 13:57:16,258 - __main__ - INFO - 🆔 PROCESS: PID 96155 started
2026-07-30 13:57:16,258 - __main__ - INFO - 🆔 REGISTERED: Process 96155 - which kismet...
2026-07-30 13:57:16,258 - __main__ - INFO - ⚡ PROGRESS ⠋: [[38;5;196m[38;5;240m░░░░░░░░░░░░░░░░░░░░░░░░░░░░░░[0m] [38;5;160m0.0%[0m Speed: 0 B/s | 0.0s | PID: 96155
2026-07-30 13:57:16,259 - __main__ - INFO - 📤 STDOUT: /usr/bin/kismet
2026-07-30 13:57:16,259 - __main__ - INFO - 🧹 CLEANUP: Process 96155 removed from registry
2026-07-30 13:57:16,259 - __main__ - INFO - ✅ SUCCESS: Command completed | Exit Code: 0 | Duration: 0.00s
2026-07-30 13:57:16,259 - __main__ - INFO - [38;5;46m[1m╭─────────────────────────────────────────────────────────────────────────────╮[0m
2026-07-30 13:57:16,259 - __main__ - INFO - [1m│[0m [38;5;46m📊 FINAL RESULTS ✅[0m
2026-07-30 13:57:16,260 - __main__ - INFO - [1m├─────────────────────────────────────────────────────────────────────────────┤[0m
2026-07-30 13:57:16,260 - __main__ - INFO - [1m│[0m [38;5;51m🚀 Command:[0m which kismet
2026-07-30 13:57:16,260 - __main__ - INFO - [1m│[0m [38;5;208m⏱️  Duration:[0m 0.00s
2026-07-30 13:57:16,260 - __main__ - INFO - [1m│[0m [38;5;208m📊 Output Size:[0m 16 bytes
2026-07-30 13:57:16,260 - __main__ - INFO - [1m│[0m [38;5;129m🔢 Exit Code:[0m 0
2026-07-30 13:57:16,260 - __main__ - INFO - [1m│[0m [38;5;46m📈 Status:[0m SUCCESS | Cached: Yes
2026-07-30 13:57:16,260 - __main__ - INFO - [38;5;46m[1m╰─────────────────────────────────────────────────────────────────────────────╯[0m
2026-07-30 13:57:16,260 - __main__ - INFO - 💾 Cached result for command: which kismet
2026-07-30 13:57:16,260 - __main__ - INFO - 🔍 Cache MISS for command: which wireshark
2026-07-30 13:57:16,260 - __main__ - INFO - 🚀 EXECUTING: which wireshark
2026-07-30 13:57:16,260 - __main__ - INFO - ⏱️  TIMEOUT: 300s | PID: Starting...
2026-07-30 13:57:16,260 - __main__ - INFO - 🆔 PROCESS: PID 96160 started
2026-07-30 13:57:16,260 - __main__ - INFO - 🆔 REGISTERED: Process 96160 - which wireshark...
2026-07-30 13:57:16,261 - __main__ - INFO - ⚡ PROGRESS ⠋: [[38;5;196m[38;5;240m░░░░░░░░░░░░░░░░░░░░░░░░░░░░░░[0m] [38;5;160m0.0%[0m Speed: 0 B/s | 0.0s | PID: 96160
2026-07-30 13:57:16,261 - __main__ - INFO - 📤 STDOUT: /usr/bin/wireshark
2026-07-30 13:57:16,262 - __main__ - INFO - 🧹 CLEANUP: Process 96160 removed from registry
2026-07-30 13:57:16,262 - __main__ - INFO - ✅ SUCCESS: Command completed | Exit Code: 0 | Duration: 0.00s
2026-07-30 13:57:16,262 - __main__ - INFO - [38;5;46m[1m╭─────────────────────────────────────────────────────────────────────────────╮[0m
2026-07-30 13:57:16,262 - __main__ - INFO - [1m│[0m [38;5;46m📊 FINAL RESULTS ✅[0m
2026-07-30 13:57:16,262 - __main__ - INFO - [1m├─────────────────────────────────────────────────────────────────────────────┤[0m
2026-07-30 13:57:16,262 - __main__ - INFO - [1m│[0m [38;5;51m🚀 Command:[0m which wireshark
2026-07-30 13:57:16,262 - __main__ - INFO - [1m│[0m [38;5;208m⏱️  Duration:[0m 0.00s
2026-07-30 13:57:16,262 - __main__ - INFO - [1m│[0m [38;5;208m📊 Output Size:[0m 19 bytes
2026-07-30 13:57:16,262 - __main__ - INFO - [1m│[0m [38;5;129m🔢 Exit Code:[0m 0
2026-07-30 13:57:16,262 - __main__ - INFO - [1m│[0m [38;5;46m📈 Status:[0m SUCCESS | Cached: Yes
2026-07-30 13:57:16,262 - __main__ - INFO - [38;5;46m[1m╰─────────────────────────────────────────────────────────────────────────────╯[0m
2026-07-30 13:57:16,262 - __main__ - INFO - 💾 Cached result for command: which wireshark
2026-07-30 13:57:16,262 - __main__ - INFO - 🔍 Cache MISS for command: which tshark
2026-07-30 13:57:16,262 - __main__ - INFO - 🚀 EXECUTING: which tshark
2026-07-30 13:57:16,262 - __main__ - INFO - ⏱️  TIMEOUT: 300s | PID: Starting...
2026-07-30 13:57:16,263 - __main__ - INFO - 🆔 PROCESS: PID 96165 started
2026-07-30 13:57:16,263 - __main__ - INFO - 🆔 REGISTERED: Process 96165 - which tshark...
2026-07-30 13:57:16,263 - __main__ - INFO - ⚡ PROGRESS ⠋: [[38;5;196m[38;5;240m░░░░░░░░░░░░░░░░░░░░░░░░░░░░░░[0m] [38;5;160m0.0%[0m Speed: 0 B/s | 0.0s | PID: 96165
2026-07-30 13:57:16,264 - __main__ - INFO - 📤 STDOUT: /usr/bin/tshark
2026-07-30 13:57:16,265 - __main__ - INFO - 🧹 CLEANUP: Process 96165 removed from registry
2026-07-30 13:57:16,265 - __main__ - INFO - ✅ SUCCESS: Command completed | Exit Code: 0 | Duration: 0.00s
2026-07-30 13:57:16,265 - __main__ - INFO - [38;5;46m[1m╭─────────────────────────────────────────────────────────────────────────────╮[0m
2026-07-30 13:57:16,265 - __main__ - INFO - [1m│[0m [38;5;46m📊 FINAL RESULTS ✅[0m
2026-07-30 13:57:16,265 - __main__ - INFO - [1m├─────────────────────────────────────────────────────────────────────────────┤[0m
2026-07-30 13:57:16,265 - __main__ - INFO - [1m│[0m [38;5;51m🚀 Command:[0m which tshark
2026-07-30 13:57:16,265 - __main__ - INFO - [1m│[0m [38;5;208m⏱️  Duration:[0m 0.00s
2026-07-30 13:57:16,265 - __main__ - INFO - [1m│[0m [38;5;208m📊 Output Size:[0m 16 bytes
2026-07-30 13:57:16,265 - __main__ - INFO - [1m│[0m [38;5;129m🔢 Exit Code:[0m 0
2026-07-30 13:57:16,265 - __main__ - INFO - [1m│[0m [38;5;46m📈 Status:[0m SUCCESS | Cached: Yes
2026-07-30 13:57:16,265 - __main__ - INFO - [38;5;46m[1m╰─────────────────────────────────────────────────────────────────────────────╯[0m
2026-07-30 13:57:16,265 - __main__ - INFO - 💾 Cached result for command: which tshark
2026-07-30 13:57:16,265 - __main__ - INFO - 🔍 Cache MISS for command: which tcpdump
2026-07-30 13:57:16,265 - __main__ - INFO - 🚀 EXECUTING: which tcpdump
2026-07-30 13:57:16,265 - __main__ - INFO - ⏱️  TIMEOUT: 300s | PID: Starting...
2026-07-30 13:57:16,265 - __main__ - INFO - 🆔 PROCESS: PID 96170 started
2026-07-30 13:57:16,265 - __main__ - INFO - 🆔 REGISTERED: Process 96170 - which tcpdump...
2026-07-30 13:57:16,266 - __main__ - INFO - ⚡ PROGRESS ⠋: [[38;5;196m[38;5;240m░░░░░░░░░░░░░░░░░░░░░░░░░░░░░░[0m] [38;5;160m0.0%[0m Speed: 0 B/s | 0.0s | PID: 96170
2026-07-30 13:57:16,266 - __main__ - INFO - 📤 STDOUT: /usr/bin/tcpdump
2026-07-30 13:57:16,267 - __main__ - INFO - 🧹 CLEANUP: Process 96170 removed from registry
2026-07-30 13:57:16,267 - __main__ - INFO - ✅ SUCCESS: Command completed | Exit Code: 0 | Duration: 0.00s
2026-07-30 13:57:16,267 - __main__ - INFO - [38;5;46m[1m╭─────────────────────────────────────────────────────────────────────────────╮[0m
2026-07-30 13:57:16,267 - __main__ - INFO - [1m│[0m [38;5;46m📊 FINAL RESULTS ✅[0m
2026-07-30 13:57:16,267 - __main__ - INFO - [1m├─────────────────────────────────────────────────────────────────────────────┤[0m
2026-07-30 13:57:16,267 - __main__ - INFO - [1m│[0m [38;5;51m🚀 Command:[0m which tcpdump
2026-07-30 13:57:16,267 - __main__ - INFO - [1m│[0m [38;5;208m⏱️  Duration:[0m 0.00s
2026-07-30 13:57:16,267 - __main__ - INFO - [1m│[0m [38;5;208m📊 Output Size:[0m 17 bytes
2026-07-30 13:57:16,267 - __main__ - INFO - [1m│[0m [38;5;129m🔢 Exit Code:[0m 0
2026-07-30 13:57:16,267 - __main__ - INFO - [1m│[0m [38;5;46m📈 Status:[0m SUCCESS | Cached: Yes
2026-07-30 13:57:16,267 - __main__ - INFO - [38;5;46m[1m╰─────────────────────────────────────────────────────────────────────────────╯[0m
2026-07-30 13:57:16,267 - __main__ - INFO - 💾 Cached result for command: which tcpdump
2026-07-30 13:57:16,267 - __main__ - INFO - 🔍 Cache MISS for command: which smbmap
2026-07-30 13:57:16,267 - __main__ - INFO - 🚀 EXECUTING: which smbmap
2026-07-30 13:57:16,267 - __main__ - INFO - ⏱️  TIMEOUT: 300s | PID: Starting...
2026-07-30 13:57:16,268 - __main__ - INFO - 🆔 PROCESS: PID 96175 started
2026-07-30 13:57:16,268 - __main__ - INFO - 🆔 REGISTERED: Process 96175 - which smbmap...
2026-07-30 13:57:16,268 - __main__ - INFO - ⚡ PROGRESS ⠋: [[38;5;196m[38;5;240m░░░░░░░░░░░░░░░░░░░░░░░░░░░░░░[0m] [38;5;160m0.0%[0m Speed: 0 B/s | 0.0s | PID: 96175
2026-07-30 13:57:16,269 - __main__ - INFO - 📤 STDOUT: /usr/bin/smbmap
2026-07-30 13:57:16,269 - __main__ - INFO - 🧹 CLEANUP: Process 96175 removed from registry
2026-07-30 13:57:16,270 - __main__ - INFO - ✅ SUCCESS: Command completed | Exit Code: 0 | Duration: 0.00s
2026-07-30 13:57:16,270 - __main__ - INFO - [38;5;46m[1m╭─────────────────────────────────────────────────────────────────────────────╮[0m
2026-07-30 13:57:16,270 - __main__ - INFO - [1m│[0m [38;5;46m📊 FINAL RESULTS ✅[0m
2026-07-30 13:57:16,270 - __main__ - INFO - [1m├─────────────────────────────────────────────────────────────────────────────┤[0m
2026-07-30 13:57:16,270 - __main__ - INFO - [1m│[0m [38;5;51m🚀 Command:[0m which smbmap
2026-07-30 13:57:16,270 - __main__ - INFO - [1m│[0m [38;5;208m⏱️  Duration:[0m 0.00s
2026-07-30 13:57:16,270 - __main__ - INFO - [1m│[0m [38;5;208m📊 Output Size:[0m 16 bytes
2026-07-30 13:57:16,270 - __main__ - INFO - [1m│[0m [38;5;129m🔢 Exit Code:[0m 0
2026-07-30 13:57:16,270 - __main__ - INFO - [1m│[0m [38;5;46m📈 Status:[0m SUCCESS | Cached: Yes
2026-07-30 13:57:16,270 - __main__ - INFO - [38;5;46m[1m╰─────────────────────────────────────────────────────────────────────────────╯[0m
2026-07-30 13:57:16,270 - __main__ - INFO - 💾 Cached result for command: which smbmap
2026-07-30 13:57:16,271 - __main__ - INFO - 🔍 Cache MISS for command: which volatility
2026-07-30 13:57:16,271 - __main__ - INFO - 🚀 EXECUTING: which volatility
2026-07-30 13:57:16,271 - __main__ - INFO - ⏱️  TIMEOUT: 300s | PID: Starting...
2026-07-30 13:57:16,271 - __main__ - INFO - 🆔 PROCESS: PID 96180 started
2026-07-30 13:57:16,271 - __main__ - INFO - 🆔 REGISTERED: Process 96180 - which volatility...
2026-07-30 13:57:16,271 - __main__ - INFO - ⚡ PROGRESS ⠋: [[38;5;196m[38;5;240m░░░░░░░░░░░░░░░░░░░░░░░░░░░░░░[0m] [38;5;160m0.0%[0m Speed: 0 B/s | 0.0s | PID: 96180
2026-07-30 13:57:16,273 - __main__ - INFO - 🧹 CLEANUP: Process 96180 removed from registry
2026-07-30 13:57:16,273 - __main__ - WARNING - ⚠️  WARNING: Command completed with errors | Exit Code: 1 | Duration: 0.00s
2026-07-30 13:57:16,273 - __main__ - INFO - [38;5;46m[1m╭─────────────────────────────────────────────────────────────────────────────╮[0m
2026-07-30 13:57:16,273 - __main__ - INFO - [1m│[0m [38;5;196m📊 FINAL RESULTS ❌[0m
2026-07-30 13:57:16,273 - __main__ - INFO - [1m├─────────────────────────────────────────────────────────────────────────────┤[0m
2026-07-30 13:57:16,273 - __main__ - INFO - [1m│[0m [38;5;51m🚀 Command:[0m which volatility
2026-07-30 13:57:16,273 - __main__ - INFO - [1m│[0m [38;5;208m⏱️  Duration:[0m 0.00s
2026-07-30 13:57:16,273 - __main__ - INFO - [1m│[0m [38;5;208m📊 Output Size:[0m 0 bytes
2026-07-30 13:57:16,273 - __main__ - INFO - [1m│[0m [38;5;129m🔢 Exit Code:[0m 1
2026-07-30 13:57:16,273 - __main__ - INFO - [1m│[0m [38;5;196m📈 Status:[0m FAILED | Cached: Yes
2026-07-30 13:57:16,273 - __main__ - INFO - [38;5;46m[1m╰─────────────────────────────────────────────────────────────────────────────╯[0m
2026-07-30 13:57:16,273 - __main__ - INFO - 🔍 Cache MISS for command: which sleuthkit
2026-07-30 13:57:16,273 - __main__ - INFO - 🚀 EXECUTING: which sleuthkit
2026-07-30 13:57:16,273 - __main__ - INFO - ⏱️  TIMEOUT: 300s | PID: Starting...
2026-07-30 13:57:16,273 - __main__ - INFO - 🆔 PROCESS: PID 96185 started
2026-07-30 13:57:16,273 - __main__ - INFO - 🆔 REGISTERED: Process 96185 - which sleuthkit...
2026-07-30 13:57:16,274 - __main__ - INFO - ⚡ PROGRESS ⠋: [[38;5;196m[38;5;240m░░░░░░░░░░░░░░░░░░░░░░░░░░░░░░[0m] [38;5;160m0.0%[0m Speed: 0 B/s | 0.0s | PID: 96185
2026-07-30 13:57:16,275 - __main__ - INFO - 🧹 CLEANUP: Process 96185 removed from registry
2026-07-30 13:57:16,275 - __main__ - WARNING - ⚠️  WARNING: Command completed with errors | Exit Code: 1 | Duration: 0.00s
2026-07-30 13:57:16,275 - __main__ - INFO - [38;5;46m[1m╭─────────────────────────────────────────────────────────────────────────────╮[0m
2026-07-30 13:57:16,275 - __main__ - INFO - [1m│[0m [38;5;196m📊 FINAL RESULTS ❌[0m
2026-07-30 13:57:16,275 - __main__ - INFO - [1m├─────────────────────────────────────────────────────────────────────────────┤[0m
2026-07-30 13:57:16,275 - __main__ - INFO - [1m│[0m [38;5;51m🚀 Command:[0m which sleuthkit
2026-07-30 13:57:16,275 - __main__ - INFO - [1m│[0m [38;5;208m⏱️  Duration:[0m 0.00s
2026-07-30 13:57:16,275 - __main__ - INFO - [1m│[0m [38;5;208m📊 Output Size:[0m 0 bytes
2026-07-30 13:57:16,275 - __main__ - INFO - [1m│[0m [38;5;129m🔢 Exit Code:[0m 1
2026-07-30 13:57:16,275 - __main__ - INFO - [1m│[0m [38;5;196m📈 Status:[0m FAILED | Cached: Yes
2026-07-30 13:57:16,275 - __main__ - INFO - [38;5;46m[1m╰─────────────────────────────────────────────────────────────────────────────╯[0m
2026-07-30 13:57:16,275 - __main__ - INFO - 🔍 Cache MISS for command: which autopsy
2026-07-30 13:57:16,275 - __main__ - INFO - 🚀 EXECUTING: which autopsy
2026-07-30 13:57:16,275 - __main__ - INFO - ⏱️  TIMEOUT: 300s | PID: Starting...
2026-07-30 13:57:16,276 - __main__ - INFO - 🆔 PROCESS: PID 96190 started
2026-07-30 13:57:16,276 - __main__ - INFO - 🆔 REGISTERED: Process 96190 - which autopsy...
2026-07-30 13:57:16,277 - __main__ - INFO - ⚡ PROGRESS ⠋: [[38;5;196m[38;5;240m░░░░░░░░░░░░░░░░░░░░░░░░░░░░░░[0m] [38;5;160m0.0%[0m Speed: 0 B/s | 0.0s | PID: 96190
2026-07-30 13:57:16,277 - __main__ - INFO - 📤 STDOUT: /usr/bin/autopsy
2026-07-30 13:57:16,278 - __main__ - INFO - 🧹 CLEANUP: Process 96190 removed from registry
2026-07-30 13:57:16,278 - __main__ - INFO - ✅ SUCCESS: Command completed | Exit Code: 0 | Duration: 0.00s
2026-07-30 13:57:16,278 - __main__ - INFO - [38;5;46m[1m╭─────────────────────────────────────────────────────────────────────────────╮[0m
2026-07-30 13:57:16,278 - __main__ - INFO - [1m│[0m [38;5;46m📊 FINAL RESULTS ✅[0m
2026-07-30 13:57:16,278 - __main__ - INFO - [1m├─────────────────────────────────────────────────────────────────────────────┤[0m
2026-07-30 13:57:16,278 - __main__ - INFO - [1m│[0m [38;5;51m🚀 Command:[0m which autopsy
2026-07-30 13:57:16,278 - __main__ - INFO - [1m│[0m [38;5;208m⏱️  Duration:[0m 0.00s
2026-07-30 13:57:16,278 - __main__ - INFO - [1m│[0m [38;5;208m📊 Output Size:[0m 17 bytes
2026-07-30 13:57:16,278 - __main__ - INFO - [1m│[0m [38;5;129m🔢 Exit Code:[0m 0
2026-07-30 13:57:16,278 - __main__ - INFO - [1m│[0m [38;5;46m📈 Status:[0m SUCCESS | Cached: Yes
2026-07-30 13:57:16,278 - __main__ - INFO - [38;5;46m[1m╰─────────────────────────────────────────────────────────────────────────────╯[0m
2026-07-30 13:57:16,278 - __main__ - INFO - 💾 Cached result for command: which autopsy
2026-07-30 13:57:16,278 - __main__ - INFO - 🔍 Cache MISS for command: which evil-winrm
2026-07-30 13:57:16,278 - __main__ - INFO - 🚀 EXECUTING: which evil-winrm
2026-07-30 13:57:16,278 - __main__ - INFO - ⏱️  TIMEOUT: 300s | PID: Starting...
2026-07-30 13:57:16,278 - __main__ - INFO - 🆔 PROCESS: PID 96195 started
2026-07-30 13:57:16,279 - __main__ - INFO - 🆔 REGISTERED: Process 96195 - which evil-winrm...
2026-07-30 13:57:16,279 - __main__ - INFO - ⚡ PROGRESS ⠋: [[38;5;196m[38;5;240m░░░░░░░░░░░░░░░░░░░░░░░░░░░░░░[0m] [38;5;160m0.0%[0m Speed: 0 B/s | 0.0s | PID: 96195
2026-07-30 13:57:16,279 - __main__ - INFO - 📤 STDOUT: /usr/bin/evil-winrm
2026-07-30 13:57:16,280 - __main__ - INFO - 🧹 CLEANUP: Process 96195 removed from registry
2026-07-30 13:57:16,281 - __main__ - INFO - ✅ SUCCESS: Command completed | Exit Code: 0 | Duration: 0.00s
2026-07-30 13:57:16,281 - __main__ - INFO - [38;5;46m[1m╭─────────────────────────────────────────────────────────────────────────────╮[0m
2026-07-30 13:57:16,281 - __main__ - INFO - [1m│[0m [38;5;46m📊 FINAL RESULTS ✅[0m
2026-07-30 13:57:16,281 - __main__ - INFO - [1m├─────────────────────────────────────────────────────────────────────────────┤[0m
2026-07-30 13:57:16,281 - __main__ - INFO - [1m│[0m [38;5;51m🚀 Command:[0m which evil-winrm
2026-07-30 13:57:16,281 - __main__ - INFO - [1m│[0m [38;5;208m⏱️  Duration:[0m 0.00s
2026-07-30 13:57:16,281 - __main__ - INFO - [1m│[0m [38;5;208m📊 Output Size:[0m 20 bytes
2026-07-30 13:57:16,281 - __main__ - INFO - [1m│[0m [38;5;129m🔢 Exit Code:[0m 0
2026-07-30 13:57:16,281 - __main__ - INFO - [1m│[0m [38;5;46m📈 Status:[0m SUCCESS | Cached: Yes
2026-07-30 13:57:16,281 - __main__ - INFO - [38;5;46m[1m╰─────────────────────────────────────────────────────────────────────────────╯[0m
2026-07-30 13:57:16,281 - __main__ - INFO - 💾 Cached result for command: which evil-winrm
2026-07-30 13:57:16,281 - __main__ - INFO - 🔍 Cache MISS for command: which paramspider
2026-07-30 13:57:16,281 - __main__ - INFO - 🚀 EXECUTING: which paramspider
2026-07-30 13:57:16,281 - __main__ - INFO - ⏱️  TIMEOUT: 300s | PID: Starting...
2026-07-30 13:57:16,282 - __main__ - INFO - 🆔 PROCESS: PID 96200 started
2026-07-30 13:57:16,282 - __main__ - INFO - 🆔 REGISTERED: Process 96200 - which paramspider...
2026-07-30 13:57:16,283 - __main__ - INFO - ⚡ PROGRESS ⠋: [[38;5;196m[38;5;240m░░░░░░░░░░░░░░░░░░░░░░░░░░░░░░[0m] [38;5;160m0.0%[0m Speed: 0 B/s | 0.0s | PID: 96200
2026-07-30 13:57:16,284 - __main__ - INFO - 🧹 CLEANUP: Process 96200 removed from registry
2026-07-30 13:57:16,284 - __main__ - WARNING - ⚠️  WARNING: Command completed with errors | Exit Code: 1 | Duration: 0.00s
2026-07-30 13:57:16,284 - __main__ - INFO - [38;5;46m[1m╭─────────────────────────────────────────────────────────────────────────────╮[0m
2026-07-30 13:57:16,284 - __main__ - INFO - [1m│[0m [38;5;196m📊 FINAL RESULTS ❌[0m
2026-07-30 13:57:16,284 - __main__ - INFO - [1m├─────────────────────────────────────────────────────────────────────────────┤[0m
2026-07-30 13:57:16,284 - __main__ - INFO - [1m│[0m [38;5;51m🚀 Command:[0m which paramspider
2026-07-30 13:57:16,284 - __main__ - INFO - [1m│[0m [38;5;208m⏱️  Duration:[0m 0.00s
2026-07-30 13:57:16,284 - __main__ - INFO - [1m│[0m [38;5;208m📊 Output Size:[0m 0 bytes
2026-07-30 13:57:16,284 - __main__ - INFO - [1m│[0m [38;5;129m🔢 Exit Code:[0m 1
2026-07-30 13:57:16,284 - __main__ - INFO - [1m│[0m [38;5;196m📈 Status:[0m FAILED | Cached: Yes
2026-07-30 13:57:16,284 - __main__ - INFO - [38;5;46m[1m╰─────────────────────────────────────────────────────────────────────────────╯[0m
2026-07-30 13:57:16,284 - __main__ - INFO - 🔍 Cache MISS for command: which airmon-ng
2026-07-30 13:57:16,284 - __main__ - INFO - 🚀 EXECUTING: which airmon-ng
2026-07-30 13:57:16,284 - __main__ - INFO - ⏱️  TIMEOUT: 300s | PID: Starting...
2026-07-30 13:57:16,285 - __main__ - INFO - 🆔 PROCESS: PID 96205 started
2026-07-30 13:57:16,285 - __main__ - INFO - 🆔 REGISTERED: Process 96205 - which airmon-ng...
2026-07-30 13:57:16,285 - __main__ - INFO - ⚡ PROGRESS ⠋: [[38;5;196m[38;5;240m░░░░░░░░░░░░░░░░░░░░░░░░░░░░░░[0m] [38;5;160m0.0%[0m Speed: 0 B/s | 0.0s | PID: 96205
2026-07-30 13:57:16,286 - __main__ - INFO - 📤 STDOUT: /usr/sbin/airmon-ng
2026-07-30 13:57:16,286 - __main__ - INFO - 🧹 CLEANUP: Process 96205 removed from registry
2026-07-30 13:57:16,287 - __main__ - INFO - ✅ SUCCESS: Command completed | Exit Code: 0 | Duration: 0.00s
2026-07-30 13:57:16,287 - __main__ - INFO - [38;5;46m[1m╭─────────────────────────────────────────────────────────────────────────────╮[0m
2026-07-30 13:57:16,287 - __main__ - INFO - [1m│[0m [38;5;46m📊 FINAL RESULTS ✅[0m
2026-07-30 13:57:16,287 - __main__ - INFO - [1m├─────────────────────────────────────────────────────────────────────────────┤[0m
2026-07-30 13:57:16,287 - __main__ - INFO - [1m│[0m [38;5;51m🚀 Command:[0m which airmon-ng
2026-07-30 13:57:16,287 - __main__ - INFO - [1m│[0m [38;5;208m⏱️  Duration:[0m 0.00s
2026-07-30 13:57:16,287 - __main__ - INFO - [1m│[0m [38;5;208m📊 Output Size:[0m 20 bytes
2026-07-30 13:57:16,287 - __main__ - INFO - [1m│[0m [38;5;129m🔢 Exit Code:[0m 0
2026-07-30 13:57:16,287 - __main__ - INFO - [1m│[0m [38;5;46m📈 Status:[0m SUCCESS | Cached: Yes
2026-07-30 13:57:16,287 - __main__ - INFO - [38;5;46m[1m╰─────────────────────────────────────────────────────────────────────────────╯[0m
2026-07-30 13:57:16,287 - __main__ - INFO - 💾 Cached result for command: which airmon-ng
2026-07-30 13:57:16,287 - __main__ - INFO - 🔍 Cache MISS for command: which airodump-ng
2026-07-30 13:57:16,287 - __main__ - INFO - 🚀 EXECUTING: which airodump-ng
2026-07-30 13:57:16,287 - __main__ - INFO - ⏱️  TIMEOUT: 300s | PID: Starting...
2026-07-30 13:57:16,287 - __main__ - INFO - 🆔 PROCESS: PID 96210 started
2026-07-30 13:57:16,287 - __main__ - INFO - 🆔 REGISTERED: Process 96210 - which airodump-ng...
2026-07-30 13:57:16,288 - __main__ - INFO - ⚡ PROGRESS ⠋: [[38;5;196m[38;5;240m░░░░░░░░░░░░░░░░░░░░░░░░░░░░░░[0m] [38;5;160m0.0%[0m Speed: 0 B/s | 0.0s | PID: 96210
2026-07-30 13:57:16,288 - __main__ - INFO - 📤 STDOUT: /usr/sbin/airodump-ng
2026-07-30 13:57:16,289 - __main__ - INFO - 🧹 CLEANUP: Process 96210 removed from registry
2026-07-30 13:57:16,289 - __main__ - INFO - ✅ SUCCESS: Command completed | Exit Code: 0 | Duration: 0.00s
2026-07-30 13:57:16,289 - __main__ - INFO - [38;5;46m[1m╭─────────────────────────────────────────────────────────────────────────────╮[0m
2026-07-30 13:57:16,289 - __main__ - INFO - [1m│[0m [38;5;46m📊 FINAL RESULTS ✅[0m
2026-07-30 13:57:16,289 - __main__ - INFO - [1m├─────────────────────────────────────────────────────────────────────────────┤[0m
2026-07-30 13:57:16,289 - __main__ - INFO - [1m│[0m [38;5;51m🚀 Command:[0m which airodump-ng
2026-07-30 13:57:16,289 - __main__ - INFO - [1m│[0m [38;5;208m⏱️  Duration:[0m 0.00s
2026-07-30 13:57:16,289 - __main__ - INFO - [1m│[0m [38;5;208m📊 Output Size:[0m 22 bytes
2026-07-30 13:57:16,289 - __main__ - INFO - [1m│[0m [38;5;129m🔢 Exit Code:[0m 0
2026-07-30 13:57:16,289 - __main__ - INFO - [1m│[0m [38;5;46m📈 Status:[0m SUCCESS | Cached: Yes
2026-07-30 13:57:16,289 - __main__ - INFO - [38;5;46m[1m╰─────────────────────────────────────────────────────────────────────────────╯[0m
2026-07-30 13:57:16,289 - __main__ - INFO - 💾 Cached result for command: which airodump-ng
2026-07-30 13:57:16,289 - __main__ - INFO - 🔍 Cache MISS for command: which aireplay-ng
2026-07-30 13:57:16,289 - __main__ - INFO - 🚀 EXECUTING: which aireplay-ng
2026-07-30 13:57:16,289 - __main__ - INFO - ⏱️  TIMEOUT: 300s | PID: Starting...
2026-07-30 13:57:16,290 - __main__ - INFO - 🆔 PROCESS: PID 96215 started
2026-07-30 13:57:16,290 - __main__ - INFO - 🆔 REGISTERED: Process 96215 - which aireplay-ng...
2026-07-30 13:57:16,290 - __main__ - INFO - ⚡ PROGRESS ⠋: [[38;5;196m[38;5;240m░░░░░░░░░░░░░░░░░░░░░░░░░░░░░░[0m] [38;5;160m0.0%[0m Speed: 0 B/s | 0.0s | PID: 96215
2026-07-30 13:57:16,291 - __main__ - INFO - 📤 STDOUT: /usr/sbin/aireplay-ng
2026-07-30 13:57:16,291 - __main__ - INFO - 🧹 CLEANUP: Process 96215 removed from registry
2026-07-30 13:57:16,292 - __main__ - INFO - ✅ SUCCESS: Command completed | Exit Code: 0 | Duration: 0.00s
2026-07-30 13:57:16,292 - __main__ - INFO - [38;5;46m[1m╭─────────────────────────────────────────────────────────────────────────────╮[0m
2026-07-30 13:57:16,292 - __main__ - INFO - [1m│[0m [38;5;46m📊 FINAL RESULTS ✅[0m
2026-07-30 13:57:16,292 - __main__ - INFO - [1m├─────────────────────────────────────────────────────────────────────────────┤[0m
2026-07-30 13:57:16,292 - __main__ - INFO - [1m│[0m [38;5;51m🚀 Command:[0m which aireplay-ng
2026-07-30 13:57:16,292 - __main__ - INFO - [1m│[0m [38;5;208m⏱️  Duration:[0m 0.00s
2026-07-30 13:57:16,292 - __main__ - INFO - [1m│[0m [38;5;208m📊 Output Size:[0m 22 bytes
2026-07-30 13:57:16,292 - __main__ - INFO - [1m│[0m [38;5;129m🔢 Exit Code:[0m 0
2026-07-30 13:57:16,292 - __main__ - INFO - [1m│[0m [38;5;46m📈 Status:[0m SUCCESS | Cached: Yes
2026-07-30 13:57:16,292 - __main__ - INFO - [38;5;46m[1m╰─────────────────────────────────────────────────────────────────────────────╯[0m
2026-07-30 13:57:16,292 - __main__ - INFO - 💾 Cached result for command: which aireplay-ng
2026-07-30 13:57:16,292 - __main__ - INFO - 🔍 Cache MISS for command: which aircrack-ng
2026-07-30 13:57:16,292 - __main__ - INFO - 🚀 EXECUTING: which aircrack-ng
2026-07-30 13:57:16,292 - __main__ - INFO - ⏱️  TIMEOUT: 300s | PID: Starting...
2026-07-30 13:57:16,292 - __main__ - INFO - 🆔 PROCESS: PID 96220 started
2026-07-30 13:57:16,292 - __main__ - INFO - 🆔 REGISTERED: Process 96220 - which aircrack-ng...
2026-07-30 13:57:16,293 - __main__ - INFO - ⚡ PROGRESS ⠋: [[38;5;196m[38;5;240m░░░░░░░░░░░░░░░░░░░░░░░░░░░░░░[0m] [38;5;160m0.0%[0m Speed: 0 B/s | 0.0s | PID: 96220
2026-07-30 13:57:16,293 - __main__ - INFO - 📤 STDOUT: /usr/bin/aircrack-ng
2026-07-30 13:57:16,294 - __main__ - INFO - 🧹 CLEANUP: Process 96220 removed from registry
2026-07-30 13:57:16,294 - __main__ - INFO - ✅ SUCCESS: Command completed | Exit Code: 0 | Duration: 0.00s
2026-07-30 13:57:16,294 - __main__ - INFO - [38;5;46m[1m╭─────────────────────────────────────────────────────────────────────────────╮[0m
2026-07-30 13:57:16,294 - __main__ - INFO - [1m│[0m [38;5;46m📊 FINAL RESULTS ✅[0m
2026-07-30 13:57:16,294 - __main__ - INFO - [1m├─────────────────────────────────────────────────────────────────────────────┤[0m
2026-07-30 13:57:16,294 - __main__ - INFO - [1m│[0m [38;5;51m🚀 Command:[0m which aircrack-ng
2026-07-30 13:57:16,294 - __main__ - INFO - [1m│[0m [38;5;208m⏱️  Duration:[0m 0.00s
2026-07-30 13:57:16,294 - __main__ - INFO - [1m│[0m [38;5;208m📊 Output Size:[0m 21 bytes
2026-07-30 13:57:16,294 - __main__ - INFO - [1m│[0m [38;5;129m🔢 Exit Code:[0m 0
2026-07-30 13:57:16,294 - __main__ - INFO - [1m│[0m [38;5;46m📈 Status:[0m SUCCESS | Cached: Yes
2026-07-30 13:57:16,294 - __main__ - INFO - [38;5;46m[1m╰─────────────────────────────────────────────────────────────────────────────╯[0m
2026-07-30 13:57:16,294 - __main__ - INFO - 💾 Cached result for command: which aircrack-ng
2026-07-30 13:57:16,294 - __main__ - INFO - 🔍 Cache MISS for command: which msfvenom
2026-07-30 13:57:16,294 - __main__ - INFO - 🚀 EXECUTING: which msfvenom
2026-07-30 13:57:16,294 - __main__ - INFO - ⏱️  TIMEOUT: 300s | PID: Starting...
2026-07-30 13:57:16,295 - __main__ - INFO - 🆔 PROCESS: PID 96225 started
2026-07-30 13:57:16,295 - __main__ - INFO - 🆔 REGISTERED: Process 96225 - which msfvenom...
2026-07-30 13:57:16,295 - __main__ - INFO - ⚡ PROGRESS ⠋: [[38;5;196m[38;5;240m░░░░░░░░░░░░░░░░░░░░░░░░░░░░░░[0m] [38;5;160m0.0%[0m Speed: 0 B/s | 0.0s | PID: 96225
2026-07-30 13:57:16,295 - __main__ - INFO - 📤 STDOUT: /usr/bin/msfvenom
2026-07-30 13:57:16,296 - __main__ - INFO - 🧹 CLEANUP: Process 96225 removed from registry
2026-07-30 13:57:16,296 - __main__ - INFO - ✅ SUCCESS: Command completed | Exit Code: 0 | Duration: 0.00s
2026-07-30 13:57:16,297 - __main__ - INFO - [38;5;46m[1m╭─────────────────────────────────────────────────────────────────────────────╮[0m
2026-07-30 13:57:16,297 - __main__ - INFO - [1m│[0m [38;5;46m📊 FINAL RESULTS ✅[0m
2026-07-30 13:57:16,297 - __main__ - INFO - [1m├─────────────────────────────────────────────────────────────────────────────┤[0m
2026-07-30 13:57:16,297 - __main__ - INFO - [1m│[0m [38;5;51m🚀 Command:[0m which msfvenom
2026-07-30 13:57:16,297 - __main__ - INFO - [1m│[0m [38;5;208m⏱️  Duration:[0m 0.00s
2026-07-30 13:57:16,297 - __main__ - INFO - [1m│[0m [38;5;208m📊 Output Size:[0m 18 bytes
2026-07-30 13:57:16,297 - __main__ - INFO - [1m│[0m [38;5;129m🔢 Exit Code:[0m 0
2026-07-30 13:57:16,297 - __main__ - INFO - [1m│[0m [38;5;46m📈 Status:[0m SUCCESS | Cached: Yes
2026-07-30 13:57:16,297 - __main__ - INFO - [38;5;46m[1m╰─────────────────────────────────────────────────────────────────────────────╯[0m
2026-07-30 13:57:16,297 - __main__ - INFO - 💾 Cached result for command: which msfvenom
2026-07-30 13:57:16,297 - __main__ - INFO - 🔍 Cache MISS for command: which msfconsole
2026-07-30 13:57:16,297 - __main__ - INFO - 🚀 EXECUTING: which msfconsole
2026-07-30 13:57:16,297 - __main__ - INFO - ⏱️  TIMEOUT: 300s | PID: Starting...
2026-07-30 13:57:16,313 - __main__ - INFO - 🆔 PROCESS: PID 96230 started
2026-07-30 13:57:16,313 - __main__ - INFO - 🆔 REGISTERED: Process 96230 - which msfconsole...
2026-07-30 13:57:16,314 - __main__ - INFO - ⚡ PROGRESS ⠋: [[38;5;196m[38;5;240m░░░░░░░░░░░░░░░░░░░░░░░░░░░░░░[0m] [38;5;160m0.0%[0m Speed: 0 B/s | 0.0s | PID: 96230
2026-07-30 13:57:16,314 - __main__ - INFO - 📤 STDOUT: /usr/bin/msfconsole
2026-07-30 13:57:16,315 - __main__ - INFO - 🧹 CLEANUP: Process 96230 removed from registry
2026-07-30 13:57:16,315 - __main__ - INFO - ✅ SUCCESS: Command completed | Exit Code: 0 | Duration: 0.02s
2026-07-30 13:57:16,315 - __main__ - INFO - [38;5;46m[1m╭─────────────────────────────────────────────────────────────────────────────╮[0m
2026-07-30 13:57:16,315 - __main__ - INFO - [1m│[0m [38;5;46m📊 FINAL RESULTS ✅[0m
2026-07-30 13:57:16,315 - __main__ - INFO - [1m├─────────────────────────────────────────────────────────────────────────────┤[0m
2026-07-30 13:57:16,315 - __main__ - INFO - [1m│[0m [38;5;51m🚀 Command:[0m which msfconsole
2026-07-30 13:57:16,315 - __main__ - INFO - [1m│[0m [38;5;208m⏱️  Duration:[0m 0.02s
2026-07-30 13:57:16,315 - __main__ - INFO - [1m│[0m [38;5;208m📊 Output Size:[0m 20 bytes
2026-07-30 13:57:16,315 - __main__ - INFO - [1m│[0m [38;5;129m🔢 Exit Code:[0m 0
2026-07-30 13:57:16,315 - __main__ - INFO - [1m│[0m [38;5;46m📈 Status:[0m SUCCESS | Cached: Yes
2026-07-30 13:57:16,315 - __main__ - INFO - [38;5;46m[1m╰─────────────────────────────────────────────────────────────────────────────╯[0m
2026-07-30 13:57:16,315 - __main__ - INFO - 💾 Cached result for command: which msfconsole
2026-07-30 13:57:16,315 - __main__ - INFO - 🔍 Cache MISS for command: which graphql-scanner
2026-07-30 13:57:16,315 - __main__ - INFO - 🚀 EXECUTING: which graphql-scanner
2026-07-30 13:57:16,315 - __main__ - INFO - ⏱️  TIMEOUT: 300s | PID: Starting...
2026-07-30 13:57:16,316 - __main__ - INFO - 🆔 PROCESS: PID 96235 started
2026-07-30 13:57:16,316 - __main__ - INFO - 🆔 REGISTERED: Process 96235 - which graphql-scanner...
2026-07-30 13:57:16,317 - __main__ - INFO - ⚡ PROGRESS ⠋: [[38;5;196m[38;5;240m░░░░░░░░░░░░░░░░░░░░░░░░░░░░░░[0m] [38;5;160m0.0%[0m Speed: 0 B/s | 0.0s | PID: 96235
2026-07-30 13:57:16,318 - __main__ - INFO - 🧹 CLEANUP: Process 96235 removed from registry
2026-07-30 13:57:16,318 - __main__ - WARNING - ⚠️  WARNING: Command completed with errors | Exit Code: 1 | Duration: 0.00s
2026-07-30 13:57:16,318 - __main__ - INFO - [38;5;46m[1m╭─────────────────────────────────────────────────────────────────────────────╮[0m
2026-07-30 13:57:16,318 - __main__ - INFO - [1m│[0m [38;5;196m📊 FINAL RESULTS ❌[0m
2026-07-30 13:57:16,318 - __main__ - INFO - [1m├─────────────────────────────────────────────────────────────────────────────┤[0m
2026-07-30 13:57:16,318 - __main__ - INFO - [1m│[0m [38;5;51m🚀 Command:[0m which graphql-scanner
2026-07-30 13:57:16,318 - __main__ - INFO - [1m│[0m [38;5;208m⏱️  Duration:[0m 0.00s
2026-07-30 13:57:16,318 - __main__ - INFO - [1m│[0m [38;5;208m📊 Output Size:[0m 0 bytes
2026-07-30 13:57:16,318 - __main__ - INFO - [1m│[0m [38;5;129m🔢 Exit Code:[0m 1
2026-07-30 13:57:16,318 - __main__ - INFO - [1m│[0m [38;5;196m📈 Status:[0m FAILED | Cached: Yes
2026-07-30 13:57:16,318 - __main__ - INFO - [38;5;46m[1m╰─────────────────────────────────────────────────────────────────────────────╯[0m
2026-07-30 13:57:16,318 - __main__ - INFO - 🔍 Cache MISS for command: which jwt-analyzer
2026-07-30 13:57:16,318 - __main__ - INFO - 🚀 EXECUTING: which jwt-analyzer
2026-07-30 13:57:16,318 - __main__ - INFO - ⏱️  TIMEOUT: 300s | PID: Starting...
2026-07-30 13:57:16,319 - __main__ - INFO - 🆔 PROCESS: PID 96240 started
2026-07-30 13:57:16,319 - __main__ - INFO - 🆔 REGISTERED: Process 96240 - which jwt-analyzer...
2026-07-30 13:57:16,319 - __main__ - INFO - ⚡ PROGRESS ⠋: [[38;5;196m[38;5;240m░░░░░░░░░░░░░░░░░░░░░░░░░░░░░░[0m] [38;5;160m0.0%[0m Speed: 0 B/s | 0.0s | PID: 96240
2026-07-30 13:57:16,320 - __main__ - INFO - 🧹 CLEANUP: Process 96240 removed from registry
2026-07-30 13:57:16,320 - __main__ - WARNING - ⚠️  WARNING: Command completed with errors | Exit Code: 1 | Duration: 0.00s
2026-07-30 13:57:16,320 - __main__ - INFO - [38;5;46m[1m╭─────────────────────────────────────────────────────────────────────────────╮[0m
2026-07-30 13:57:16,321 - __main__ - INFO - [1m│[0m [38;5;196m📊 FINAL RESULTS ❌[0m
2026-07-30 13:57:16,321 - __main__ - INFO - [1m├─────────────────────────────────────────────────────────────────────────────┤[0m
2026-07-30 13:57:16,321 - __main__ - INFO - [1m│[0m [38;5;51m🚀 Command:[0m which jwt-analyzer
2026-07-30 13:57:16,321 - __main__ - INFO - [1m│[0m [38;5;208m⏱️  Duration:[0m 0.00s
2026-07-30 13:57:16,321 - __main__ - INFO - [1m│[0m [38;5;208m📊 Output Size:[0m 0 bytes
2026-07-30 13:57:16,321 - __main__ - INFO - [1m│[0m [38;5;129m🔢 Exit Code:[0m 1
2026-07-30 13:57:16,321 - __main__ - INFO - [1m│[0m [38;5;196m📈 Status:[0m FAILED | Cached: Yes
2026-07-30 13:57:16,321 - __main__ - INFO - [38;5;46m[1m╰─────────────────────────────────────────────────────────────────────────────╯[0m
2026-07-30 13:57:17,322 - werkzeug - INFO - 127.0.0.1 - - [30/Jul/2026 13:57:17] "GET /health HTTP/1.1" 200 -
2026-07-30 13:57:17,334 - werkzeug - INFO - 127.0.0.1 - - [30/Jul/2026 13:57:17] "[31m[1mPOST /api/jobs/nmap HTTP/1.1[0m" 401 -
2026-07-30 13:57:17,385 - __main__ - INFO - 🧹 Cache cleared
2026-07-30 13:57:17,386 - werkzeug - INFO - 127.0.0.1 - - [30/Jul/2026 13:57:17] "POST /api/cache/clear HTTP/1.1" 200 -
2026-07-30 13:57:17,396 - __main__ - INFO - 🔍 Starting Nmap scan: 172.18.0.2
2026-07-30 13:57:17,396 - __main__ - INFO - 🔍 Cache MISS for command: nmap -sV -p 3000 -T4 -Pn 172.18.0.2
2026-07-30 13:57:17,396 - __main__ - INFO - 🚀 EXECUTING: nmap -sV -p 3000 -T4 -Pn 172.18.0.2
2026-07-30 13:57:17,396 - __main__ - INFO - ⏱️  TIMEOUT: 300s | PID: Starting...
2026-07-30 13:57:17,397 - __main__ - INFO - 🆔 PROCESS: PID 96274 started
2026-07-30 13:57:17,397 - __main__ - INFO - 🆔 REGISTERED: Process 96274 - nmap -sV -p 3000 -T4 -Pn 172.18.0.2...
2026-07-30 13:57:17,398 - __main__ - INFO - ⚡ PROGRESS ⠋: [[38;5;196m[38;5;240m░░░░░░░░░░░░░░░░░░░░░░░░░░░░░░[0m] [38;5;160m0.0%[0m Speed: 0 B/s | 0.0s | PID: 96274
2026-07-30 13:57:17,435 - __main__ - INFO - 📤 STDOUT: Starting Nmap 7.99 ( https://nmap.org ) at 2026-07-30 13:57 +0800
2026-07-30 13:57:18,198 - __main__ - INFO - ⚡ PROGRESS ⠙: [[38;5;196m[38;5;240m░░░░░░░░░░░░░░░░░░░░░░░░░░░░░░[0m] [38;5;160m0.3%[0m Speed: 82 B/s | 0.8s | PID: 96274
2026-07-30 13:57:18,998 - __main__ - INFO - ⚡ PROGRESS ⠹: [[38;5;196m[38;5;240m░░░░░░░░░░░░░░░░░░░░░░░░░░░░░░[0m] [38;5;160m0.5%[0m Speed: 41 B/s | 1.6s | PID: 96274
2026-07-30 13:57:19,799 - __main__ - INFO - ⚡ PROGRESS ⠸: [[38;5;196m[38;5;240m░░░░░░░░░░░░░░░░░░░░░░░░░░░░░░[0m] [38;5;160m0.8%[0m Speed: 27 B/s | 2.4s | PID: 96274
2026-07-30 13:57:20,599 - __main__ - INFO - ⚡ PROGRESS ⠼: [[38;5;196m[38;5;240m░░░░░░░░░░░░░░░░░░░░░░░░░░░░░░[0m] [38;5;160m1.1%[0m Speed: 21 B/s | 3.2s | PID: 96274
2026-07-30 13:57:21,400 - __main__ - INFO - ⚡ PROGRESS ⠴: [[38;5;196m[38;5;240m░░░░░░░░░░░░░░░░░░░░░░░░░░░░░░[0m] [38;5;160m1.3%[0m Speed: 16 B/s | 4.0s | PID: 96274
2026-07-30 13:57:22,200 - __main__ - INFO - ⚡ PROGRESS ⠦: [[38;5;196m[38;5;240m░░░░░░░░░░░░░░░░░░░░░░░░░░░░░░[0m] [38;5;160m1.6%[0m Speed: 14 B/s | 4.8s | PID: 96274
2026-07-30 13:57:23,001 - __main__ - INFO - ⚡ PROGRESS ⠧: [[38;5;196m[38;5;240m░░░░░░░░░░░░░░░░░░░░░░░░░░░░░░[0m] [38;5;160m1.9%[0m Speed: 12 B/s | 5.6s | PID: 96274
2026-07-30 13:57:23,801 - __main__ - INFO - ⚡ PROGRESS ⠇: [[38;5;196m[38;5;240m░░░░░░░░░░░░░░░░░░░░░░░░░░░░░░[0m] [38;5;160m2.1%[0m Speed: 10 B/s | 6.4s | PID: 96274
2026-07-30 13:57:24,602 - __main__ - INFO - ⚡ PROGRESS ⠏: [[38;5;196m[38;5;240m░░░░░░░░░░░░░░░░░░░░░░░░░░░░░░[0m] [38;5;160m2.4%[0m Speed: 9 B/s | 7.2s | PID: 96274
2026-07-30 13:57:25,402 - __main__ - INFO - ⚡ PROGRESS ⠋: [[38;5;196m[38;5;240m░░░░░░░░░░░░░░░░░░░░░░░░░░░░░░[0m] [38;5;160m2.7%[0m Speed: 8 B/s | 8.0s | PID: 96274
2026-07-30 13:57:26,203 - __main__ - INFO - ⚡ PROGRESS ⠙: [[38;5;196m[38;5;240m░░░░░░░░░░░░░░░░░░░░░░░░░░░░░░[0m] [38;5;160m2.9%[0m Speed: 7 B/s | 8.8s | PID: 96274
2026-07-30 13:57:27,003 - __main__ - INFO - ⚡ PROGRESS ⠹: [[38;5;196m[38;5;240m░░░░░░░░░░░░░░░░░░░░░░░░░░░░░░[0m] [38;5;160m3.2%[0m Speed: 7 B/s | 9.6s | PID: 96274
2026-07-30 13:57:27,804 - __main__ - INFO - ⚡ PROGRESS ⠸: [[38;5;196m█[38;5;240m░░░░░░░░░░░░░░░░░░░░░░░░░░░░░[0m] [38;5;160m3.5%[0m Speed: 6 B/s | 10.4s | PID: 96274
2026-07-30 13:57:28,604 - __main__ - INFO - ⚡ PROGRESS ⠼: [[38;5;196m█[38;5;240m░░░░░░░░░░░░░░░░░░░░░░░░░░░░░[0m] [38;5;160m3.7%[0m Speed: 6 B/s | 11.2s | PID: 96274
2026-07-30 13:57:29,361 - __main__ - INFO - 📤 STDOUT: Nmap scan report for 172.18.0.2
2026-07-30 13:57:29,361 - __main__ - INFO - 📤 STDOUT: Host is up (0.000045s latency).
2026-07-30 13:57:29,361 - __main__ - INFO - 📤 STDOUT: 
2026-07-30 13:57:29,361 - __main__ - INFO - 📤 STDOUT: PORT     STATE SERVICE VERSION
2026-07-30 13:57:29,361 - __main__ - INFO - 📤 STDOUT: 3000/tcp open  ppp?
2026-07-30 13:57:29,361 - __main__ - INFO - 📤 STDOUT: 1 service unrecognized despite returning data. If you know the service/version, please submit the following fingerprint at https://nmap.org/cgi-bin/submit.cgi?new-service :
2026-07-30 13:57:29,361 - __main__ - INFO - 📤 STDOUT: SF-Port3000-TCP:V=7.99%I=7%D=7/30%Time=6A6AE7C9%P=x86_64-pc-linux-gnu%r(Ge
2026-07-30 13:57:29,361 - __main__ - INFO - 📤 STDOUT: SF:tRequest,2866,"HTTP/1\.1\x20200\x20OK\r\nAccess-Control-Allow-Origin:\x
2026-07-30 13:57:29,361 - __main__ - INFO - 📤 STDOUT: SF:20\*\r\nX-Content-Type-Options:\x20nosniff\r\nX-Frame-Options:\x20SAMEO
2026-07-30 13:57:29,361 - __main__ - INFO - 📤 STDOUT: SF:RIGIN\r\nFeature-Policy:\x20payment\x20'self'\r\nX-Recruiting:\x20/#/jo
2026-07-30 13:57:29,361 - __main__ - INFO - 📤 STDOUT: SF:bs\r\nAccept-Ranges:\x20bytes\r\nCache-Control:\x20public,\x20max-age=0
2026-07-30 13:57:29,361 - __main__ - INFO - 📤 STDOUT: SF:\r\nLast-Modified:\x20Thu,\x2030\x20Jul\x202026\x2005:57:05\x20GMT\r\nE
2026-07-30 13:57:29,361 - __main__ - INFO - 📤 STDOUT: SF:Tag:\x20W/\"26af-19fb1990b96\"\r\nContent-Type:\x20text/html;\x20charse
2026-07-30 13:57:29,361 - __main__ - INFO - 📤 STDOUT: SF:t=UTF-8\r\nContent-Length:\x209903\r\nVary:\x20Accept-Encoding\r\nDate:
2026-07-30 13:57:29,361 - __main__ - INFO - 📤 STDOUT: SF:\x20Thu,\x2030\x20Jul\x202026\x2005:57:29\x20GMT\r\nConnection:\x20clos
2026-07-30 13:57:29,361 - __main__ - INFO - 📤 STDOUT: SF:e\r\n\r\n<!--\n\x20\x20~\x20Copyright\x20\(c\)\x202014-2026\x20Bjoern\x
2026-07-30 13:57:29,361 - __main__ - INFO - 📤 STDOUT: SF:20Kimminich\x20&\x20the\x20OWASP\x20Juice\x20Shop\x20contributors\.\n\x
2026-07-30 13:57:29,361 - __main__ - INFO - 📤 STDOUT: SF:20\x20~\x20SPDX-License-Identifier:\x20MIT\n\x20\x20-->\n\n<!doctype\x2
2026-07-30 13:57:29,361 - __main__ - INFO - 📤 STDOUT: SF:0html>\n<html\x20lang=\"en\"\x20data-beasties-container>\n<head>\n\x20\
2026-07-30 13:57:29,361 - __main__ - INFO - 📤 STDOUT: SF:x20<meta\x20charset=\"utf-8\">\n\x20\x20<title>OWASP\x20Juice\x20Shop</
2026-07-30 13:57:29,361 - __main__ - INFO - 📤 STDOUT: SF:title>\n\x20\x20<meta\x20name=\"description\"\x20content=\"Probably\x20
2026-07-30 13:57:29,361 - __main__ - INFO - 📤 STDOUT: SF:the\x20most\x20modern\x20and\x20sophisticated\x20insecure\x20web\x20app
2026-07-30 13:57:29,361 - __main__ - INFO - 📤 STDOUT: SF:lication\">\n\x20\x20<meta\x20name=\"viewport\"\x20content=\"width=devi
2026-07-30 13:57:29,361 - __main__ - INFO - 📤 STDOUT: SF:ce-width,\x20initial-scale=1\">\n\x20\x20<link\x20rel=\"preconnect\"\x2
2026-07-30 13:57:29,361 - __main__ - INFO - 📤 STDOUT: SF:0href=\"htt")%r(Help,2F,"HTTP/1\.1\x20400\x20Bad\x20Request\r\nConnecti
2026-07-30 13:57:29,361 - __main__ - INFO - 📤 STDOUT: SF:on:\x20close\r\n\r\n")%r(NCP,2F,"HTTP/1\.1\x20400\x20Bad\x20Request\r\n
2026-07-30 13:57:29,361 - __main__ - INFO - 📤 STDOUT: SF:Connection:\x20close\r\n\r\n")%r(HTTPOptions,EA,"HTTP/1\.1\x20204\x20No
2026-07-30 13:57:29,361 - __main__ - INFO - 📤 STDOUT: SF:\x20Content\r\nAccess-Control-Allow-Origin:\x20\*\r\nAccess-Control-All
2026-07-30 13:57:29,361 - __main__ - INFO - 📤 STDOUT: SF:ow-Methods:\x20GET,HEAD,PUT,PATCH,POST,DELETE\r\nVary:\x20Access-Contro
2026-07-30 13:57:29,361 - __main__ - INFO - 📤 STDOUT: SF:l-Request-Headers\r\nContent-Length:\x200\r\nDate:\x20Thu,\x2030\x20Jul
2026-07-30 13:57:29,361 - __main__ - INFO - 📤 STDOUT: SF:\x202026\x2005:57:29\x20GMT\r\nConnection:\x20close\r\n\r\n")%r(RTSPReq
2026-07-30 13:57:29,361 - __main__ - INFO - 📤 STDOUT: SF:uest,EA,"HTTP/1\.1\x20204\x20No\x20Content\r\nAccess-Control-Allow-Orig
2026-07-30 13:57:29,361 - __main__ - INFO - 📤 STDOUT: SF:in:\x20\*\r\nAccess-Control-Allow-Methods:\x20GET,HEAD,PUT,PATCH,POST,D
2026-07-30 13:57:29,361 - __main__ - INFO - 📤 STDOUT: SF:ELETE\r\nVary:\x20Access-Control-Request-Headers\r\nContent-Length:\x20
2026-07-30 13:57:29,361 - __main__ - INFO - 📤 STDOUT: SF:0\r\nDate:\x20Thu,\x2030\x20Jul\x202026\x2005:57:29\x20GMT\r\nConnectio
2026-07-30 13:57:29,361 - __main__ - INFO - 📤 STDOUT: SF:n:\x20close\r\n\r\n")%r(RPCCheck,2F,"HTTP/1\.1\x20400\x20Bad\x20Request
2026-07-30 13:57:29,361 - __main__ - INFO - 📤 STDOUT: SF:\r\nConnection:\x20close\r\n\r\n");
2026-07-30 13:57:29,361 - __main__ - INFO - 📤 STDOUT: MAC Address: 16:07:2F:20:85:8F (Unknown)
2026-07-30 13:57:29,361 - __main__ - INFO - 📤 STDOUT: 
2026-07-30 13:57:29,362 - __main__ - INFO - 📤 STDOUT: Service detection performed. Please report any incorrect results at https://nmap.org/submit/ .
2026-07-30 13:57:29,362 - __main__ - INFO - 📤 STDOUT: Nmap done: 1 IP address (1 host up) scanned in 11.95 seconds
2026-07-30 13:57:29,416 - __main__ - INFO - 🧹 CLEANUP: Process 96274 removed from registry
2026-07-30 13:57:29,416 - __main__ - INFO - ✅ SUCCESS: Command completed | Exit Code: 0 | Duration: 12.02s
2026-07-30 13:57:29,417 - __main__ - INFO - [38;5;46m[1m╭─────────────────────────────────────────────────────────────────────────────╮[0m
2026-07-30 13:57:29,417 - __main__ - INFO - [1m│[0m [38;5;46m📊 FINAL RESULTS ✅[0m
2026-07-30 13:57:29,417 - __main__ - INFO - [1m├─────────────────────────────────────────────────────────────────────────────┤[0m
2026-07-30 13:57:29,417 - __main__ - INFO - [1m│[0m [38;5;51m🚀 Command:[0m nmap -sV -p 3000 -T4 -Pn 172.18.0.2
2026-07-30 13:57:29,417 - __main__ - INFO - [1m│[0m [38;5;208m⏱️  Duration:[0m 12.02s
2026-07-30 13:57:29,417 - __main__ - INFO - [1m│[0m [38;5;208m📊 Output Size:[0m 2842 bytes
2026-07-30 13:57:29,417 - __main__ - INFO - [1m│[0m [38;5;129m🔢 Exit Code:[0m 0
2026-07-30 13:57:29,417 - __main__ - INFO - [1m│[0m [38;5;46m📈 Status:[0m SUCCESS | Cached: Yes
2026-07-30 13:57:29,417 - __main__ - INFO - [38;5;46m[1m╰─────────────────────────────────────────────────────────────────────────────╯[0m
2026-07-30 13:57:29,417 - __main__ - INFO - 💾 Cached result for command: nmap -sV -p 3000 -T4 -Pn 172.18.0.2
2026-07-30 13:57:29,417 - __main__ - INFO - 📊 Nmap scan completed for 172.18.0.2
2026-07-30 13:57:29,417 - werkzeug - INFO - 127.0.0.1 - - [30/Jul/2026 13:57:29] "POST /api/tools/nmap HTTP/1.1" 200 -
2026-07-30 13:57:29,427 - __main__ - INFO - 🧹 Cache cleared
2026-07-30 13:57:29,427 - werkzeug - INFO - 127.0.0.1 - - [30/Jul/2026 13:57:29] "POST /api/cache/clear HTTP/1.1" 200 -
2026-07-30 13:57:29,433 - __main__ - INFO - 🔍 Starting Nmap scan: 1.1.1.1
2026-07-30 13:57:29,434 - __main__ - INFO - 🔍 Cache MISS for command: nmap -sV -p 80 -T4 -Pn 1.1.1.1
2026-07-30 13:57:29,434 - __main__ - INFO - 🚀 EXECUTING: nmap -sV -p 80 -T4 -Pn 1.1.1.1
2026-07-30 13:57:29,434 - __main__ - INFO - ⏱️  TIMEOUT: 300s | PID: Starting...
2026-07-30 13:57:29,434 - __main__ - INFO - 🆔 PROCESS: PID 96323 started
2026-07-30 13:57:29,434 - __main__ - INFO - 🆔 REGISTERED: Process 96323 - nmap -sV -p 80 -T4 -Pn 1.1.1.1...
2026-07-30 13:57:29,435 - __main__ - INFO - ⚡ PROGRESS ⠋: [[38;5;196m[38;5;240m░░░░░░░░░░░░░░░░░░░░░░░░░░░░░░[0m] [38;5;160m0.0%[0m Speed: 0 B/s | 0.0s | PID: 96323
2026-07-30 13:57:29,455 - __main__ - INFO - 📤 STDOUT: Starting Nmap 7.99 ( https://nmap.org ) at 2026-07-30 13:57 +0800
2026-07-30 13:57:29,550 - __main__ - WARNING - 📥 STDERR: sendto in send_ip_packet_sd: sendto(5, packet, 44, 0, 1.1.1.1, 16) => Operation not permitted
2026-07-30 13:57:29,551 - __main__ - WARNING - 📥 STDERR: Offending packet: TCP 172.30.146.141:61521 > 1.1.1.1:80 S ttl=57 id=47739 iplen=44  seq=1276811371 win=1024 <mss 1460>
2026-07-30 13:57:30,051 - __main__ - WARNING - 📥 STDERR: sendto in send_ip_packet_sd: sendto(5, packet, 44, 0, 1.1.1.1, 16) => Operation not permitted
2026-07-30 13:57:30,051 - __main__ - WARNING - 📥 STDERR: Offending packet: TCP 172.30.146.141:61523 > 1.1.1.1:80 S ttl=38 id=21364 iplen=44  seq=1276680297 win=1024 <mss 1460>
2026-07-30 13:57:30,236 - __main__ - INFO - ⚡ PROGRESS ⠙: [[38;5;196m[38;5;240m░░░░░░░░░░░░░░░░░░░░░░░░░░░░░░[0m] [38;5;160m0.3%[0m Speed: 615 B/s | 0.8s | PID: 96323
2026-07-30 13:57:30,630 - __main__ - INFO - 📤 STDOUT: Nmap scan report for one.one.one.one (1.1.1.1)
2026-07-30 13:57:30,630 - __main__ - INFO - 📤 STDOUT: Host is up.
2026-07-30 13:57:30,630 - __main__ - INFO - 📤 STDOUT: 
2026-07-30 13:57:30,630 - __main__ - INFO - 📤 STDOUT: PORT   STATE    SERVICE VERSION
2026-07-30 13:57:30,630 - __main__ - INFO - 📤 STDOUT: 80/tcp filtered http
2026-07-30 13:57:30,630 - __main__ - INFO - 📤 STDOUT: 
2026-07-30 13:57:30,630 - __main__ - INFO - 📤 STDOUT: Service detection performed. Please report any incorrect results at https://nmap.org/submit/ .
2026-07-30 13:57:30,630 - __main__ - INFO - 📤 STDOUT: Nmap done: 1 IP address (1 host up) scanned in 1.19 seconds
2026-07-30 13:57:30,655 - __main__ - INFO - 🧹 CLEANUP: Process 96323 removed from registry
2026-07-30 13:57:30,655 - __main__ - INFO - ✅ SUCCESS: Command completed | Exit Code: 0 | Duration: 1.22s
2026-07-30 13:57:30,655 - __main__ - INFO - [38;5;46m[1m╭─────────────────────────────────────────────────────────────────────────────╮[0m
2026-07-30 13:57:30,655 - __main__ - INFO - [1m│[0m [38;5;46m📊 FINAL RESULTS ✅[0m
2026-07-30 13:57:30,656 - __main__ - INFO - [1m├─────────────────────────────────────────────────────────────────────────────┤[0m
2026-07-30 13:57:30,656 - __main__ - INFO - [1m│[0m [38;5;51m🚀 Command:[0m nmap -sV -p 80 -T4 -Pn 1.1.1.1
2026-07-30 13:57:30,656 - __main__ - INFO - [1m│[0m [38;5;208m⏱️  Duration:[0m 1.22s
2026-07-30 13:57:30,656 - __main__ - INFO - [1m│[0m [38;5;208m📊 Output Size:[0m 761 bytes
2026-07-30 13:57:30,656 - __main__ - INFO - [1m│[0m [38;5;129m🔢 Exit Code:[0m 0
2026-07-30 13:57:30,656 - __main__ - INFO - [1m│[0m [38;5;46m📈 Status:[0m SUCCESS | Cached: Yes
2026-07-30 13:57:30,656 - __main__ - INFO - [38;5;46m[1m╰─────────────────────────────────────────────────────────────────────────────╯[0m
2026-07-30 13:57:30,656 - __main__ - INFO - 💾 Cached result for command: nmap -sV -p 80 -T4 -Pn 1.1.1.1
2026-07-30 13:57:30,656 - __main__ - INFO - 📊 Nmap scan completed for 1.1.1.1
2026-07-30 13:57:30,656 - werkzeug - INFO - 127.0.0.1 - - [30/Jul/2026 13:57:30] "POST /api/tools/nmap HTTP/1.1" 200 -
2026-07-30 14:12:43,876 - __main__ - INFO - 🔍 Cache MISS for command: which nmap
2026-07-30 14:12:43,877 - __main__ - INFO - 🚀 EXECUTING: which nmap
2026-07-30 14:12:43,877 - __main__ - INFO - ⏱️  TIMEOUT: 300s | PID: Starting...
2026-07-30 14:12:43,878 - __main__ - INFO - 🆔 PROCESS: PID 101986 started
2026-07-30 14:12:43,878 - __main__ - INFO - 🆔 REGISTERED: Process 101986 - which nmap...
2026-07-30 14:12:43,879 - __main__ - INFO - ⚡ PROGRESS ⠋: [[38;5;196m[38;5;240m░░░░░░░░░░░░░░░░░░░░░░░░░░░░░░[0m] [38;5;160m0.0%[0m Speed: 0 B/s | 0.0s | PID: 101986
2026-07-30 14:12:43,879 - __main__ - INFO - 📤 STDOUT: /usr/bin/nmap
2026-07-30 14:12:43,880 - __main__ - INFO - 🧹 CLEANUP: Process 101986 removed from registry
2026-07-30 14:12:43,880 - __main__ - INFO - ✅ SUCCESS: Command completed | Exit Code: 0 | Duration: 0.00s
2026-07-30 14:12:43,881 - __main__ - INFO - [38;5;46m[1m╭─────────────────────────────────────────────────────────────────────────────╮[0m
2026-07-30 14:12:43,881 - __main__ - INFO - [1m│[0m [38;5;46m📊 FINAL RESULTS ✅[0m
2026-07-30 14:12:43,881 - __main__ - INFO - [1m├─────────────────────────────────────────────────────────────────────────────┤[0m
2026-07-30 14:12:43,881 - __main__ - INFO - [1m│[0m [38;5;51m🚀 Command:[0m which nmap
2026-07-30 14:12:43,881 - __main__ - INFO - [1m│[0m [38;5;208m⏱️  Duration:[0m 0.00s
2026-07-30 14:12:43,881 - __main__ - INFO - [1m│[0m [38;5;208m📊 Output Size:[0m 14 bytes
2026-07-30 14:12:43,881 - __main__ - INFO - [1m│[0m [38;5;129m🔢 Exit Code:[0m 0
2026-07-30 14:12:43,881 - __main__ - INFO - [1m│[0m [38;5;46m📈 Status:[0m SUCCESS | Cached: Yes
2026-07-30 14:12:43,881 - __main__ - INFO - [38;5;46m[1m╰─────────────────────────────────────────────────────────────────────────────╯[0m
2026-07-30 14:12:43,881 - __main__ - INFO - 💾 Cached result for command: which nmap
2026-07-30 14:12:43,881 - __main__ - INFO - 🔍 Cache MISS for command: which gobuster
2026-07-30 14:12:43,881 - __main__ - INFO - 🚀 EXECUTING: which gobuster
2026-07-30 14:12:43,882 - __main__ - INFO - ⏱️  TIMEOUT: 300s | PID: Starting...
2026-07-30 14:12:43,882 - __main__ - INFO - 🆔 PROCESS: PID 101991 started
2026-07-30 14:12:43,882 - __main__ - INFO - 🆔 REGISTERED: Process 101991 - which gobuster...
2026-07-30 14:12:43,883 - __main__ - INFO - ⚡ PROGRESS ⠋: [[38;5;196m[38;5;240m░░░░░░░░░░░░░░░░░░░░░░░░░░░░░░[0m] [38;5;160m0.0%[0m Speed: 0 B/s | 0.0s | PID: 101991
2026-07-30 14:12:43,883 - __main__ - INFO - 📤 STDOUT: /usr/bin/gobuster
2026-07-30 14:12:43,884 - __main__ - INFO - 🧹 CLEANUP: Process 101991 removed from registry
2026-07-30 14:12:43,884 - __main__ - INFO - ✅ SUCCESS: Command completed | Exit Code: 0 | Duration: 0.00s
2026-07-30 14:12:43,884 - __main__ - INFO - [38;5;46m[1m╭─────────────────────────────────────────────────────────────────────────────╮[0m
2026-07-30 14:12:43,884 - __main__ - INFO - [1m│[0m [38;5;46m📊 FINAL RESULTS ✅[0m
2026-07-30 14:12:43,884 - __main__ - INFO - [1m├─────────────────────────────────────────────────────────────────────────────┤[0m
2026-07-30 14:12:43,885 - __main__ - INFO - [1m│[0m [38;5;51m🚀 Command:[0m which gobuster
2026-07-30 14:12:43,885 - __main__ - INFO - [1m│[0m [38;5;208m⏱️  Duration:[0m 0.00s
2026-07-30 14:12:43,885 - __main__ - INFO - [1m│[0m [38;5;208m📊 Output Size:[0m 18 bytes
2026-07-30 14:12:43,885 - __main__ - INFO - [1m│[0m [38;5;129m🔢 Exit Code:[0m 0
2026-07-30 14:12:43,885 - __main__ - INFO - [1m│[0m [38;5;46m📈 Status:[0m SUCCESS | Cached: Yes
2026-07-30 14:12:43,885 - __main__ - INFO - [38;5;46m[1m╰─────────────────────────────────────────────────────────────────────────────╯[0m
2026-07-30 14:12:43,885 - __main__ - INFO - 💾 Cached result for command: which gobuster
2026-07-30 14:12:43,885 - __main__ - INFO - 🔍 Cache MISS for command: which dirb
2026-07-30 14:12:43,885 - __main__ - INFO - 🚀 EXECUTING: which dirb
2026-07-30 14:12:43,885 - __main__ - INFO - ⏱️  TIMEOUT: 300s | PID: Starting...
2026-07-30 14:12:43,885 - __main__ - INFO - 🆔 PROCESS: PID 101996 started
2026-07-30 14:12:43,886 - __main__ - INFO - 🆔 REGISTERED: Process 101996 - which dirb...
2026-07-30 14:12:43,886 - __main__ - INFO - ⚡ PROGRESS ⠋: [[38;5;196m[38;5;240m░░░░░░░░░░░░░░░░░░░░░░░░░░░░░░[0m] [38;5;160m0.0%[0m Speed: 0 B/s | 0.0s | PID: 101996
2026-07-30 14:12:43,887 - __main__ - INFO - 📤 STDOUT: /usr/bin/dirb
2026-07-30 14:12:43,887 - __main__ - INFO - 🧹 CLEANUP: Process 101996 removed from registry
2026-07-30 14:12:43,888 - __main__ - INFO - ✅ SUCCESS: Command completed | Exit Code: 0 | Duration: 0.00s
2026-07-30 14:12:43,888 - __main__ - INFO - [38;5;46m[1m╭─────────────────────────────────────────────────────────────────────────────╮[0m
2026-07-30 14:12:43,888 - __main__ - INFO - [1m│[0m [38;5;46m📊 FINAL RESULTS ✅[0m
2026-07-30 14:12:43,888 - __main__ - INFO - [1m├─────────────────────────────────────────────────────────────────────────────┤[0m
2026-07-30 14:12:43,888 - __main__ - INFO - [1m│[0m [38;5;51m🚀 Command:[0m which dirb
2026-07-30 14:12:43,888 - __main__ - INFO - [1m│[0m [38;5;208m⏱️  Duration:[0m 0.00s
2026-07-30 14:12:43,888 - __main__ - INFO - [1m│[0m [38;5;208m📊 Output Size:[0m 14 bytes
2026-07-30 14:12:43,888 - __main__ - INFO - [1m│[0m [38;5;129m🔢 Exit Code:[0m 0
2026-07-30 14:12:43,889 - __main__ - INFO - [1m│[0m [38;5;46m📈 Status:[0m SUCCESS | Cached: Yes
2026-07-30 14:12:43,889 - __main__ - INFO - [38;5;46m[1m╰─────────────────────────────────────────────────────────────────────────────╯[0m
2026-07-30 14:12:43,889 - __main__ - INFO - 💾 Cached result for command: which dirb
2026-07-30 14:12:43,889 - __main__ - INFO - 🔍 Cache MISS for command: which nikto
2026-07-30 14:12:43,889 - __main__ - INFO - 🚀 EXECUTING: which nikto
2026-07-30 14:12:43,889 - __main__ - INFO - ⏱️  TIMEOUT: 300s | PID: Starting...
2026-07-30 14:12:43,889 - __main__ - INFO - 🆔 PROCESS: PID 102002 started
2026-07-30 14:12:43,889 - __main__ - INFO - 🆔 REGISTERED: Process 102002 - which nikto...
2026-07-30 14:12:43,890 - __main__ - INFO - ⚡ PROGRESS ⠋: [[38;5;196m[38;5;240m░░░░░░░░░░░░░░░░░░░░░░░░░░░░░░[0m] [38;5;160m0.0%[0m Speed: 0 B/s | 0.0s | PID: 102002
2026-07-30 14:12:43,890 - __main__ - INFO - 📤 STDOUT: /usr/bin/nikto
2026-07-30 14:12:43,891 - __main__ - INFO - 🧹 CLEANUP: Process 102002 removed from registry
2026-07-30 14:12:43,891 - __main__ - INFO - ✅ SUCCESS: Command completed | Exit Code: 0 | Duration: 0.00s
2026-07-30 14:12:43,891 - __main__ - INFO - [38;5;46m[1m╭─────────────────────────────────────────────────────────────────────────────╮[0m
2026-07-30 14:12:43,891 - __main__ - INFO - [1m│[0m [38;5;46m📊 FINAL RESULTS ✅[0m
2026-07-30 14:12:43,891 - __main__ - INFO - [1m├─────────────────────────────────────────────────────────────────────────────┤[0m
2026-07-30 14:12:43,891 - __main__ - INFO - [1m│[0m [38;5;51m🚀 Command:[0m which nikto
2026-07-30 14:12:43,891 - __main__ - INFO - [1m│[0m [38;5;208m⏱️  Duration:[0m 0.00s
2026-07-30 14:12:43,891 - __main__ - INFO - [1m│[0m [38;5;208m📊 Output Size:[0m 15 bytes
2026-07-30 14:12:43,891 - __main__ - INFO - [1m│[0m [38;5;129m🔢 Exit Code:[0m 0
2026-07-30 14:12:43,891 - __main__ - INFO - [1m│[0m [38;5;46m📈 Status:[0m SUCCESS | Cached: Yes
2026-07-30 14:12:43,891 - __main__ - INFO - [38;5;46m[1m╰─────────────────────────────────────────────────────────────────────────────╯[0m
2026-07-30 14:12:43,892 - __main__ - INFO - 💾 Cached result for command: which nikto
2026-07-30 14:12:43,892 - __main__ - INFO - 🔍 Cache MISS for command: which sqlmap
2026-07-30 14:12:43,892 - __main__ - INFO - 🚀 EXECUTING: which sqlmap
2026-07-30 14:12:43,892 - __main__ - INFO - ⏱️  TIMEOUT: 300s | PID: Starting...
2026-07-30 14:12:43,892 - __main__ - INFO - 🆔 PROCESS: PID 102007 started
2026-07-30 14:12:43,892 - __main__ - INFO - 🆔 REGISTERED: Process 102007 - which sqlmap...
2026-07-30 14:12:43,893 - __main__ - INFO - ⚡ PROGRESS ⠋: [[38;5;196m[38;5;240m░░░░░░░░░░░░░░░░░░░░░░░░░░░░░░[0m] [38;5;160m0.0%[0m Speed: 0 B/s | 0.0s | PID: 102007
2026-07-30 14:12:43,894 - __main__ - INFO - 📤 STDOUT: /usr/bin/sqlmap
2026-07-30 14:12:43,894 - __main__ - INFO - 🧹 CLEANUP: Process 102007 removed from registry
2026-07-30 14:12:43,894 - __main__ - INFO - ✅ SUCCESS: Command completed | Exit Code: 0 | Duration: 0.00s
2026-07-30 14:12:43,894 - __main__ - INFO - [38;5;46m[1m╭─────────────────────────────────────────────────────────────────────────────╮[0m
2026-07-30 14:12:43,895 - __main__ - INFO - [1m│[0m [38;5;46m📊 FINAL RESULTS ✅[0m
2026-07-30 14:12:43,895 - __main__ - INFO - [1m├─────────────────────────────────────────────────────────────────────────────┤[0m
2026-07-30 14:12:43,895 - __main__ - INFO - [1m│[0m [38;5;51m🚀 Command:[0m which sqlmap
2026-07-30 14:12:43,895 - __main__ - INFO - [1m│[0m [38;5;208m⏱️  Duration:[0m 0.00s
2026-07-30 14:12:43,895 - __main__ - INFO - [1m│[0m [38;5;208m📊 Output Size:[0m 16 bytes
2026-07-30 14:12:43,895 - __main__ - INFO - [1m│[0m [38;5;129m🔢 Exit Code:[0m 0
2026-07-30 14:12:43,895 - __main__ - INFO - [1m│[0m [38;5;46m📈 Status:[0m SUCCESS | Cached: Yes
2026-07-30 14:12:43,895 - __main__ - INFO - [38;5;46m[1m╰─────────────────────────────────────────────────────────────────────────────╯[0m
2026-07-30 14:12:43,895 - __main__ - INFO - 💾 Cached result for command: which sqlmap
2026-07-30 14:12:43,895 - __main__ - INFO - 🔍 Cache MISS for command: which hydra
2026-07-30 14:12:43,896 - __main__ - INFO - 🚀 EXECUTING: which hydra
2026-07-30 14:12:43,896 - __main__ - INFO - ⏱️  TIMEOUT: 300s | PID: Starting...
2026-07-30 14:12:43,896 - __main__ - INFO - 🆔 PROCESS: PID 102012 started
2026-07-30 14:12:43,896 - __main__ - INFO - 🆔 REGISTERED: Process 102012 - which hydra...
2026-07-30 14:12:43,897 - __main__ - INFO - ⚡ PROGRESS ⠋: [[38;5;196m[38;5;240m░░░░░░░░░░░░░░░░░░░░░░░░░░░░░░[0m] [38;5;160m0.0%[0m Speed: 0 B/s | 0.0s | PID: 102012
2026-07-30 14:12:43,898 - __main__ - INFO - 📤 STDOUT: /usr/bin/hydra
2026-07-30 14:12:43,898 - __main__ - INFO - 🧹 CLEANUP: Process 102012 removed from registry
2026-07-30 14:12:43,898 - __main__ - INFO - ✅ SUCCESS: Command completed | Exit Code: 0 | Duration: 0.00s
2026-07-30 14:12:43,898 - __main__ - INFO - [38;5;46m[1m╭─────────────────────────────────────────────────────────────────────────────╮[0m
2026-07-30 14:12:43,898 - __main__ - INFO - [1m│[0m [38;5;46m📊 FINAL RESULTS ✅[0m
2026-07-30 14:12:43,898 - __main__ - INFO - [1m├─────────────────────────────────────────────────────────────────────────────┤[0m
2026-07-30 14:12:43,898 - __main__ - INFO - [1m│[0m [38;5;51m🚀 Command:[0m which hydra
2026-07-30 14:12:43,898 - __main__ - INFO - [1m│[0m [38;5;208m⏱️  Duration:[0m 0.00s
2026-07-30 14:12:43,898 - __main__ - INFO - [1m│[0m [38;5;208m📊 Output Size:[0m 15 bytes
2026-07-30 14:12:43,898 - __main__ - INFO - [1m│[0m [38;5;129m🔢 Exit Code:[0m 0
2026-07-30 14:12:43,898 - __main__ - INFO - [1m│[0m [38;5;46m📈 Status:[0m SUCCESS | Cached: Yes
2026-07-30 14:12:43,898 - __main__ - INFO - [38;5;46m[1m╰─────────────────────────────────────────────────────────────────────────────╯[0m
2026-07-30 14:12:43,899 - __main__ - INFO - 💾 Cached result for command: which hydra
2026-07-30 14:12:43,899 - __main__ - INFO - 🔍 Cache MISS for command: which john
2026-07-30 14:12:43,899 - __main__ - INFO - 🚀 EXECUTING: which john
2026-07-30 14:12:43,899 - __main__ - INFO - ⏱️  TIMEOUT: 300s | PID: Starting...
2026-07-30 14:12:43,899 - __main__ - INFO - 🆔 PROCESS: PID 102017 started
2026-07-30 14:12:43,899 - __main__ - INFO - 🆔 REGISTERED: Process 102017 - which john...
2026-07-30 14:12:43,900 - __main__ - INFO - ⚡ PROGRESS ⠋: [[38;5;196m[38;5;240m░░░░░░░░░░░░░░░░░░░░░░░░░░░░░░[0m] [38;5;160m0.0%[0m Speed: 0 B/s | 0.0s | PID: 102017
2026-07-30 14:12:43,900 - __main__ - INFO - 📤 STDOUT: /usr/sbin/john
2026-07-30 14:12:43,901 - __main__ - INFO - 🧹 CLEANUP: Process 102017 removed from registry
2026-07-30 14:12:43,901 - __main__ - INFO - ✅ SUCCESS: Command completed | Exit Code: 0 | Duration: 0.00s
2026-07-30 14:12:43,901 - __main__ - INFO - [38;5;46m[1m╭─────────────────────────────────────────────────────────────────────────────╮[0m
2026-07-30 14:12:43,901 - __main__ - INFO - [1m│[0m [38;5;46m📊 FINAL RESULTS ✅[0m
2026-07-30 14:12:43,901 - __main__ - INFO - [1m├─────────────────────────────────────────────────────────────────────────────┤[0m
2026-07-30 14:12:43,901 - __main__ - INFO - [1m│[0m [38;5;51m🚀 Command:[0m which john
2026-07-30 14:12:43,901 - __main__ - INFO - [1m│[0m [38;5;208m⏱️  Duration:[0m 0.00s
2026-07-30 14:12:43,901 - __main__ - INFO - [1m│[0m [38;5;208m📊 Output Size:[0m 15 bytes
2026-07-30 14:12:43,901 - __main__ - INFO - [1m│[0m [38;5;129m🔢 Exit Code:[0m 0
2026-07-30 14:12:43,901 - __main__ - INFO - [1m│[0m [38;5;46m📈 Status:[0m SUCCESS | Cached: Yes
2026-07-30 14:12:43,901 - __main__ - INFO - [38;5;46m[1m╰─────────────────────────────────────────────────────────────────────────────╯[0m
2026-07-30 14:12:43,901 - __main__ - INFO - 💾 Cached result for command: which john
2026-07-30 14:12:43,901 - __main__ - INFO - 🔍 Cache MISS for command: which hashcat
2026-07-30 14:12:43,901 - __main__ - INFO - 🚀 EXECUTING: which hashcat
2026-07-30 14:12:43,901 - __main__ - INFO - ⏱️  TIMEOUT: 300s | PID: Starting...
2026-07-30 14:12:43,902 - __main__ - INFO - 🆔 PROCESS: PID 102022 started
2026-07-30 14:12:43,902 - __main__ - INFO - 🆔 REGISTERED: Process 102022 - which hashcat...
2026-07-30 14:12:43,902 - __main__ - INFO - ⚡ PROGRESS ⠋: [[38;5;196m[38;5;240m░░░░░░░░░░░░░░░░░░░░░░░░░░░░░░[0m] [38;5;160m0.0%[0m Speed: 0 B/s | 0.0s | PID: 102022
2026-07-30 14:12:43,903 - __main__ - INFO - 📤 STDOUT: /usr/bin/hashcat
2026-07-30 14:12:43,904 - __main__ - INFO - 🧹 CLEANUP: Process 102022 removed from registry
2026-07-30 14:12:43,904 - __main__ - INFO - ✅ SUCCESS: Command completed | Exit Code: 0 | Duration: 0.00s
2026-07-30 14:12:43,904 - __main__ - INFO - [38;5;46m[1m╭─────────────────────────────────────────────────────────────────────────────╮[0m
2026-07-30 14:12:43,904 - __main__ - INFO - [1m│[0m [38;5;46m📊 FINAL RESULTS ✅[0m
2026-07-30 14:12:43,904 - __main__ - INFO - [1m├─────────────────────────────────────────────────────────────────────────────┤[0m
2026-07-30 14:12:43,904 - __main__ - INFO - [1m│[0m [38;5;51m🚀 Command:[0m which hashcat
2026-07-30 14:12:43,904 - __main__ - INFO - [1m│[0m [38;5;208m⏱️  Duration:[0m 0.00s
2026-07-30 14:12:43,904 - __main__ - INFO - [1m│[0m [38;5;208m📊 Output Size:[0m 17 bytes
2026-07-30 14:12:43,904 - __main__ - INFO - [1m│[0m [38;5;129m🔢 Exit Code:[0m 0
2026-07-30 14:12:43,904 - __main__ - INFO - [1m│[0m [38;5;46m📈 Status:[0m SUCCESS | Cached: Yes
2026-07-30 14:12:43,904 - __main__ - INFO - [38;5;46m[1m╰─────────────────────────────────────────────────────────────────────────────╯[0m
2026-07-30 14:12:43,904 - __main__ - INFO - 💾 Cached result for command: which hashcat
2026-07-30 14:12:43,904 - __main__ - INFO - 🔍 Cache MISS for command: which rustscan
2026-07-30 14:12:43,905 - __main__ - INFO - 🚀 EXECUTING: which rustscan
2026-07-30 14:12:43,905 - __main__ - INFO - ⏱️  TIMEOUT: 300s | PID: Starting...
2026-07-30 14:12:43,905 - __main__ - INFO - 🆔 PROCESS: PID 102028 started
2026-07-30 14:12:43,905 - __main__ - INFO - 🆔 REGISTERED: Process 102028 - which rustscan...
2026-07-30 14:12:43,906 - __main__ - INFO - ⚡ PROGRESS ⠋: [[38;5;196m[38;5;240m░░░░░░░░░░░░░░░░░░░░░░░░░░░░░░[0m] [38;5;160m0.0%[0m Speed: 0 B/s | 0.0s | PID: 102028
2026-07-30 14:12:43,907 - __main__ - INFO - 🧹 CLEANUP: Process 102028 removed from registry
2026-07-30 14:12:43,907 - __main__ - WARNING - ⚠️  WARNING: Command completed with errors | Exit Code: 1 | Duration: 0.00s
2026-07-30 14:12:43,907 - __main__ - INFO - [38;5;46m[1m╭─────────────────────────────────────────────────────────────────────────────╮[0m
2026-07-30 14:12:43,907 - __main__ - INFO - [1m│[0m [38;5;196m📊 FINAL RESULTS ❌[0m
2026-07-30 14:12:43,907 - __main__ - INFO - [1m├─────────────────────────────────────────────────────────────────────────────┤[0m
2026-07-30 14:12:43,907 - __main__ - INFO - [1m│[0m [38;5;51m🚀 Command:[0m which rustscan
2026-07-30 14:12:43,907 - __main__ - INFO - [1m│[0m [38;5;208m⏱️  Duration:[0m 0.00s
2026-07-30 14:12:43,908 - __main__ - INFO - [1m│[0m [38;5;208m📊 Output Size:[0m 0 bytes
2026-07-30 14:12:43,908 - __main__ - INFO - [1m│[0m [38;5;129m🔢 Exit Code:[0m 1
2026-07-30 14:12:43,908 - __main__ - INFO - [1m│[0m [38;5;196m📈 Status:[0m FAILED | Cached: Yes
2026-07-30 14:12:43,908 - __main__ - INFO - [38;5;46m[1m╰─────────────────────────────────────────────────────────────────────────────╯[0m
2026-07-30 14:12:43,908 - __main__ - INFO - 🔍 Cache MISS for command: which masscan
2026-07-30 14:12:43,908 - __main__ - INFO - 🚀 EXECUTING: which masscan
2026-07-30 14:12:43,908 - __main__ - INFO - ⏱️  TIMEOUT: 300s | PID: Starting...
2026-07-30 14:12:43,908 - __main__ - INFO - 🆔 PROCESS: PID 102033 started
2026-07-30 14:12:43,908 - __main__ - INFO - 🆔 REGISTERED: Process 102033 - which masscan...
2026-07-30 14:12:43,910 - __main__ - INFO - 📤 STDOUT: /usr/bin/masscan
2026-07-30 14:12:43,911 - __main__ - INFO - 🧹 CLEANUP: Process 102033 removed from registry
2026-07-30 14:12:43,911 - __main__ - INFO - ✅ SUCCESS: Command completed | Exit Code: 0 | Duration: 0.00s
2026-07-30 14:12:43,911 - __main__ - INFO - [38;5;46m[1m╭─────────────────────────────────────────────────────────────────────────────╮[0m
2026-07-30 14:12:43,911 - __main__ - INFO - [1m│[0m [38;5;46m📊 FINAL RESULTS ✅[0m
2026-07-30 14:12:43,911 - __main__ - INFO - [1m├─────────────────────────────────────────────────────────────────────────────┤[0m
2026-07-30 14:12:43,911 - __main__ - INFO - [1m│[0m [38;5;51m🚀 Command:[0m which masscan
2026-07-30 14:12:43,911 - __main__ - INFO - [1m│[0m [38;5;208m⏱️  Duration:[0m 0.00s
2026-07-30 14:12:43,911 - __main__ - INFO - [1m│[0m [38;5;208m📊 Output Size:[0m 17 bytes
2026-07-30 14:12:43,911 - __main__ - INFO - [1m│[0m [38;5;129m🔢 Exit Code:[0m 0
2026-07-30 14:12:43,911 - __main__ - INFO - [1m│[0m [38;5;46m📈 Status:[0m SUCCESS | Cached: Yes
2026-07-30 14:12:43,911 - __main__ - INFO - [38;5;46m[1m╰─────────────────────────────────────────────────────────────────────────────╯[0m
2026-07-30 14:12:43,911 - __main__ - INFO - 💾 Cached result for command: which masscan
2026-07-30 14:12:43,912 - __main__ - INFO - 🔍 Cache MISS for command: which autorecon
2026-07-30 14:12:43,912 - __main__ - INFO - 🚀 EXECUTING: which autorecon
2026-07-30 14:12:43,912 - __main__ - INFO - ⏱️  TIMEOUT: 300s | PID: Starting...
2026-07-30 14:12:43,912 - __main__ - INFO - 🆔 PROCESS: PID 102038 started
2026-07-30 14:12:43,912 - __main__ - INFO - 🆔 REGISTERED: Process 102038 - which autorecon...
2026-07-30 14:12:43,913 - __main__ - INFO - ⚡ PROGRESS ⠋: [[38;5;196m[38;5;240m░░░░░░░░░░░░░░░░░░░░░░░░░░░░░░[0m] [38;5;160m0.0%[0m Speed: 0 B/s | 0.0s | PID: 102038
2026-07-30 14:12:43,914 - __main__ - INFO - 🧹 CLEANUP: Process 102038 removed from registry
2026-07-30 14:12:43,914 - __main__ - WARNING - ⚠️  WARNING: Command completed with errors | Exit Code: 1 | Duration: 0.00s
2026-07-30 14:12:43,914 - __main__ - INFO - [38;5;46m[1m╭─────────────────────────────────────────────────────────────────────────────╮[0m
2026-07-30 14:12:43,914 - __main__ - INFO - [1m│[0m [38;5;196m📊 FINAL RESULTS ❌[0m
2026-07-30 14:12:43,914 - __main__ - INFO - [1m├─────────────────────────────────────────────────────────────────────────────┤[0m
2026-07-30 14:12:43,914 - __main__ - INFO - [1m│[0m [38;5;51m🚀 Command:[0m which autorecon
2026-07-30 14:12:43,915 - __main__ - INFO - [1m│[0m [38;5;208m⏱️  Duration:[0m 0.00s
2026-07-30 14:12:43,915 - __main__ - INFO - [1m│[0m [38;5;208m📊 Output Size:[0m 0 bytes
2026-07-30 14:12:43,915 - __main__ - INFO - [1m│[0m [38;5;129m🔢 Exit Code:[0m 1
2026-07-30 14:12:43,915 - __main__ - INFO - [1m│[0m [38;5;196m📈 Status:[0m FAILED | Cached: Yes
2026-07-30 14:12:43,915 - __main__ - INFO - [38;5;46m[1m╰─────────────────────────────────────────────────────────────────────────────╯[0m
2026-07-30 14:12:43,915 - __main__ - INFO - 🔍 Cache MISS for command: which nbtscan
2026-07-30 14:12:43,915 - __main__ - INFO - 🚀 EXECUTING: which nbtscan
2026-07-30 14:12:43,915 - __main__ - INFO - ⏱️  TIMEOUT: 300s | PID: Starting...
2026-07-30 14:12:43,915 - __main__ - INFO - 🆔 PROCESS: PID 102043 started
2026-07-30 14:12:43,915 - __main__ - INFO - 🆔 REGISTERED: Process 102043 - which nbtscan...
2026-07-30 14:12:43,916 - __main__ - INFO - ⚡ PROGRESS ⠋: [[38;5;196m[38;5;240m░░░░░░░░░░░░░░░░░░░░░░░░░░░░░░[0m] [38;5;160m0.0%[0m Speed: 0 B/s | 0.0s | PID: 102043
2026-07-30 14:12:43,917 - __main__ - INFO - 📤 STDOUT: /usr/bin/nbtscan
2026-07-30 14:12:43,917 - __main__ - INFO - 🧹 CLEANUP: Process 102043 removed from registry
2026-07-30 14:12:43,917 - __main__ - INFO - ✅ SUCCESS: Command completed | Exit Code: 0 | Duration: 0.00s
2026-07-30 14:12:43,917 - __main__ - INFO - [38;5;46m[1m╭─────────────────────────────────────────────────────────────────────────────╮[0m
2026-07-30 14:12:43,917 - __main__ - INFO - [1m│[0m [38;5;46m📊 FINAL RESULTS ✅[0m
2026-07-30 14:12:43,917 - __main__ - INFO - [1m├─────────────────────────────────────────────────────────────────────────────┤[0m
2026-07-30 14:12:43,917 - __main__ - INFO - [1m│[0m [38;5;51m🚀 Command:[0m which nbtscan
2026-07-30 14:12:43,917 - __main__ - INFO - [1m│[0m [38;5;208m⏱️  Duration:[0m 0.00s
2026-07-30 14:12:43,917 - __main__ - INFO - [1m│[0m [38;5;208m📊 Output Size:[0m 17 bytes
2026-07-30 14:12:43,917 - __main__ - INFO - [1m│[0m [38;5;129m🔢 Exit Code:[0m 0
2026-07-30 14:12:43,918 - __main__ - INFO - [1m│[0m [38;5;46m📈 Status:[0m SUCCESS | Cached: Yes
2026-07-30 14:12:43,918 - __main__ - INFO - [38;5;46m[1m╰─────────────────────────────────────────────────────────────────────────────╯[0m
2026-07-30 14:12:43,918 - __main__ - INFO - 💾 Cached result for command: which nbtscan
2026-07-30 14:12:43,918 - __main__ - INFO - 🔍 Cache MISS for command: which arp-scan
2026-07-30 14:12:43,918 - __main__ - INFO - 🚀 EXECUTING: which arp-scan
2026-07-30 14:12:43,918 - __main__ - INFO - ⏱️  TIMEOUT: 300s | PID: Starting...
2026-07-30 14:12:43,918 - __main__ - INFO - 🆔 PROCESS: PID 102048 started
2026-07-30 14:12:43,918 - __main__ - INFO - 🆔 REGISTERED: Process 102048 - which arp-scan...
2026-07-30 14:12:43,919 - __main__ - INFO - ⚡ PROGRESS ⠋: [[38;5;196m[38;5;240m░░░░░░░░░░░░░░░░░░░░░░░░░░░░░░[0m] [38;5;160m0.0%[0m Speed: 0 B/s | 0.0s | PID: 102048
2026-07-30 14:12:43,919 - __main__ - INFO - 📤 STDOUT: /usr/sbin/arp-scan
2026-07-30 14:12:43,920 - __main__ - INFO - 🧹 CLEANUP: Process 102048 removed from registry
2026-07-30 14:12:43,920 - __main__ - INFO - ✅ SUCCESS: Command completed | Exit Code: 0 | Duration: 0.00s
2026-07-30 14:12:43,920 - __main__ - INFO - [38;5;46m[1m╭─────────────────────────────────────────────────────────────────────────────╮[0m
2026-07-30 14:12:43,920 - __main__ - INFO - [1m│[0m [38;5;46m📊 FINAL RESULTS ✅[0m
2026-07-30 14:12:43,920 - __main__ - INFO - [1m├─────────────────────────────────────────────────────────────────────────────┤[0m
2026-07-30 14:12:43,920 - __main__ - INFO - [1m│[0m [38;5;51m🚀 Command:[0m which arp-scan
2026-07-30 14:12:43,920 - __main__ - INFO - [1m│[0m [38;5;208m⏱️  Duration:[0m 0.00s
2026-07-30 14:12:43,920 - __main__ - INFO - [1m│[0m [38;5;208m📊 Output Size:[0m 19 bytes
2026-07-30 14:12:43,920 - __main__ - INFO - [1m│[0m [38;5;129m🔢 Exit Code:[0m 0
2026-07-30 14:12:43,920 - __main__ - INFO - [1m│[0m [38;5;46m📈 Status:[0m SUCCESS | Cached: Yes
2026-07-30 14:12:43,920 - __main__ - INFO - [38;5;46m[1m╰─────────────────────────────────────────────────────────────────────────────╯[0m
2026-07-30 14:12:43,921 - __main__ - INFO - 💾 Cached result for command: which arp-scan
2026-07-30 14:12:43,921 - __main__ - INFO - 🔍 Cache MISS for command: which responder
2026-07-30 14:12:43,921 - __main__ - INFO - 🚀 EXECUTING: which responder
2026-07-30 14:12:43,921 - __main__ - INFO - ⏱️  TIMEOUT: 300s | PID: Starting...
2026-07-30 14:12:43,921 - __main__ - INFO - 🆔 PROCESS: PID 102053 started
2026-07-30 14:12:43,921 - __main__ - INFO - 🆔 REGISTERED: Process 102053 - which responder...
2026-07-30 14:12:43,922 - __main__ - INFO - ⚡ PROGRESS ⠋: [[38;5;196m[38;5;240m░░░░░░░░░░░░░░░░░░░░░░░░░░░░░░[0m] [38;5;160m0.0%[0m Speed: 0 B/s | 0.0s | PID: 102053
2026-07-30 14:12:43,922 - __main__ - INFO - 📤 STDOUT: /usr/sbin/responder
2026-07-30 14:12:43,923 - __main__ - INFO - 🧹 CLEANUP: Process 102053 removed from registry
2026-07-30 14:12:43,923 - __main__ - INFO - ✅ SUCCESS: Command completed | Exit Code: 0 | Duration: 0.00s
2026-07-30 14:12:43,923 - __main__ - INFO - [38;5;46m[1m╭─────────────────────────────────────────────────────────────────────────────╮[0m
2026-07-30 14:12:43,923 - __main__ - INFO - [1m│[0m [38;5;46m📊 FINAL RESULTS ✅[0m
2026-07-30 14:12:43,923 - __main__ - INFO - [1m├─────────────────────────────────────────────────────────────────────────────┤[0m
2026-07-30 14:12:43,923 - __main__ - INFO - [1m│[0m [38;5;51m🚀 Command:[0m which responder
2026-07-30 14:12:43,923 - __main__ - INFO - [1m│[0m [38;5;208m⏱️  Duration:[0m 0.00s
2026-07-30 14:12:43,923 - __main__ - INFO - [1m│[0m [38;5;208m📊 Output Size:[0m 20 bytes
2026-07-30 14:12:43,923 - __main__ - INFO - [1m│[0m [38;5;129m🔢 Exit Code:[0m 0
2026-07-30 14:12:43,923 - __main__ - INFO - [1m│[0m [38;5;46m📈 Status:[0m SUCCESS | Cached: Yes
2026-07-30 14:12:43,923 - __main__ - INFO - [38;5;46m[1m╰─────────────────────────────────────────────────────────────────────────────╯[0m
2026-07-30 14:12:43,923 - __main__ - INFO - 💾 Cached result for command: which responder
2026-07-30 14:12:43,923 - __main__ - INFO - 🔍 Cache MISS for command: which nxc
2026-07-30 14:12:43,923 - __main__ - INFO - 🚀 EXECUTING: which nxc
2026-07-30 14:12:43,923 - __main__ - INFO - ⏱️  TIMEOUT: 300s | PID: Starting...
2026-07-30 14:12:43,924 - __main__ - INFO - 🆔 PROCESS: PID 102058 started
2026-07-30 14:12:43,924 - __main__ - INFO - 🆔 REGISTERED: Process 102058 - which nxc...
2026-07-30 14:12:43,924 - __main__ - INFO - ⚡ PROGRESS ⠋: [[38;5;196m[38;5;240m░░░░░░░░░░░░░░░░░░░░░░░░░░░░░░[0m] [38;5;160m0.0%[0m Speed: 0 B/s | 0.0s | PID: 102058
2026-07-30 14:12:43,925 - __main__ - INFO - 📤 STDOUT: /usr/bin/nxc
2026-07-30 14:12:43,926 - __main__ - INFO - 🧹 CLEANUP: Process 102058 removed from registry
2026-07-30 14:12:43,926 - __main__ - INFO - ✅ SUCCESS: Command completed | Exit Code: 0 | Duration: 0.00s
2026-07-30 14:12:43,926 - __main__ - INFO - [38;5;46m[1m╭─────────────────────────────────────────────────────────────────────────────╮[0m
2026-07-30 14:12:43,926 - __main__ - INFO - [1m│[0m [38;5;46m📊 FINAL RESULTS ✅[0m
2026-07-30 14:12:43,926 - __main__ - INFO - [1m├─────────────────────────────────────────────────────────────────────────────┤[0m
2026-07-30 14:12:43,926 - __main__ - INFO - [1m│[0m [38;5;51m🚀 Command:[0m which nxc
2026-07-30 14:12:43,926 - __main__ - INFO - [1m│[0m [38;5;208m⏱️  Duration:[0m 0.00s
2026-07-30 14:12:43,926 - __main__ - INFO - [1m│[0m [38;5;208m📊 Output Size:[0m 13 bytes
2026-07-30 14:12:43,926 - __main__ - INFO - [1m│[0m [38;5;129m🔢 Exit Code:[0m 0
2026-07-30 14:12:43,926 - __main__ - INFO - [1m│[0m [38;5;46m📈 Status:[0m SUCCESS | Cached: Yes
2026-07-30 14:12:43,926 - __main__ - INFO - [38;5;46m[1m╰─────────────────────────────────────────────────────────────────────────────╯[0m
2026-07-30 14:12:43,926 - __main__ - INFO - 💾 Cached result for command: which nxc
2026-07-30 14:12:43,926 - __main__ - INFO - 🔍 Cache MISS for command: which enum4linux-ng
2026-07-30 14:12:43,926 - __main__ - INFO - 🚀 EXECUTING: which enum4linux-ng
2026-07-30 14:12:43,926 - __main__ - INFO - ⏱️  TIMEOUT: 300s | PID: Starting...
2026-07-30 14:12:43,926 - __main__ - INFO - 🆔 PROCESS: PID 102063 started
2026-07-30 14:12:43,927 - __main__ - INFO - 🆔 REGISTERED: Process 102063 - which enum4linux-ng...
2026-07-30 14:12:43,927 - __main__ - INFO - ⚡ PROGRESS ⠋: [[38;5;196m[38;5;240m░░░░░░░░░░░░░░░░░░░░░░░░░░░░░░[0m] [38;5;160m0.0%[0m Speed: 0 B/s | 0.0s | PID: 102063
2026-07-30 14:12:43,929 - __main__ - INFO - 🧹 CLEANUP: Process 102063 removed from registry
2026-07-30 14:12:43,929 - __main__ - WARNING - ⚠️  WARNING: Command completed with errors | Exit Code: 1 | Duration: 0.00s
2026-07-30 14:12:43,929 - __main__ - INFO - [38;5;46m[1m╭─────────────────────────────────────────────────────────────────────────────╮[0m
2026-07-30 14:12:43,929 - __main__ - INFO - [1m│[0m [38;5;196m📊 FINAL RESULTS ❌[0m
2026-07-30 14:12:43,929 - __main__ - INFO - [1m├─────────────────────────────────────────────────────────────────────────────┤[0m
2026-07-30 14:12:43,929 - __main__ - INFO - [1m│[0m [38;5;51m🚀 Command:[0m which enum4linux-ng
2026-07-30 14:12:43,929 - __main__ - INFO - [1m│[0m [38;5;208m⏱️  Duration:[0m 0.00s
2026-07-30 14:12:43,929 - __main__ - INFO - [1m│[0m [38;5;208m📊 Output Size:[0m 0 bytes
2026-07-30 14:12:43,929 - __main__ - INFO - [1m│[0m [38;5;129m🔢 Exit Code:[0m 1
2026-07-30 14:12:43,929 - __main__ - INFO - [1m│[0m [38;5;196m📈 Status:[0m FAILED | Cached: Yes
2026-07-30 14:12:43,929 - __main__ - INFO - [38;5;46m[1m╰─────────────────────────────────────────────────────────────────────────────╯[0m
2026-07-30 14:12:43,929 - __main__ - INFO - 🔍 Cache MISS for command: which rpcclient
2026-07-30 14:12:43,929 - __main__ - INFO - 🚀 EXECUTING: which rpcclient
2026-07-30 14:12:43,929 - __main__ - INFO - ⏱️  TIMEOUT: 300s | PID: Starting...
2026-07-30 14:12:43,930 - __main__ - INFO - 🆔 PROCESS: PID 102068 started
2026-07-30 14:12:43,930 - __main__ - INFO - 🆔 REGISTERED: Process 102068 - which rpcclient...
2026-07-30 14:12:43,931 - __main__ - INFO - ⚡ PROGRESS ⠋: [[38;5;196m[38;5;240m░░░░░░░░░░░░░░░░░░░░░░░░░░░░░░[0m] [38;5;160m0.0%[0m Speed: 0 B/s | 0.0s | PID: 102068
2026-07-30 14:12:43,931 - __main__ - INFO - 📤 STDOUT: /usr/bin/rpcclient
2026-07-30 14:12:43,932 - __main__ - INFO - 🧹 CLEANUP: Process 102068 removed from registry
2026-07-30 14:12:43,932 - __main__ - INFO - ✅ SUCCESS: Command completed | Exit Code: 0 | Duration: 0.00s
2026-07-30 14:12:43,932 - __main__ - INFO - [38;5;46m[1m╭─────────────────────────────────────────────────────────────────────────────╮[0m
2026-07-30 14:12:43,932 - __main__ - INFO - [1m│[0m [38;5;46m📊 FINAL RESULTS ✅[0m
2026-07-30 14:12:43,932 - __main__ - INFO - [1m├─────────────────────────────────────────────────────────────────────────────┤[0m
2026-07-30 14:12:43,932 - __main__ - INFO - [1m│[0m [38;5;51m🚀 Command:[0m which rpcclient
2026-07-30 14:12:43,932 - __main__ - INFO - [1m│[0m [38;5;208m⏱️  Duration:[0m 0.00s
2026-07-30 14:12:43,932 - __main__ - INFO - [1m│[0m [38;5;208m📊 Output Size:[0m 19 bytes
2026-07-30 14:12:43,932 - __main__ - INFO - [1m│[0m [38;5;129m🔢 Exit Code:[0m 0
2026-07-30 14:12:43,933 - __main__ - INFO - [1m│[0m [38;5;46m📈 Status:[0m SUCCESS | Cached: Yes
2026-07-30 14:12:43,933 - __main__ - INFO - [38;5;46m[1m╰─────────────────────────────────────────────────────────────────────────────╯[0m
2026-07-30 14:12:43,933 - __main__ - INFO - 💾 Cached result for command: which rpcclient
2026-07-30 14:12:43,933 - __main__ - INFO - 🔍 Cache MISS for command: which enum4linux
2026-07-30 14:12:43,933 - __main__ - INFO - 🚀 EXECUTING: which enum4linux
2026-07-30 14:12:43,933 - __main__ - INFO - ⏱️  TIMEOUT: 300s | PID: Starting...
2026-07-30 14:12:43,933 - __main__ - INFO - 🆔 PROCESS: PID 102073 started
2026-07-30 14:12:43,933 - __main__ - INFO - 🆔 REGISTERED: Process 102073 - which enum4linux...
2026-07-30 14:12:43,934 - __main__ - INFO - ⚡ PROGRESS ⠋: [[38;5;196m[38;5;240m░░░░░░░░░░░░░░░░░░░░░░░░░░░░░░[0m] [38;5;160m0.0%[0m Speed: 0 B/s | 0.0s | PID: 102073
2026-07-30 14:12:43,935 - __main__ - INFO - 📤 STDOUT: /usr/bin/enum4linux
2026-07-30 14:12:43,935 - __main__ - INFO - 🧹 CLEANUP: Process 102073 removed from registry
2026-07-30 14:12:43,935 - __main__ - INFO - ✅ SUCCESS: Command completed | Exit Code: 0 | Duration: 0.00s
2026-07-30 14:12:43,935 - __main__ - INFO - [38;5;46m[1m╭─────────────────────────────────────────────────────────────────────────────╮[0m
2026-07-30 14:12:43,935 - __main__ - INFO - [1m│[0m [38;5;46m📊 FINAL RESULTS ✅[0m
2026-07-30 14:12:43,935 - __main__ - INFO - [1m├─────────────────────────────────────────────────────────────────────────────┤[0m
2026-07-30 14:12:43,936 - __main__ - INFO - [1m│[0m [38;5;51m🚀 Command:[0m which enum4linux
2026-07-30 14:12:43,936 - __main__ - INFO - [1m│[0m [38;5;208m⏱️  Duration:[0m 0.00s
2026-07-30 14:12:43,936 - __main__ - INFO - [1m│[0m [38;5;208m📊 Output Size:[0m 20 bytes
2026-07-30 14:12:43,936 - __main__ - INFO - [1m│[0m [38;5;129m🔢 Exit Code:[0m 0
2026-07-30 14:12:43,936 - __main__ - INFO - [1m│[0m [38;5;46m📈 Status:[0m SUCCESS | Cached: Yes
2026-07-30 14:12:43,936 - __main__ - INFO - [38;5;46m[1m╰─────────────────────────────────────────────────────────────────────────────╯[0m
2026-07-30 14:12:43,936 - __main__ - INFO - 💾 Cached result for command: which enum4linux
2026-07-30 14:12:43,936 - __main__ - INFO - 🔍 Cache MISS for command: which ffuf
2026-07-30 14:12:43,936 - __main__ - INFO - 🚀 EXECUTING: which ffuf
2026-07-30 14:12:43,936 - __main__ - INFO - ⏱️  TIMEOUT: 300s | PID: Starting...
2026-07-30 14:12:43,936 - __main__ - INFO - 🆔 PROCESS: PID 102078 started
2026-07-30 14:12:43,936 - __main__ - INFO - 🆔 REGISTERED: Process 102078 - which ffuf...
2026-07-30 14:12:43,937 - __main__ - INFO - ⚡ PROGRESS ⠋: [[38;5;196m[38;5;240m░░░░░░░░░░░░░░░░░░░░░░░░░░░░░░[0m] [38;5;160m0.0%[0m Speed: 0 B/s | 0.0s | PID: 102078
2026-07-30 14:12:43,938 - __main__ - INFO - 📤 STDOUT: /usr/bin/ffuf
2026-07-30 14:12:43,938 - __main__ - INFO - 🧹 CLEANUP: Process 102078 removed from registry
2026-07-30 14:12:43,938 - __main__ - INFO - ✅ SUCCESS: Command completed | Exit Code: 0 | Duration: 0.00s
2026-07-30 14:12:43,938 - __main__ - INFO - [38;5;46m[1m╭─────────────────────────────────────────────────────────────────────────────╮[0m
2026-07-30 14:12:43,938 - __main__ - INFO - [1m│[0m [38;5;46m📊 FINAL RESULTS ✅[0m
2026-07-30 14:12:43,938 - __main__ - INFO - [1m├─────────────────────────────────────────────────────────────────────────────┤[0m
2026-07-30 14:12:43,938 - __main__ - INFO - [1m│[0m [38;5;51m🚀 Command:[0m which ffuf
2026-07-30 14:12:43,938 - __main__ - INFO - [1m│[0m [38;5;208m⏱️  Duration:[0m 0.00s
2026-07-30 14:12:43,938 - __main__ - INFO - [1m│[0m [38;5;208m📊 Output Size:[0m 14 bytes
2026-07-30 14:12:43,938 - __main__ - INFO - [1m│[0m [38;5;129m🔢 Exit Code:[0m 0
2026-07-30 14:12:43,938 - __main__ - INFO - [1m│[0m [38;5;46m📈 Status:[0m SUCCESS | Cached: Yes
2026-07-30 14:12:43,938 - __main__ - INFO - [38;5;46m[1m╰─────────────────────────────────────────────────────────────────────────────╯[0m
2026-07-30 14:12:43,939 - __main__ - INFO - 💾 Cached result for command: which ffuf
2026-07-30 14:12:43,939 - __main__ - INFO - 🔍 Cache MISS for command: which feroxbuster
2026-07-30 14:12:43,939 - __main__ - INFO - 🚀 EXECUTING: which feroxbuster
2026-07-30 14:12:43,939 - __main__ - INFO - ⏱️  TIMEOUT: 300s | PID: Starting...
2026-07-30 14:12:43,939 - __main__ - INFO - 🆔 PROCESS: PID 102083 started
2026-07-30 14:12:43,939 - __main__ - INFO - 🆔 REGISTERED: Process 102083 - which feroxbuster...
2026-07-30 14:12:43,940 - __main__ - INFO - ⚡ PROGRESS ⠋: [[38;5;196m[38;5;240m░░░░░░░░░░░░░░░░░░░░░░░░░░░░░░[0m] [38;5;160m0.0%[0m Speed: 0 B/s | 0.0s | PID: 102083
2026-07-30 14:12:43,940 - __main__ - INFO - 📤 STDOUT: /usr/bin/feroxbuster
2026-07-30 14:12:43,941 - __main__ - INFO - 🧹 CLEANUP: Process 102083 removed from registry
2026-07-30 14:12:43,941 - __main__ - INFO - ✅ SUCCESS: Command completed | Exit Code: 0 | Duration: 0.00s
2026-07-30 14:12:43,941 - __main__ - INFO - [38;5;46m[1m╭─────────────────────────────────────────────────────────────────────────────╮[0m
2026-07-30 14:12:43,941 - __main__ - INFO - [1m│[0m [38;5;46m📊 FINAL RESULTS ✅[0m
2026-07-30 14:12:43,941 - __main__ - INFO - [1m├─────────────────────────────────────────────────────────────────────────────┤[0m
2026-07-30 14:12:43,941 - __main__ - INFO - [1m│[0m [38;5;51m🚀 Command:[0m which feroxbuster
2026-07-30 14:12:43,941 - __main__ - INFO - [1m│[0m [38;5;208m⏱️  Duration:[0m 0.00s
2026-07-30 14:12:43,941 - __main__ - INFO - [1m│[0m [38;5;208m📊 Output Size:[0m 21 bytes
2026-07-30 14:12:43,941 - __main__ - INFO - [1m│[0m [38;5;129m🔢 Exit Code:[0m 0
2026-07-30 14:12:43,941 - __main__ - INFO - [1m│[0m [38;5;46m📈 Status:[0m SUCCESS | Cached: Yes
2026-07-30 14:12:43,941 - __main__ - INFO - [38;5;46m[1m╰─────────────────────────────────────────────────────────────────────────────╯[0m
2026-07-30 14:12:43,941 - __main__ - INFO - 💾 Cached result for command: which feroxbuster
2026-07-30 14:12:43,941 - __main__ - INFO - 🔍 Cache MISS for command: which dirsearch
2026-07-30 14:12:43,941 - __main__ - INFO - 🚀 EXECUTING: which dirsearch
2026-07-30 14:12:43,941 - __main__ - INFO - ⏱️  TIMEOUT: 300s | PID: Starting...
2026-07-30 14:12:43,941 - __main__ - INFO - 🆔 PROCESS: PID 102088 started
2026-07-30 14:12:43,941 - __main__ - INFO - 🆔 REGISTERED: Process 102088 - which dirsearch...
2026-07-30 14:12:43,942 - __main__ - INFO - ⚡ PROGRESS ⠋: [[38;5;196m[38;5;240m░░░░░░░░░░░░░░░░░░░░░░░░░░░░░░[0m] [38;5;160m0.0%[0m Speed: 0 B/s | 0.0s | PID: 102088
2026-07-30 14:12:43,943 - __main__ - INFO - 🧹 CLEANUP: Process 102088 removed from registry
2026-07-30 14:12:43,943 - __main__ - WARNING - ⚠️  WARNING: Command completed with errors | Exit Code: 1 | Duration: 0.00s
2026-07-30 14:12:43,943 - __main__ - INFO - [38;5;46m[1m╭─────────────────────────────────────────────────────────────────────────────╮[0m
2026-07-30 14:12:43,943 - __main__ - INFO - [1m│[0m [38;5;196m📊 FINAL RESULTS ❌[0m
2026-07-30 14:12:43,943 - __main__ - INFO - [1m├─────────────────────────────────────────────────────────────────────────────┤[0m
2026-07-30 14:12:43,943 - __main__ - INFO - [1m│[0m [38;5;51m🚀 Command:[0m which dirsearch
2026-07-30 14:12:43,943 - __main__ - INFO - [1m│[0m [38;5;208m⏱️  Duration:[0m 0.00s
2026-07-30 14:12:43,943 - __main__ - INFO - [1m│[0m [38;5;208m📊 Output Size:[0m 0 bytes
2026-07-30 14:12:43,944 - __main__ - INFO - [1m│[0m [38;5;129m🔢 Exit Code:[0m 1
2026-07-30 14:12:43,944 - __main__ - INFO - [1m│[0m [38;5;196m📈 Status:[0m FAILED | Cached: Yes
2026-07-30 14:12:43,944 - __main__ - INFO - [38;5;46m[1m╰─────────────────────────────────────────────────────────────────────────────╯[0m
2026-07-30 14:12:43,944 - __main__ - INFO - 🔍 Cache MISS for command: which dotdotpwn
2026-07-30 14:12:43,944 - __main__ - INFO - 🚀 EXECUTING: which dotdotpwn
2026-07-30 14:12:43,944 - __main__ - INFO - ⏱️  TIMEOUT: 300s | PID: Starting...
2026-07-30 14:12:43,944 - __main__ - INFO - 🆔 PROCESS: PID 102093 started
2026-07-30 14:12:43,944 - __main__ - INFO - 🆔 REGISTERED: Process 102093 - which dotdotpwn...
2026-07-30 14:12:43,945 - __main__ - INFO - ⚡ PROGRESS ⠋: [[38;5;196m[38;5;240m░░░░░░░░░░░░░░░░░░░░░░░░░░░░░░[0m] [38;5;160m0.0%[0m Speed: 0 B/s | 0.0s | PID: 102093
2026-07-30 14:12:43,946 - __main__ - INFO - 🧹 CLEANUP: Process 102093 removed from registry
2026-07-30 14:12:43,946 - __main__ - WARNING - ⚠️  WARNING: Command completed with errors | Exit Code: 1 | Duration: 0.00s
2026-07-30 14:12:43,946 - __main__ - INFO - [38;5;46m[1m╭─────────────────────────────────────────────────────────────────────────────╮[0m
2026-07-30 14:12:43,946 - __main__ - INFO - [1m│[0m [38;5;196m📊 FINAL RESULTS ❌[0m
2026-07-30 14:12:43,946 - __main__ - INFO - [1m├─────────────────────────────────────────────────────────────────────────────┤[0m
2026-07-30 14:12:43,946 - __main__ - INFO - [1m│[0m [38;5;51m🚀 Command:[0m which dotdotpwn
2026-07-30 14:12:43,946 - __main__ - INFO - [1m│[0m [38;5;208m⏱️  Duration:[0m 0.00s
2026-07-30 14:12:43,946 - __main__ - INFO - [1m│[0m [38;5;208m📊 Output Size:[0m 0 bytes
2026-07-30 14:12:43,946 - __main__ - INFO - [1m│[0m [38;5;129m🔢 Exit Code:[0m 1
2026-07-30 14:12:43,946 - __main__ - INFO - [1m│[0m [38;5;196m📈 Status:[0m FAILED | Cached: Yes
2026-07-30 14:12:43,946 - __main__ - INFO - [38;5;46m[1m╰─────────────────────────────────────────────────────────────────────────────╯[0m
2026-07-30 14:12:43,946 - __main__ - INFO - 🔍 Cache MISS for command: which xsser
2026-07-30 14:12:43,946 - __main__ - INFO - 🚀 EXECUTING: which xsser
2026-07-30 14:12:43,947 - __main__ - INFO - ⏱️  TIMEOUT: 300s | PID: Starting...
2026-07-30 14:12:43,947 - __main__ - INFO - 🆔 PROCESS: PID 102098 started
2026-07-30 14:12:43,947 - __main__ - INFO - 🆔 REGISTERED: Process 102098 - which xsser...
2026-07-30 14:12:43,948 - __main__ - INFO - ⚡ PROGRESS ⠋: [[38;5;196m[38;5;240m░░░░░░░░░░░░░░░░░░░░░░░░░░░░░░[0m] [38;5;160m0.0%[0m Speed: 0 B/s | 0.0s | PID: 102098
2026-07-30 14:12:43,949 - __main__ - INFO - 🧹 CLEANUP: Process 102098 removed from registry
2026-07-30 14:12:43,949 - __main__ - WARNING - ⚠️  WARNING: Command completed with errors | Exit Code: 1 | Duration: 0.00s
2026-07-30 14:12:43,949 - __main__ - INFO - [38;5;46m[1m╭─────────────────────────────────────────────────────────────────────────────╮[0m
2026-07-30 14:12:43,949 - __main__ - INFO - [1m│[0m [38;5;196m📊 FINAL RESULTS ❌[0m
2026-07-30 14:12:43,949 - __main__ - INFO - [1m├─────────────────────────────────────────────────────────────────────────────┤[0m
2026-07-30 14:12:43,949 - __main__ - INFO - [1m│[0m [38;5;51m🚀 Command:[0m which xsser
2026-07-30 14:12:43,949 - __main__ - INFO - [1m│[0m [38;5;208m⏱️  Duration:[0m 0.00s
2026-07-30 14:12:43,949 - __main__ - INFO - [1m│[0m [38;5;208m📊 Output Size:[0m 0 bytes
2026-07-30 14:12:43,949 - __main__ - INFO - [1m│[0m [38;5;129m🔢 Exit Code:[0m 1
2026-07-30 14:12:43,949 - __main__ - INFO - [1m│[0m [38;5;196m📈 Status:[0m FAILED | Cached: Yes
2026-07-30 14:12:43,949 - __main__ - INFO - [38;5;46m[1m╰─────────────────────────────────────────────────────────────────────────────╯[0m
2026-07-30 14:12:43,949 - __main__ - INFO - 🔍 Cache MISS for command: which wfuzz
2026-07-30 14:12:43,949 - __main__ - INFO - 🚀 EXECUTING: which wfuzz
2026-07-30 14:12:43,949 - __main__ - INFO - ⏱️  TIMEOUT: 300s | PID: Starting...
2026-07-30 14:12:43,950 - __main__ - INFO - 🆔 PROCESS: PID 102103 started
2026-07-30 14:12:43,950 - __main__ - INFO - 🆔 REGISTERED: Process 102103 - which wfuzz...
2026-07-30 14:12:43,950 - __main__ - INFO - ⚡ PROGRESS ⠋: [[38;5;196m[38;5;240m░░░░░░░░░░░░░░░░░░░░░░░░░░░░░░[0m] [38;5;160m0.0%[0m Speed: 0 B/s | 0.0s | PID: 102103
2026-07-30 14:12:43,951 - __main__ - INFO - 📤 STDOUT: /usr/bin/wfuzz
2026-07-30 14:12:43,952 - __main__ - INFO - 🧹 CLEANUP: Process 102103 removed from registry
2026-07-30 14:12:43,952 - __main__ - INFO - ✅ SUCCESS: Command completed | Exit Code: 0 | Duration: 0.00s
2026-07-30 14:12:43,952 - __main__ - INFO - [38;5;46m[1m╭─────────────────────────────────────────────────────────────────────────────╮[0m
2026-07-30 14:12:43,952 - __main__ - INFO - [1m│[0m [38;5;46m📊 FINAL RESULTS ✅[0m
2026-07-30 14:12:43,952 - __main__ - INFO - [1m├─────────────────────────────────────────────────────────────────────────────┤[0m
2026-07-30 14:12:43,952 - __main__ - INFO - [1m│[0m [38;5;51m🚀 Command:[0m which wfuzz
2026-07-30 14:12:43,952 - __main__ - INFO - [1m│[0m [38;5;208m⏱️  Duration:[0m 0.00s
2026-07-30 14:12:43,952 - __main__ - INFO - [1m│[0m [38;5;208m📊 Output Size:[0m 15 bytes
2026-07-30 14:12:43,952 - __main__ - INFO - [1m│[0m [38;5;129m🔢 Exit Code:[0m 0
2026-07-30 14:12:43,952 - __main__ - INFO - [1m│[0m [38;5;46m📈 Status:[0m SUCCESS | Cached: Yes
2026-07-30 14:12:43,952 - __main__ - INFO - [38;5;46m[1m╰─────────────────────────────────────────────────────────────────────────────╯[0m
2026-07-30 14:12:43,952 - __main__ - INFO - 💾 Cached result for command: which wfuzz
2026-07-30 14:12:43,952 - __main__ - INFO - 🔍 Cache MISS for command: which gau
2026-07-30 14:12:43,952 - __main__ - INFO - 🚀 EXECUTING: which gau
2026-07-30 14:12:43,952 - __main__ - INFO - ⏱️  TIMEOUT: 300s | PID: Starting...
2026-07-30 14:12:43,952 - __main__ - INFO - 🆔 PROCESS: PID 102108 started
2026-07-30 14:12:43,953 - __main__ - INFO - 🆔 REGISTERED: Process 102108 - which gau...
2026-07-30 14:12:43,953 - __main__ - INFO - ⚡ PROGRESS ⠋: [[38;5;196m[38;5;240m░░░░░░░░░░░░░░░░░░░░░░░░░░░░░░[0m] [38;5;160m0.0%[0m Speed: 0 B/s | 0.0s | PID: 102108
2026-07-30 14:12:43,957 - __main__ - INFO - 🧹 CLEANUP: Process 102108 removed from registry
2026-07-30 14:12:43,957 - __main__ - WARNING - ⚠️  WARNING: Command completed with errors | Exit Code: 1 | Duration: 0.00s
2026-07-30 14:12:43,957 - __main__ - INFO - [38;5;46m[1m╭─────────────────────────────────────────────────────────────────────────────╮[0m
2026-07-30 14:12:43,957 - __main__ - INFO - [1m│[0m [38;5;196m📊 FINAL RESULTS ❌[0m
2026-07-30 14:12:43,957 - __main__ - INFO - [1m├─────────────────────────────────────────────────────────────────────────────┤[0m
2026-07-30 14:12:43,957 - __main__ - INFO - [1m│[0m [38;5;51m🚀 Command:[0m which gau
2026-07-30 14:12:43,957 - __main__ - INFO - [1m│[0m [38;5;208m⏱️  Duration:[0m 0.00s
2026-07-30 14:12:43,957 - __main__ - INFO - [1m│[0m [38;5;208m📊 Output Size:[0m 0 bytes
2026-07-30 14:12:43,957 - __main__ - INFO - [1m│[0m [38;5;129m🔢 Exit Code:[0m 1
2026-07-30 14:12:43,957 - __main__ - INFO - [1m│[0m [38;5;196m📈 Status:[0m FAILED | Cached: Yes
2026-07-30 14:12:43,957 - __main__ - INFO - [38;5;46m[1m╰─────────────────────────────────────────────────────────────────────────────╯[0m
2026-07-30 14:12:43,957 - __main__ - INFO - 🔍 Cache MISS for command: which waybackurls
2026-07-30 14:12:43,957 - __main__ - INFO - 🚀 EXECUTING: which waybackurls
2026-07-30 14:12:43,957 - __main__ - INFO - ⏱️  TIMEOUT: 300s | PID: Starting...
2026-07-30 14:12:43,957 - __main__ - INFO - 🆔 PROCESS: PID 102113 started
2026-07-30 14:12:43,958 - __main__ - INFO - 🆔 REGISTERED: Process 102113 - which waybackurls...
2026-07-30 14:12:43,958 - __main__ - INFO - ⚡ PROGRESS ⠋: [[38;5;196m[38;5;240m░░░░░░░░░░░░░░░░░░░░░░░░░░░░░░[0m] [38;5;160m0.0%[0m Speed: 0 B/s | 0.0s | PID: 102113
2026-07-30 14:12:43,959 - __main__ - INFO - 🧹 CLEANUP: Process 102113 removed from registry
2026-07-30 14:12:43,960 - __main__ - WARNING - ⚠️  WARNING: Command completed with errors | Exit Code: 1 | Duration: 0.00s
2026-07-30 14:12:43,961 - __main__ - INFO - [38;5;46m[1m╭─────────────────────────────────────────────────────────────────────────────╮[0m
2026-07-30 14:12:43,961 - __main__ - INFO - [1m│[0m [38;5;196m📊 FINAL RESULTS ❌[0m
2026-07-30 14:12:43,961 - __main__ - INFO - [1m├─────────────────────────────────────────────────────────────────────────────┤[0m
2026-07-30 14:12:43,961 - __main__ - INFO - [1m│[0m [38;5;51m🚀 Command:[0m which waybackurls
2026-07-30 14:12:43,961 - __main__ - INFO - [1m│[0m [38;5;208m⏱️  Duration:[0m 0.00s
2026-07-30 14:12:43,961 - __main__ - INFO - [1m│[0m [38;5;208m📊 Output Size:[0m 0 bytes
2026-07-30 14:12:43,961 - __main__ - INFO - [1m│[0m [38;5;129m🔢 Exit Code:[0m 1
2026-07-30 14:12:43,961 - __main__ - INFO - [1m│[0m [38;5;196m📈 Status:[0m FAILED | Cached: Yes
2026-07-30 14:12:43,961 - __main__ - INFO - [38;5;46m[1m╰─────────────────────────────────────────────────────────────────────────────╯[0m
2026-07-30 14:12:43,961 - __main__ - INFO - 🔍 Cache MISS for command: which arjun
2026-07-30 14:12:43,961 - __main__ - INFO - 🚀 EXECUTING: which arjun
2026-07-30 14:12:43,961 - __main__ - INFO - ⏱️  TIMEOUT: 300s | PID: Starting...
2026-07-30 14:12:43,962 - __main__ - INFO - 🆔 PROCESS: PID 102118 started
2026-07-30 14:12:43,962 - __main__ - INFO - 🆔 REGISTERED: Process 102118 - which arjun...
2026-07-30 14:12:43,962 - __main__ - INFO - ⚡ PROGRESS ⠋: [[38;5;196m[38;5;240m░░░░░░░░░░░░░░░░░░░░░░░░░░░░░░[0m] [38;5;160m0.0%[0m Speed: 0 B/s | 0.0s | PID: 102118
2026-07-30 14:12:43,964 - __main__ - INFO - 🧹 CLEANUP: Process 102118 removed from registry
2026-07-30 14:12:43,964 - __main__ - WARNING - ⚠️  WARNING: Command completed with errors | Exit Code: 1 | Duration: 0.00s
2026-07-30 14:12:43,964 - __main__ - INFO - [38;5;46m[1m╭─────────────────────────────────────────────────────────────────────────────╮[0m
2026-07-30 14:12:43,964 - __main__ - INFO - [1m│[0m [38;5;196m📊 FINAL RESULTS ❌[0m
2026-07-30 14:12:43,964 - __main__ - INFO - [1m├─────────────────────────────────────────────────────────────────────────────┤[0m
2026-07-30 14:12:43,964 - __main__ - INFO - [1m│[0m [38;5;51m🚀 Command:[0m which arjun
2026-07-30 14:12:43,964 - __main__ - INFO - [1m│[0m [38;5;208m⏱️  Duration:[0m 0.00s
2026-07-30 14:12:43,964 - __main__ - INFO - [1m│[0m [38;5;208m📊 Output Size:[0m 0 bytes
2026-07-30 14:12:43,964 - __main__ - INFO - [1m│[0m [38;5;129m🔢 Exit Code:[0m 1
2026-07-30 14:12:43,964 - __main__ - INFO - [1m│[0m [38;5;196m📈 Status:[0m FAILED | Cached: Yes
2026-07-30 14:12:43,964 - __main__ - INFO - [38;5;46m[1m╰─────────────────────────────────────────────────────────────────────────────╯[0m
2026-07-30 14:12:43,964 - __main__ - INFO - 🔍 Cache MISS for command: which paramspider
2026-07-30 14:12:43,964 - __main__ - INFO - 🚀 EXECUTING: which paramspider
2026-07-30 14:12:43,964 - __main__ - INFO - ⏱️  TIMEOUT: 300s | PID: Starting...
2026-07-30 14:12:43,965 - __main__ - INFO - 🆔 PROCESS: PID 102123 started
2026-07-30 14:12:43,965 - __main__ - INFO - 🆔 REGISTERED: Process 102123 - which paramspider...
2026-07-30 14:12:43,965 - __main__ - INFO - ⚡ PROGRESS ⠋: [[38;5;196m[38;5;240m░░░░░░░░░░░░░░░░░░░░░░░░░░░░░░[0m] [38;5;160m0.0%[0m Speed: 0 B/s | 0.0s | PID: 102123
2026-07-30 14:12:43,967 - __main__ - INFO - 🧹 CLEANUP: Process 102123 removed from registry
2026-07-30 14:12:43,967 - __main__ - WARNING - ⚠️  WARNING: Command completed with errors | Exit Code: 1 | Duration: 0.00s
2026-07-30 14:12:43,967 - __main__ - INFO - [38;5;46m[1m╭─────────────────────────────────────────────────────────────────────────────╮[0m
2026-07-30 14:12:43,967 - __main__ - INFO - [1m│[0m [38;5;196m📊 FINAL RESULTS ❌[0m
2026-07-30 14:12:43,967 - __main__ - INFO - [1m├─────────────────────────────────────────────────────────────────────────────┤[0m
2026-07-30 14:12:43,967 - __main__ - INFO - [1m│[0m [38;5;51m🚀 Command:[0m which paramspider
2026-07-30 14:12:43,967 - __main__ - INFO - [1m│[0m [38;5;208m⏱️  Duration:[0m 0.00s
2026-07-30 14:12:43,967 - __main__ - INFO - [1m│[0m [38;5;208m📊 Output Size:[0m 0 bytes
2026-07-30 14:12:43,967 - __main__ - INFO - [1m│[0m [38;5;129m🔢 Exit Code:[0m 1
2026-07-30 14:12:43,967 - __main__ - INFO - [1m│[0m [38;5;196m📈 Status:[0m FAILED | Cached: Yes
2026-07-30 14:12:43,967 - __main__ - INFO - [38;5;46m[1m╰─────────────────────────────────────────────────────────────────────────────╯[0m
2026-07-30 14:12:43,967 - __main__ - INFO - 🔍 Cache MISS for command: which x8
2026-07-30 14:12:43,967 - __main__ - INFO - 🚀 EXECUTING: which x8
2026-07-30 14:12:43,967 - __main__ - INFO - ⏱️  TIMEOUT: 300s | PID: Starting...
2026-07-30 14:12:43,967 - __main__ - INFO - 🆔 PROCESS: PID 102128 started
2026-07-30 14:12:43,967 - __main__ - INFO - 🆔 REGISTERED: Process 102128 - which x8...
2026-07-30 14:12:43,968 - __main__ - INFO - ⚡ PROGRESS ⠋: [[38;5;196m[38;5;240m░░░░░░░░░░░░░░░░░░░░░░░░░░░░░░[0m] [38;5;160m0.0%[0m Speed: 0 B/s | 0.0s | PID: 102128
2026-07-30 14:12:43,969 - __main__ - INFO - 🧹 CLEANUP: Process 102128 removed from registry
2026-07-30 14:12:43,969 - __main__ - WARNING - ⚠️  WARNING: Command completed with errors | Exit Code: 1 | Duration: 0.00s
2026-07-30 14:12:43,969 - __main__ - INFO - [38;5;46m[1m╭─────────────────────────────────────────────────────────────────────────────╮[0m
2026-07-30 14:12:43,970 - __main__ - INFO - [1m│[0m [38;5;196m📊 FINAL RESULTS ❌[0m
2026-07-30 14:12:43,970 - __main__ - INFO - [1m├─────────────────────────────────────────────────────────────────────────────┤[0m
2026-07-30 14:12:43,970 - __main__ - INFO - [1m│[0m [38;5;51m🚀 Command:[0m which x8
2026-07-30 14:12:43,970 - __main__ - INFO - [1m│[0m [38;5;208m⏱️  Duration:[0m 0.00s
2026-07-30 14:12:43,970 - __main__ - INFO - [1m│[0m [38;5;208m📊 Output Size:[0m 0 bytes
2026-07-30 14:12:43,970 - __main__ - INFO - [1m│[0m [38;5;129m🔢 Exit Code:[0m 1
2026-07-30 14:12:43,970 - __main__ - INFO - [1m│[0m [38;5;196m📈 Status:[0m FAILED | Cached: Yes
2026-07-30 14:12:43,970 - __main__ - INFO - [38;5;46m[1m╰─────────────────────────────────────────────────────────────────────────────╯[0m
2026-07-30 14:12:43,970 - __main__ - INFO - 🔍 Cache MISS for command: which jaeles
2026-07-30 14:12:43,970 - __main__ - INFO - 🚀 EXECUTING: which jaeles
2026-07-30 14:12:43,970 - __main__ - INFO - ⏱️  TIMEOUT: 300s | PID: Starting...
2026-07-30 14:12:43,970 - __main__ - INFO - 🆔 PROCESS: PID 102133 started
2026-07-30 14:12:43,970 - __main__ - INFO - 🆔 REGISTERED: Process 102133 - which jaeles...
2026-07-30 14:12:43,971 - __main__ - INFO - ⚡ PROGRESS ⠋: [[38;5;196m[38;5;240m░░░░░░░░░░░░░░░░░░░░░░░░░░░░░░[0m] [38;5;160m0.0%[0m Speed: 0 B/s | 0.0s | PID: 102133
2026-07-30 14:12:43,972 - __main__ - INFO - 🧹 CLEANUP: Process 102133 removed from registry
2026-07-30 14:12:43,973 - __main__ - WARNING - ⚠️  WARNING: Command completed with errors | Exit Code: 1 | Duration: 0.00s
2026-07-30 14:12:43,973 - __main__ - INFO - [38;5;46m[1m╭─────────────────────────────────────────────────────────────────────────────╮[0m
2026-07-30 14:12:43,973 - __main__ - INFO - [1m│[0m [38;5;196m📊 FINAL RESULTS ❌[0m
2026-07-30 14:12:43,973 - __main__ - INFO - [1m├─────────────────────────────────────────────────────────────────────────────┤[0m
2026-07-30 14:12:43,973 - __main__ - INFO - [1m│[0m [38;5;51m🚀 Command:[0m which jaeles
2026-07-30 14:12:43,973 - __main__ - INFO - [1m│[0m [38;5;208m⏱️  Duration:[0m 0.00s
2026-07-30 14:12:43,973 - __main__ - INFO - [1m│[0m [38;5;208m📊 Output Size:[0m 0 bytes
2026-07-30 14:12:43,973 - __main__ - INFO - [1m│[0m [38;5;129m🔢 Exit Code:[0m 1
2026-07-30 14:12:43,973 - __main__ - INFO - [1m│[0m [38;5;196m📈 Status:[0m FAILED | Cached: Yes
2026-07-30 14:12:43,973 - __main__ - INFO - [38;5;46m[1m╰─────────────────────────────────────────────────────────────────────────────╯[0m
2026-07-30 14:12:43,973 - __main__ - INFO - 🔍 Cache MISS for command: which dalfox
2026-07-30 14:12:43,973 - __main__ - INFO - 🚀 EXECUTING: which dalfox
2026-07-30 14:12:43,973 - __main__ - INFO - ⏱️  TIMEOUT: 300s | PID: Starting...
2026-07-30 14:12:43,973 - __main__ - INFO - 🆔 PROCESS: PID 102138 started
2026-07-30 14:12:43,973 - __main__ - INFO - 🆔 REGISTERED: Process 102138 - which dalfox...
2026-07-30 14:12:43,974 - __main__ - INFO - ⚡ PROGRESS ⠋: [[38;5;196m[38;5;240m░░░░░░░░░░░░░░░░░░░░░░░░░░░░░░[0m] [38;5;160m0.0%[0m Speed: 0 B/s | 0.0s | PID: 102138
2026-07-30 14:12:43,975 - __main__ - INFO - 🧹 CLEANUP: Process 102138 removed from registry
2026-07-30 14:12:43,975 - __main__ - WARNING - ⚠️  WARNING: Command completed with errors | Exit Code: 1 | Duration: 0.00s
2026-07-30 14:12:43,975 - __main__ - INFO - [38;5;46m[1m╭─────────────────────────────────────────────────────────────────────────────╮[0m
2026-07-30 14:12:43,975 - __main__ - INFO - [1m│[0m [38;5;196m📊 FINAL RESULTS ❌[0m
2026-07-30 14:12:43,975 - __main__ - INFO - [1m├─────────────────────────────────────────────────────────────────────────────┤[0m
2026-07-30 14:12:43,975 - __main__ - INFO - [1m│[0m [38;5;51m🚀 Command:[0m which dalfox
2026-07-30 14:12:43,975 - __main__ - INFO - [1m│[0m [38;5;208m⏱️  Duration:[0m 0.00s
2026-07-30 14:12:43,975 - __main__ - INFO - [1m│[0m [38;5;208m📊 Output Size:[0m 0 bytes
2026-07-30 14:12:43,975 - __main__ - INFO - [1m│[0m [38;5;129m🔢 Exit Code:[0m 1
2026-07-30 14:12:43,975 - __main__ - INFO - [1m│[0m [38;5;196m📈 Status:[0m FAILED | Cached: Yes
2026-07-30 14:12:43,976 - __main__ - INFO - [38;5;46m[1m╰─────────────────────────────────────────────────────────────────────────────╯[0m
2026-07-30 14:12:43,976 - __main__ - INFO - 🔍 Cache MISS for command: which httpx
2026-07-30 14:12:43,976 - __main__ - INFO - 🚀 EXECUTING: which httpx
2026-07-30 14:12:43,976 - __main__ - INFO - ⏱️  TIMEOUT: 300s | PID: Starting...
2026-07-30 14:12:43,976 - __main__ - INFO - 🆔 PROCESS: PID 102143 started
2026-07-30 14:12:43,976 - __main__ - INFO - 🆔 REGISTERED: Process 102143 - which httpx...
2026-07-30 14:12:43,977 - __main__ - INFO - ⚡ PROGRESS ⠋: [[38;5;196m[38;5;240m░░░░░░░░░░░░░░░░░░░░░░░░░░░░░░[0m] [38;5;160m0.0%[0m Speed: 0 B/s | 0.0s | PID: 102143
2026-07-30 14:12:43,977 - __main__ - INFO - 📤 STDOUT: /home/kali/hexstrike-ai/hexstrike-env/bin/httpx
2026-07-30 14:12:43,978 - __main__ - INFO - 🧹 CLEANUP: Process 102143 removed from registry
2026-07-30 14:12:43,978 - __main__ - INFO - ✅ SUCCESS: Command completed | Exit Code: 0 | Duration: 0.00s
2026-07-30 14:12:43,978 - __main__ - INFO - [38;5;46m[1m╭─────────────────────────────────────────────────────────────────────────────╮[0m
2026-07-30 14:12:43,978 - __main__ - INFO - [1m│[0m [38;5;46m📊 FINAL RESULTS ✅[0m
2026-07-30 14:12:43,978 - __main__ - INFO - [1m├─────────────────────────────────────────────────────────────────────────────┤[0m
2026-07-30 14:12:43,978 - __main__ - INFO - [1m│[0m [38;5;51m🚀 Command:[0m which httpx
2026-07-30 14:12:43,978 - __main__ - INFO - [1m│[0m [38;5;208m⏱️  Duration:[0m 0.00s
2026-07-30 14:12:43,978 - __main__ - INFO - [1m│[0m [38;5;208m📊 Output Size:[0m 48 bytes
2026-07-30 14:12:43,978 - __main__ - INFO - [1m│[0m [38;5;129m🔢 Exit Code:[0m 0
2026-07-30 14:12:43,978 - __main__ - INFO - [1m│[0m [38;5;46m📈 Status:[0m SUCCESS | Cached: Yes
2026-07-30 14:12:43,978 - __main__ - INFO - [38;5;46m[1m╰─────────────────────────────────────────────────────────────────────────────╯[0m
2026-07-30 14:12:43,978 - __main__ - INFO - 💾 Cached result for command: which httpx
2026-07-30 14:12:43,978 - __main__ - INFO - 🔍 Cache MISS for command: which wafw00f
2026-07-30 14:12:43,978 - __main__ - INFO - 🚀 EXECUTING: which wafw00f
2026-07-30 14:12:43,978 - __main__ - INFO - ⏱️  TIMEOUT: 300s | PID: Starting...
2026-07-30 14:12:43,979 - __main__ - INFO - 🆔 PROCESS: PID 102148 started
2026-07-30 14:12:43,979 - __main__ - INFO - 🆔 REGISTERED: Process 102148 - which wafw00f...
2026-07-30 14:12:43,979 - __main__ - INFO - ⚡ PROGRESS ⠋: [[38;5;196m[38;5;240m░░░░░░░░░░░░░░░░░░░░░░░░░░░░░░[0m] [38;5;160m0.0%[0m Speed: 0 B/s | 0.0s | PID: 102148
2026-07-30 14:12:43,980 - __main__ - INFO - 📤 STDOUT: /usr/bin/wafw00f
2026-07-30 14:12:43,981 - __main__ - INFO - 🧹 CLEANUP: Process 102148 removed from registry
2026-07-30 14:12:43,981 - __main__ - INFO - ✅ SUCCESS: Command completed | Exit Code: 0 | Duration: 0.00s
2026-07-30 14:12:43,981 - __main__ - INFO - [38;5;46m[1m╭─────────────────────────────────────────────────────────────────────────────╮[0m
2026-07-30 14:12:43,981 - __main__ - INFO - [1m│[0m [38;5;46m📊 FINAL RESULTS ✅[0m
2026-07-30 14:12:43,981 - __main__ - INFO - [1m├─────────────────────────────────────────────────────────────────────────────┤[0m
2026-07-30 14:12:43,981 - __main__ - INFO - [1m│[0m [38;5;51m🚀 Command:[0m which wafw00f
2026-07-30 14:12:43,981 - __main__ - INFO - [1m│[0m [38;5;208m⏱️  Duration:[0m 0.00s
2026-07-30 14:12:43,981 - __main__ - INFO - [1m│[0m [38;5;208m📊 Output Size:[0m 17 bytes
2026-07-30 14:12:43,981 - __main__ - INFO - [1m│[0m [38;5;129m🔢 Exit Code:[0m 0
2026-07-30 14:12:43,981 - __main__ - INFO - [1m│[0m [38;5;46m📈 Status:[0m SUCCESS | Cached: Yes
2026-07-30 14:12:43,981 - __main__ - INFO - [38;5;46m[1m╰─────────────────────────────────────────────────────────────────────────────╯[0m
2026-07-30 14:12:43,981 - __main__ - INFO - 💾 Cached result for command: which wafw00f
2026-07-30 14:12:43,981 - __main__ - INFO - 🔍 Cache MISS for command: which burpsuite
2026-07-30 14:12:43,982 - __main__ - INFO - 🚀 EXECUTING: which burpsuite
2026-07-30 14:12:43,982 - __main__ - INFO - ⏱️  TIMEOUT: 300s | PID: Starting...
2026-07-30 14:12:43,982 - __main__ - INFO - 🆔 PROCESS: PID 102153 started
2026-07-30 14:12:43,982 - __main__ - INFO - 🆔 REGISTERED: Process 102153 - which burpsuite...
2026-07-30 14:12:43,983 - __main__ - INFO - ⚡ PROGRESS ⠋: [[38;5;196m[38;5;240m░░░░░░░░░░░░░░░░░░░░░░░░░░░░░░[0m] [38;5;160m0.0%[0m Speed: 0 B/s | 0.0s | PID: 102153
2026-07-30 14:12:43,983 - __main__ - INFO - 📤 STDOUT: /usr/bin/burpsuite
2026-07-30 14:12:43,984 - __main__ - INFO - 🧹 CLEANUP: Process 102153 removed from registry
2026-07-30 14:12:43,984 - __main__ - INFO - ✅ SUCCESS: Command completed | Exit Code: 0 | Duration: 0.00s
2026-07-30 14:12:43,984 - __main__ - INFO - [38;5;46m[1m╭─────────────────────────────────────────────────────────────────────────────╮[0m
2026-07-30 14:12:43,984 - __main__ - INFO - [1m│[0m [38;5;46m📊 FINAL RESULTS ✅[0m
2026-07-30 14:12:43,984 - __main__ - INFO - [1m├─────────────────────────────────────────────────────────────────────────────┤[0m
2026-07-30 14:12:43,985 - __main__ - INFO - [1m│[0m [38;5;51m🚀 Command:[0m which burpsuite
2026-07-30 14:12:43,985 - __main__ - INFO - [1m│[0m [38;5;208m⏱️  Duration:[0m 0.00s
2026-07-30 14:12:43,985 - __main__ - INFO - [1m│[0m [38;5;208m📊 Output Size:[0m 19 bytes
2026-07-30 14:12:43,985 - __main__ - INFO - [1m│[0m [38;5;129m🔢 Exit Code:[0m 0
2026-07-30 14:12:43,985 - __main__ - INFO - [1m│[0m [38;5;46m📈 Status:[0m SUCCESS | Cached: Yes
2026-07-30 14:12:43,985 - __main__ - INFO - [38;5;46m[1m╰─────────────────────────────────────────────────────────────────────────────╯[0m
2026-07-30 14:12:43,985 - __main__ - INFO - 💾 Cached result for command: which burpsuite
2026-07-30 14:12:43,985 - __main__ - INFO - 🔍 Cache MISS for command: which zaproxy
2026-07-30 14:12:43,985 - __main__ - INFO - 🚀 EXECUTING: which zaproxy
2026-07-30 14:12:43,985 - __main__ - INFO - ⏱️  TIMEOUT: 300s | PID: Starting...
2026-07-30 14:12:43,985 - __main__ - INFO - 🆔 PROCESS: PID 102158 started
2026-07-30 14:12:43,985 - __main__ - INFO - 🆔 REGISTERED: Process 102158 - which zaproxy...
2026-07-30 14:12:43,986 - __main__ - INFO - ⚡ PROGRESS ⠋: [[38;5;196m[38;5;240m░░░░░░░░░░░░░░░░░░░░░░░░░░░░░░[0m] [38;5;160m0.0%[0m Speed: 0 B/s | 0.0s | PID: 102158
2026-07-30 14:12:43,987 - __main__ - INFO - 🧹 CLEANUP: Process 102158 removed from registry
2026-07-30 14:12:43,987 - __main__ - WARNING - ⚠️  WARNING: Command completed with errors | Exit Code: 1 | Duration: 0.00s
2026-07-30 14:12:43,987 - __main__ - INFO - [38;5;46m[1m╭─────────────────────────────────────────────────────────────────────────────╮[0m
2026-07-30 14:12:43,987 - __main__ - INFO - [1m│[0m [38;5;196m📊 FINAL RESULTS ❌[0m
2026-07-30 14:12:43,987 - __main__ - INFO - [1m├─────────────────────────────────────────────────────────────────────────────┤[0m
2026-07-30 14:12:43,987 - __main__ - INFO - [1m│[0m [38;5;51m🚀 Command:[0m which zaproxy
2026-07-30 14:12:43,987 - __main__ - INFO - [1m│[0m [38;5;208m⏱️  Duration:[0m 0.00s
2026-07-30 14:12:43,987 - __main__ - INFO - [1m│[0m [38;5;208m📊 Output Size:[0m 0 bytes
2026-07-30 14:12:43,987 - __main__ - INFO - [1m│[0m [38;5;129m🔢 Exit Code:[0m 1
2026-07-30 14:12:43,987 - __main__ - INFO - [1m│[0m [38;5;196m📈 Status:[0m FAILED | Cached: Yes
2026-07-30 14:12:43,987 - __main__ - INFO - [38;5;46m[1m╰─────────────────────────────────────────────────────────────────────────────╯[0m
2026-07-30 14:12:43,987 - __main__ - INFO - 🔍 Cache MISS for command: which katana
2026-07-30 14:12:43,987 - __main__ - INFO - 🚀 EXECUTING: which katana
2026-07-30 14:12:43,987 - __main__ - INFO - ⏱️  TIMEOUT: 300s | PID: Starting...
2026-07-30 14:12:43,988 - __main__ - INFO - 🆔 PROCESS: PID 102163 started
2026-07-30 14:12:43,988 - __main__ - INFO - 🆔 REGISTERED: Process 102163 - which katana...
2026-07-30 14:12:43,989 - __main__ - INFO - ⚡ PROGRESS ⠋: [[38;5;196m[38;5;240m░░░░░░░░░░░░░░░░░░░░░░░░░░░░░░[0m] [38;5;160m0.0%[0m Speed: 0 B/s | 0.0s | PID: 102163
2026-07-30 14:12:43,990 - __main__ - INFO - 🧹 CLEANUP: Process 102163 removed from registry
2026-07-30 14:12:43,990 - __main__ - WARNING - ⚠️  WARNING: Command completed with errors | Exit Code: 1 | Duration: 0.00s
2026-07-30 14:12:43,990 - __main__ - INFO - [38;5;46m[1m╭─────────────────────────────────────────────────────────────────────────────╮[0m
2026-07-30 14:12:43,990 - __main__ - INFO - [1m│[0m [38;5;196m📊 FINAL RESULTS ❌[0m
2026-07-30 14:12:43,990 - __main__ - INFO - [1m├─────────────────────────────────────────────────────────────────────────────┤[0m
2026-07-30 14:12:43,990 - __main__ - INFO - [1m│[0m [38;5;51m🚀 Command:[0m which katana
2026-07-30 14:12:43,991 - __main__ - INFO - [1m│[0m [38;5;208m⏱️  Duration:[0m 0.00s
2026-07-30 14:12:43,991 - __main__ - INFO - [1m│[0m [38;5;208m📊 Output Size:[0m 0 bytes
2026-07-30 14:12:43,991 - __main__ - INFO - [1m│[0m [38;5;129m🔢 Exit Code:[0m 1
2026-07-30 14:12:43,991 - __main__ - INFO - [1m│[0m [38;5;196m📈 Status:[0m FAILED | Cached: Yes
2026-07-30 14:12:43,991 - __main__ - INFO - [38;5;46m[1m╰─────────────────────────────────────────────────────────────────────────────╯[0m
2026-07-30 14:12:43,991 - __main__ - INFO - 🔍 Cache MISS for command: which hakrawler
2026-07-30 14:12:43,991 - __main__ - INFO - 🚀 EXECUTING: which hakrawler
2026-07-30 14:12:43,991 - __main__ - INFO - ⏱️  TIMEOUT: 300s | PID: Starting...
2026-07-30 14:12:43,991 - __main__ - INFO - 🆔 PROCESS: PID 102168 started
2026-07-30 14:12:43,991 - __main__ - INFO - 🆔 REGISTERED: Process 102168 - which hakrawler...
2026-07-30 14:12:43,992 - __main__ - INFO - ⚡ PROGRESS ⠋: [[38;5;196m[38;5;240m░░░░░░░░░░░░░░░░░░░░░░░░░░░░░░[0m] [38;5;160m0.0%[0m Speed: 0 B/s | 0.0s | PID: 102168
2026-07-30 14:12:43,993 - __main__ - INFO - 🧹 CLEANUP: Process 102168 removed from registry
2026-07-30 14:12:43,993 - __main__ - WARNING - ⚠️  WARNING: Command completed with errors | Exit Code: 1 | Duration: 0.00s
2026-07-30 14:12:43,993 - __main__ - INFO - [38;5;46m[1m╭─────────────────────────────────────────────────────────────────────────────╮[0m
2026-07-30 14:12:43,993 - __main__ - INFO - [1m│[0m [38;5;196m📊 FINAL RESULTS ❌[0m
2026-07-30 14:12:43,993 - __main__ - INFO - [1m├─────────────────────────────────────────────────────────────────────────────┤[0m
2026-07-30 14:12:43,993 - __main__ - INFO - [1m│[0m [38;5;51m🚀 Command:[0m which hakrawler
2026-07-30 14:12:43,994 - __main__ - INFO - [1m│[0m [38;5;208m⏱️  Duration:[0m 0.00s
2026-07-30 14:12:43,994 - __main__ - INFO - [1m│[0m [38;5;208m📊 Output Size:[0m 0 bytes
2026-07-30 14:12:43,994 - __main__ - INFO - [1m│[0m [38;5;129m🔢 Exit Code:[0m 1
2026-07-30 14:12:43,994 - __main__ - INFO - [1m│[0m [38;5;196m📈 Status:[0m FAILED | Cached: Yes
2026-07-30 14:12:43,994 - __main__ - INFO - [38;5;46m[1m╰─────────────────────────────────────────────────────────────────────────────╯[0m
2026-07-30 14:12:43,994 - __main__ - INFO - 🔍 Cache MISS for command: which nuclei
2026-07-30 14:12:43,994 - __main__ - INFO - 🚀 EXECUTING: which nuclei
2026-07-30 14:12:43,994 - __main__ - INFO - ⏱️  TIMEOUT: 300s | PID: Starting...
2026-07-30 14:12:43,994 - __main__ - INFO - 🆔 PROCESS: PID 102173 started
2026-07-30 14:12:43,994 - __main__ - INFO - 🆔 REGISTERED: Process 102173 - which nuclei...
2026-07-30 14:12:43,995 - __main__ - INFO - ⚡ PROGRESS ⠋: [[38;5;196m[38;5;240m░░░░░░░░░░░░░░░░░░░░░░░░░░░░░░[0m] [38;5;160m0.0%[0m Speed: 0 B/s | 0.0s | PID: 102173
2026-07-30 14:12:43,996 - __main__ - INFO - 📤 STDOUT: /usr/bin/nuclei
2026-07-30 14:12:43,996 - __main__ - INFO - 🧹 CLEANUP: Process 102173 removed from registry
2026-07-30 14:12:43,996 - __main__ - INFO - ✅ SUCCESS: Command completed | Exit Code: 0 | Duration: 0.00s
2026-07-30 14:12:43,996 - __main__ - INFO - [38;5;46m[1m╭─────────────────────────────────────────────────────────────────────────────╮[0m
2026-07-30 14:12:43,996 - __main__ - INFO - [1m│[0m [38;5;46m📊 FINAL RESULTS ✅[0m
2026-07-30 14:12:43,996 - __main__ - INFO - [1m├─────────────────────────────────────────────────────────────────────────────┤[0m
2026-07-30 14:12:43,996 - __main__ - INFO - [1m│[0m [38;5;51m🚀 Command:[0m which nuclei
2026-07-30 14:12:43,996 - __main__ - INFO - [1m│[0m [38;5;208m⏱️  Duration:[0m 0.00s
2026-07-30 14:12:43,996 - __main__ - INFO - [1m│[0m [38;5;208m📊 Output Size:[0m 16 bytes
2026-07-30 14:12:43,996 - __main__ - INFO - [1m│[0m [38;5;129m🔢 Exit Code:[0m 0
2026-07-30 14:12:43,996 - __main__ - INFO - [1m│[0m [38;5;46m📈 Status:[0m SUCCESS | Cached: Yes
2026-07-30 14:12:43,996 - __main__ - INFO - [38;5;46m[1m╰─────────────────────────────────────────────────────────────────────────────╯[0m
2026-07-30 14:12:43,996 - __main__ - INFO - 💾 Cached result for command: which nuclei
2026-07-30 14:12:43,997 - __main__ - INFO - 🔍 Cache MISS for command: which wpscan
2026-07-30 14:12:43,997 - __main__ - INFO - 🚀 EXECUTING: which wpscan
2026-07-30 14:12:43,997 - __main__ - INFO - ⏱️  TIMEOUT: 300s | PID: Starting...
2026-07-30 14:12:43,997 - __main__ - INFO - 🆔 PROCESS: PID 102178 started
2026-07-30 14:12:43,997 - __main__ - INFO - 🆔 REGISTERED: Process 102178 - which wpscan...
2026-07-30 14:12:43,997 - __main__ - INFO - ⚡ PROGRESS ⠋: [[38;5;196m[38;5;240m░░░░░░░░░░░░░░░░░░░░░░░░░░░░░░[0m] [38;5;160m0.0%[0m Speed: 0 B/s | 0.0s | PID: 102178
2026-07-30 14:12:43,998 - __main__ - INFO - 📤 STDOUT: /usr/bin/wpscan
2026-07-30 14:12:43,999 - __main__ - INFO - 🧹 CLEANUP: Process 102178 removed from registry
2026-07-30 14:12:43,999 - __main__ - INFO - ✅ SUCCESS: Command completed | Exit Code: 0 | Duration: 0.00s
2026-07-30 14:12:43,999 - __main__ - INFO - [38;5;46m[1m╭─────────────────────────────────────────────────────────────────────────────╮[0m
2026-07-30 14:12:43,999 - __main__ - INFO - [1m│[0m [38;5;46m📊 FINAL RESULTS ✅[0m
2026-07-30 14:12:43,999 - __main__ - INFO - [1m├─────────────────────────────────────────────────────────────────────────────┤[0m
2026-07-30 14:12:43,999 - __main__ - INFO - [1m│[0m [38;5;51m🚀 Command:[0m which wpscan
2026-07-30 14:12:43,999 - __main__ - INFO - [1m│[0m [38;5;208m⏱️  Duration:[0m 0.00s
2026-07-30 14:12:43,999 - __main__ - INFO - [1m│[0m [38;5;208m📊 Output Size:[0m 16 bytes
2026-07-30 14:12:43,999 - __main__ - INFO - [1m│[0m [38;5;129m🔢 Exit Code:[0m 0
2026-07-30 14:12:43,999 - __main__ - INFO - [1m│[0m [38;5;46m📈 Status:[0m SUCCESS | Cached: Yes
2026-07-30 14:12:43,999 - __main__ - INFO - [38;5;46m[1m╰─────────────────────────────────────────────────────────────────────────────╯[0m
2026-07-30 14:12:43,999 - __main__ - INFO - 💾 Cached result for command: which wpscan
2026-07-30 14:12:43,999 - __main__ - INFO - 🔍 Cache MISS for command: which graphql-scanner
2026-07-30 14:12:43,999 - __main__ - INFO - 🚀 EXECUTING: which graphql-scanner
2026-07-30 14:12:43,999 - __main__ - INFO - ⏱️  TIMEOUT: 300s | PID: Starting...
2026-07-30 14:12:44,000 - __main__ - INFO - 🆔 PROCESS: PID 102183 started
2026-07-30 14:12:44,000 - __main__ - INFO - 🆔 REGISTERED: Process 102183 - which graphql-scanner...
2026-07-30 14:12:44,001 - __main__ - INFO - ⚡ PROGRESS ⠋: [[38;5;196m[38;5;240m░░░░░░░░░░░░░░░░░░░░░░░░░░░░░░[0m] [38;5;160m0.0%[0m Speed: 0 B/s | 0.0s | PID: 102183
2026-07-30 14:12:44,002 - __main__ - INFO - 🧹 CLEANUP: Process 102183 removed from registry
2026-07-30 14:12:44,002 - __main__ - WARNING - ⚠️  WARNING: Command completed with errors | Exit Code: 1 | Duration: 0.00s
2026-07-30 14:12:44,002 - __main__ - INFO - [38;5;46m[1m╭─────────────────────────────────────────────────────────────────────────────╮[0m
2026-07-30 14:12:44,002 - __main__ - INFO - [1m│[0m [38;5;196m📊 FINAL RESULTS ❌[0m
2026-07-30 14:12:44,002 - __main__ - INFO - [1m├─────────────────────────────────────────────────────────────────────────────┤[0m
2026-07-30 14:12:44,002 - __main__ - INFO - [1m│[0m [38;5;51m🚀 Command:[0m which graphql-scanner
2026-07-30 14:12:44,002 - __main__ - INFO - [1m│[0m [38;5;208m⏱️  Duration:[0m 0.00s
2026-07-30 14:12:44,002 - __main__ - INFO - [1m│[0m [38;5;208m📊 Output Size:[0m 0 bytes
2026-07-30 14:12:44,002 - __main__ - INFO - [1m│[0m [38;5;129m🔢 Exit Code:[0m 1
2026-07-30 14:12:44,002 - __main__ - INFO - [1m│[0m [38;5;196m📈 Status:[0m FAILED | Cached: Yes
2026-07-30 14:12:44,002 - __main__ - INFO - [38;5;46m[1m╰─────────────────────────────────────────────────────────────────────────────╯[0m
2026-07-30 14:12:44,002 - __main__ - INFO - 🔍 Cache MISS for command: which jwt-analyzer
2026-07-30 14:12:44,002 - __main__ - INFO - 🚀 EXECUTING: which jwt-analyzer
2026-07-30 14:12:44,002 - __main__ - INFO - ⏱️  TIMEOUT: 300s | PID: Starting...
2026-07-30 14:12:44,003 - __main__ - INFO - 🆔 PROCESS: PID 102188 started
2026-07-30 14:12:44,003 - __main__ - INFO - 🆔 REGISTERED: Process 102188 - which jwt-analyzer...
2026-07-30 14:12:44,003 - __main__ - INFO - ⚡ PROGRESS ⠋: [[38;5;196m[38;5;240m░░░░░░░░░░░░░░░░░░░░░░░░░░░░░░[0m] [38;5;160m0.0%[0m Speed: 0 B/s | 0.0s | PID: 102188
2026-07-30 14:12:44,005 - __main__ - INFO - 🧹 CLEANUP: Process 102188 removed from registry
2026-07-30 14:12:44,005 - __main__ - WARNING - ⚠️  WARNING: Command completed with errors | Exit Code: 1 | Duration: 0.00s
2026-07-30 14:12:44,005 - __main__ - INFO - [38;5;46m[1m╭─────────────────────────────────────────────────────────────────────────────╮[0m
2026-07-30 14:12:44,005 - __main__ - INFO - [1m│[0m [38;5;196m📊 FINAL RESULTS ❌[0m
2026-07-30 14:12:44,005 - __main__ - INFO - [1m├─────────────────────────────────────────────────────────────────────────────┤[0m
2026-07-30 14:12:44,005 - __main__ - INFO - [1m│[0m [38;5;51m🚀 Command:[0m which jwt-analyzer
2026-07-30 14:12:44,005 - __main__ - INFO - [1m│[0m [38;5;208m⏱️  Duration:[0m 0.00s
2026-07-30 14:12:44,005 - __main__ - INFO - [1m│[0m [38;5;208m📊 Output Size:[0m 0 bytes
2026-07-30 14:12:44,005 - __main__ - INFO - [1m│[0m [38;5;129m🔢 Exit Code:[0m 1
2026-07-30 14:12:44,005 - __main__ - INFO - [1m│[0m [38;5;196m📈 Status:[0m FAILED | Cached: Yes
2026-07-30 14:12:44,005 - __main__ - INFO - [38;5;46m[1m╰─────────────────────────────────────────────────────────────────────────────╯[0m
2026-07-30 14:12:44,005 - __main__ - INFO - 🔍 Cache MISS for command: which medusa
2026-07-30 14:12:44,005 - __main__ - INFO - 🚀 EXECUTING: which medusa
2026-07-30 14:12:44,005 - __main__ - INFO - ⏱️  TIMEOUT: 300s | PID: Starting...
2026-07-30 14:12:44,005 - __main__ - INFO - 🆔 PROCESS: PID 102193 started
2026-07-30 14:12:44,006 - __main__ - INFO - 🆔 REGISTERED: Process 102193 - which medusa...
2026-07-30 14:12:44,006 - __main__ - INFO - ⚡ PROGRESS ⠋: [[38;5;196m[38;5;240m░░░░░░░░░░░░░░░░░░░░░░░░░░░░░░[0m] [38;5;160m0.0%[0m Speed: 0 B/s | 0.0s | PID: 102193
2026-07-30 14:12:44,006 - __main__ - INFO - 📤 STDOUT: /usr/bin/medusa
2026-07-30 14:12:44,007 - __main__ - INFO - 🧹 CLEANUP: Process 102193 removed from registry
2026-07-30 14:12:44,007 - __main__ - INFO - ✅ SUCCESS: Command completed | Exit Code: 0 | Duration: 0.00s
2026-07-30 14:12:44,008 - __main__ - INFO - [38;5;46m[1m╭─────────────────────────────────────────────────────────────────────────────╮[0m
2026-07-30 14:12:44,008 - __main__ - INFO - [1m│[0m [38;5;46m📊 FINAL RESULTS ✅[0m
2026-07-30 14:12:44,008 - __main__ - INFO - [1m├─────────────────────────────────────────────────────────────────────────────┤[0m
2026-07-30 14:12:44,008 - __main__ - INFO - [1m│[0m [38;5;51m🚀 Command:[0m which medusa
2026-07-30 14:12:44,008 - __main__ - INFO - [1m│[0m [38;5;208m⏱️  Duration:[0m 0.00s
2026-07-30 14:12:44,008 - __main__ - INFO - [1m│[0m [38;5;208m📊 Output Size:[0m 16 bytes
2026-07-30 14:12:44,008 - __main__ - INFO - [1m│[0m [38;5;129m🔢 Exit Code:[0m 0
2026-07-30 14:12:44,008 - __main__ - INFO - [1m│[0m [38;5;46m📈 Status:[0m SUCCESS | Cached: Yes
2026-07-30 14:12:44,008 - __main__ - INFO - [38;5;46m[1m╰─────────────────────────────────────────────────────────────────────────────╯[0m
2026-07-30 14:12:44,008 - __main__ - INFO - 💾 Cached result for command: which medusa
2026-07-30 14:12:44,008 - __main__ - INFO - 🔍 Cache MISS for command: which patator
2026-07-30 14:12:44,008 - __main__ - INFO - 🚀 EXECUTING: which patator
2026-07-30 14:12:44,008 - __main__ - INFO - ⏱️  TIMEOUT: 300s | PID: Starting...
2026-07-30 14:12:44,008 - __main__ - INFO - 🆔 PROCESS: PID 102198 started
2026-07-30 14:12:44,009 - __main__ - INFO - 🆔 REGISTERED: Process 102198 - which patator...
2026-07-30 14:12:44,009 - __main__ - INFO - ⚡ PROGRESS ⠋: [[38;5;196m[38;5;240m░░░░░░░░░░░░░░░░░░░░░░░░░░░░░░[0m] [38;5;160m0.0%[0m Speed: 0 B/s | 0.0s | PID: 102198
2026-07-30 14:12:44,010 - __main__ - INFO - 📤 STDOUT: /usr/bin/patator
2026-07-30 14:12:44,011 - __main__ - INFO - 🧹 CLEANUP: Process 102198 removed from registry
2026-07-30 14:12:44,011 - __main__ - INFO - ✅ SUCCESS: Command completed | Exit Code: 0 | Duration: 0.00s
2026-07-30 14:12:44,011 - __main__ - INFO - [38;5;46m[1m╭─────────────────────────────────────────────────────────────────────────────╮[0m
2026-07-30 14:12:44,011 - __main__ - INFO - [1m│[0m [38;5;46m📊 FINAL RESULTS ✅[0m
2026-07-30 14:12:44,011 - __main__ - INFO - [1m├─────────────────────────────────────────────────────────────────────────────┤[0m
2026-07-30 14:12:44,011 - __main__ - INFO - [1m│[0m [38;5;51m🚀 Command:[0m which patator
2026-07-30 14:12:44,011 - __main__ - INFO - [1m│[0m [38;5;208m⏱️  Duration:[0m 0.00s
2026-07-30 14:12:44,011 - __main__ - INFO - [1m│[0m [38;5;208m📊 Output Size:[0m 17 bytes
2026-07-30 14:12:44,011 - __main__ - INFO - [1m│[0m [38;5;129m🔢 Exit Code:[0m 0
2026-07-30 14:12:44,011 - __main__ - INFO - [1m│[0m [38;5;46m📈 Status:[0m SUCCESS | Cached: Yes
2026-07-30 14:12:44,011 - __main__ - INFO - [38;5;46m[1m╰─────────────────────────────────────────────────────────────────────────────╯[0m
2026-07-30 14:12:44,011 - __main__ - INFO - 💾 Cached result for command: which patator
2026-07-30 14:12:44,011 - __main__ - INFO - 🔍 Cache MISS for command: which hash-identifier
2026-07-30 14:12:44,011 - __main__ - INFO - 🚀 EXECUTING: which hash-identifier
2026-07-30 14:12:44,011 - __main__ - INFO - ⏱️  TIMEOUT: 300s | PID: Starting...
2026-07-30 14:12:44,012 - __main__ - INFO - 🆔 PROCESS: PID 102203 started
2026-07-30 14:12:44,012 - __main__ - INFO - 🆔 REGISTERED: Process 102203 - which hash-identifier...
2026-07-30 14:12:44,012 - __main__ - INFO - ⚡ PROGRESS ⠋: [[38;5;196m[38;5;240m░░░░░░░░░░░░░░░░░░░░░░░░░░░░░░[0m] [38;5;160m0.0%[0m Speed: 0 B/s | 0.0s | PID: 102203
2026-07-30 14:12:44,013 - __main__ - INFO - 📤 STDOUT: /usr/bin/hash-identifier
2026-07-30 14:12:44,014 - __main__ - INFO - 🧹 CLEANUP: Process 102203 removed from registry
2026-07-30 14:12:44,014 - __main__ - INFO - ✅ SUCCESS: Command completed | Exit Code: 0 | Duration: 0.00s
2026-07-30 14:12:44,014 - __main__ - INFO - [38;5;46m[1m╭─────────────────────────────────────────────────────────────────────────────╮[0m
2026-07-30 14:12:44,014 - __main__ - INFO - [1m│[0m [38;5;46m📊 FINAL RESULTS ✅[0m
2026-07-30 14:12:44,014 - __main__ - INFO - [1m├─────────────────────────────────────────────────────────────────────────────┤[0m
2026-07-30 14:12:44,014 - __main__ - INFO - [1m│[0m [38;5;51m🚀 Command:[0m which hash-identifier
2026-07-30 14:12:44,014 - __main__ - INFO - [1m│[0m [38;5;208m⏱️  Duration:[0m 0.00s
2026-07-30 14:12:44,014 - __main__ - INFO - [1m│[0m [38;5;208m📊 Output Size:[0m 25 bytes
2026-07-30 14:12:44,014 - __main__ - INFO - [1m│[0m [38;5;129m🔢 Exit Code:[0m 0
2026-07-30 14:12:44,014 - __main__ - INFO - [1m│[0m [38;5;46m📈 Status:[0m SUCCESS | Cached: Yes
2026-07-30 14:12:44,014 - __main__ - INFO - [38;5;46m[1m╰─────────────────────────────────────────────────────────────────────────────╯[0m
2026-07-30 14:12:44,014 - __main__ - INFO - 💾 Cached result for command: which hash-identifier
2026-07-30 14:12:44,014 - __main__ - INFO - 🔍 Cache MISS for command: which ophcrack
2026-07-30 14:12:44,014 - __main__ - INFO - 🚀 EXECUTING: which ophcrack
2026-07-30 14:12:44,014 - __main__ - INFO - ⏱️  TIMEOUT: 300s | PID: Starting...
2026-07-30 14:12:44,015 - __main__ - INFO - 🆔 PROCESS: PID 102208 started
2026-07-30 14:12:44,015 - __main__ - INFO - 🆔 REGISTERED: Process 102208 - which ophcrack...
2026-07-30 14:12:44,015 - __main__ - INFO - ⚡ PROGRESS ⠋: [[38;5;196m[38;5;240m░░░░░░░░░░░░░░░░░░░░░░░░░░░░░░[0m] [38;5;160m0.0%[0m Speed: 0 B/s | 0.0s | PID: 102208
2026-07-30 14:12:44,016 - __main__ - INFO - 📤 STDOUT: /usr/bin/ophcrack
2026-07-30 14:12:44,017 - __main__ - INFO - 🧹 CLEANUP: Process 102208 removed from registry
2026-07-30 14:12:44,017 - __main__ - INFO - ✅ SUCCESS: Command completed | Exit Code: 0 | Duration: 0.00s
2026-07-30 14:12:44,017 - __main__ - INFO - [38;5;46m[1m╭─────────────────────────────────────────────────────────────────────────────╮[0m
2026-07-30 14:12:44,017 - __main__ - INFO - [1m│[0m [38;5;46m📊 FINAL RESULTS ✅[0m
2026-07-30 14:12:44,017 - __main__ - INFO - [1m├─────────────────────────────────────────────────────────────────────────────┤[0m
2026-07-30 14:12:44,017 - __main__ - INFO - [1m│[0m [38;5;51m🚀 Command:[0m which ophcrack
2026-07-30 14:12:44,017 - __main__ - INFO - [1m│[0m [38;5;208m⏱️  Duration:[0m 0.00s
2026-07-30 14:12:44,017 - __main__ - INFO - [1m│[0m [38;5;208m📊 Output Size:[0m 18 bytes
2026-07-30 14:12:44,017 - __main__ - INFO - [1m│[0m [38;5;129m🔢 Exit Code:[0m 0
2026-07-30 14:12:44,017 - __main__ - INFO - [1m│[0m [38;5;46m📈 Status:[0m SUCCESS | Cached: Yes
2026-07-30 14:12:44,017 - __main__ - INFO - [38;5;46m[1m╰─────────────────────────────────────────────────────────────────────────────╯[0m
2026-07-30 14:12:44,017 - __main__ - INFO - 💾 Cached result for command: which ophcrack
2026-07-30 14:12:44,017 - __main__ - INFO - 🔍 Cache MISS for command: which hashcat-utils
2026-07-30 14:12:44,017 - __main__ - INFO - 🚀 EXECUTING: which hashcat-utils
2026-07-30 14:12:44,017 - __main__ - INFO - ⏱️  TIMEOUT: 300s | PID: Starting...
2026-07-30 14:12:44,018 - __main__ - INFO - 🆔 PROCESS: PID 102213 started
2026-07-30 14:12:44,018 - __main__ - INFO - 🆔 REGISTERED: Process 102213 - which hashcat-utils...
2026-07-30 14:12:44,019 - __main__ - INFO - ⚡ PROGRESS ⠋: [[38;5;196m[38;5;240m░░░░░░░░░░░░░░░░░░░░░░░░░░░░░░[0m] [38;5;160m0.0%[0m Speed: 0 B/s | 0.0s | PID: 102213
2026-07-30 14:12:44,020 - __main__ - INFO - 🧹 CLEANUP: Process 102213 removed from registry
2026-07-30 14:12:44,020 - __main__ - WARNING - ⚠️  WARNING: Command completed with errors | Exit Code: 1 | Duration: 0.00s
2026-07-30 14:12:44,020 - __main__ - INFO - [38;5;46m[1m╭─────────────────────────────────────────────────────────────────────────────╮[0m
2026-07-30 14:12:44,020 - __main__ - INFO - [1m│[0m [38;5;196m📊 FINAL RESULTS ❌[0m
2026-07-30 14:12:44,020 - __main__ - INFO - [1m├─────────────────────────────────────────────────────────────────────────────┤[0m
2026-07-30 14:12:44,020 - __main__ - INFO - [1m│[0m [38;5;51m🚀 Command:[0m which hashcat-utils
2026-07-30 14:12:44,020 - __main__ - INFO - [1m│[0m [38;5;208m⏱️  Duration:[0m 0.00s
2026-07-30 14:12:44,020 - __main__ - INFO - [1m│[0m [38;5;208m📊 Output Size:[0m 0 bytes
2026-07-30 14:12:44,020 - __main__ - INFO - [1m│[0m [38;5;129m🔢 Exit Code:[0m 1
2026-07-30 14:12:44,020 - __main__ - INFO - [1m│[0m [38;5;196m📈 Status:[0m FAILED | Cached: Yes
2026-07-30 14:12:44,020 - __main__ - INFO - [38;5;46m[1m╰─────────────────────────────────────────────────────────────────────────────╯[0m
2026-07-30 14:12:44,020 - __main__ - INFO - 🔍 Cache MISS for command: which gdb
2026-07-30 14:12:44,020 - __main__ - INFO - 🚀 EXECUTING: which gdb
2026-07-30 14:12:44,020 - __main__ - INFO - ⏱️  TIMEOUT: 300s | PID: Starting...
2026-07-30 14:12:44,021 - __main__ - INFO - 🆔 PROCESS: PID 102218 started
2026-07-30 14:12:44,021 - __main__ - INFO - 🆔 REGISTERED: Process 102218 - which gdb...
2026-07-30 14:12:44,022 - __main__ - INFO - ⚡ PROGRESS ⠋: [[38;5;196m[38;5;240m░░░░░░░░░░░░░░░░░░░░░░░░░░░░░░[0m] [38;5;160m0.0%[0m Speed: 0 B/s | 0.0s | PID: 102218
2026-07-30 14:12:44,023 - __main__ - INFO - 🧹 CLEANUP: Process 102218 removed from registry
2026-07-30 14:12:44,023 - __main__ - WARNING - ⚠️  WARNING: Command completed with errors | Exit Code: 1 | Duration: 0.00s
2026-07-30 14:12:44,023 - __main__ - INFO - [38;5;46m[1m╭─────────────────────────────────────────────────────────────────────────────╮[0m
2026-07-30 14:12:44,023 - __main__ - INFO - [1m│[0m [38;5;196m📊 FINAL RESULTS ❌[0m
2026-07-30 14:12:44,023 - __main__ - INFO - [1m├─────────────────────────────────────────────────────────────────────────────┤[0m
2026-07-30 14:12:44,023 - __main__ - INFO - [1m│[0m [38;5;51m🚀 Command:[0m which gdb
2026-07-30 14:12:44,023 - __main__ - INFO - [1m│[0m [38;5;208m⏱️  Duration:[0m 0.00s
2026-07-30 14:12:44,023 - __main__ - INFO - [1m│[0m [38;5;208m📊 Output Size:[0m 0 bytes
2026-07-30 14:12:44,023 - __main__ - INFO - [1m│[0m [38;5;129m🔢 Exit Code:[0m 1
2026-07-30 14:12:44,023 - __main__ - INFO - [1m│[0m [38;5;196m📈 Status:[0m FAILED | Cached: Yes
2026-07-30 14:12:44,023 - __main__ - INFO - [38;5;46m[1m╰─────────────────────────────────────────────────────────────────────────────╯[0m
2026-07-30 14:12:44,024 - __main__ - INFO - 🔍 Cache MISS for command: which radare2
2026-07-30 14:12:44,024 - __main__ - INFO - 🚀 EXECUTING: which radare2
2026-07-30 14:12:44,024 - __main__ - INFO - ⏱️  TIMEOUT: 300s | PID: Starting...
2026-07-30 14:12:44,024 - __main__ - INFO - 🆔 PROCESS: PID 102223 started
2026-07-30 14:12:44,024 - __main__ - INFO - 🆔 REGISTERED: Process 102223 - which radare2...
2026-07-30 14:12:44,025 - __main__ - INFO - ⚡ PROGRESS ⠋: [[38;5;196m[38;5;240m░░░░░░░░░░░░░░░░░░░░░░░░░░░░░░[0m] [38;5;160m0.0%[0m Speed: 0 B/s | 0.0s | PID: 102223
2026-07-30 14:12:44,025 - __main__ - INFO - 📤 STDOUT: /usr/bin/radare2
2026-07-30 14:12:44,026 - __main__ - INFO - 🧹 CLEANUP: Process 102223 removed from registry
2026-07-30 14:12:44,026 - __main__ - INFO - ✅ SUCCESS: Command completed | Exit Code: 0 | Duration: 0.00s
2026-07-30 14:12:44,026 - __main__ - INFO - [38;5;46m[1m╭─────────────────────────────────────────────────────────────────────────────╮[0m
2026-07-30 14:12:44,026 - __main__ - INFO - [1m│[0m [38;5;46m📊 FINAL RESULTS ✅[0m
2026-07-30 14:12:44,026 - __main__ - INFO - [1m├─────────────────────────────────────────────────────────────────────────────┤[0m
2026-07-30 14:12:44,026 - __main__ - INFO - [1m│[0m [38;5;51m🚀 Command:[0m which radare2
2026-07-30 14:12:44,026 - __main__ - INFO - [1m│[0m [38;5;208m⏱️  Duration:[0m 0.00s
2026-07-30 14:12:44,026 - __main__ - INFO - [1m│[0m [38;5;208m📊 Output Size:[0m 17 bytes
2026-07-30 14:12:44,026 - __main__ - INFO - [1m│[0m [38;5;129m🔢 Exit Code:[0m 0
2026-07-30 14:12:44,026 - __main__ - INFO - [1m│[0m [38;5;46m📈 Status:[0m SUCCESS | Cached: Yes
2026-07-30 14:12:44,026 - __main__ - INFO - [38;5;46m[1m╰─────────────────────────────────────────────────────────────────────────────╯[0m
2026-07-30 14:12:44,026 - __main__ - INFO - 💾 Cached result for command: which radare2
2026-07-30 14:12:44,027 - __main__ - INFO - 🔍 Cache MISS for command: which binwalk
2026-07-30 14:12:44,027 - __main__ - INFO - 🚀 EXECUTING: which binwalk
2026-07-30 14:12:44,027 - __main__ - INFO - ⏱️  TIMEOUT: 300s | PID: Starting...
2026-07-30 14:12:44,027 - __main__ - INFO - 🆔 PROCESS: PID 102228 started
2026-07-30 14:12:44,027 - __main__ - INFO - 🆔 REGISTERED: Process 102228 - which binwalk...
2026-07-30 14:12:44,028 - __main__ - INFO - ⚡ PROGRESS ⠋: [[38;5;196m[38;5;240m░░░░░░░░░░░░░░░░░░░░░░░░░░░░░░[0m] [38;5;160m0.0%[0m Speed: 0 B/s | 0.0s | PID: 102228
2026-07-30 14:12:44,029 - __main__ - INFO - 📤 STDOUT: /usr/bin/binwalk
2026-07-30 14:12:44,030 - __main__ - INFO - 🧹 CLEANUP: Process 102228 removed from registry
2026-07-30 14:12:44,030 - __main__ - INFO - ✅ SUCCESS: Command completed | Exit Code: 0 | Duration: 0.00s
2026-07-30 14:12:44,030 - __main__ - INFO - [38;5;46m[1m╭─────────────────────────────────────────────────────────────────────────────╮[0m
2026-07-30 14:12:44,030 - __main__ - INFO - [1m│[0m [38;5;46m📊 FINAL RESULTS ✅[0m
2026-07-30 14:12:44,030 - __main__ - INFO - [1m├─────────────────────────────────────────────────────────────────────────────┤[0m
2026-07-30 14:12:44,030 - __main__ - INFO - [1m│[0m [38;5;51m🚀 Command:[0m which binwalk
2026-07-30 14:12:44,030 - __main__ - INFO - [1m│[0m [38;5;208m⏱️  Duration:[0m 0.00s
2026-07-30 14:12:44,030 - __main__ - INFO - [1m│[0m [38;5;208m📊 Output Size:[0m 17 bytes
2026-07-30 14:12:44,030 - __main__ - INFO - [1m│[0m [38;5;129m🔢 Exit Code:[0m 0
2026-07-30 14:12:44,030 - __main__ - INFO - [1m│[0m [38;5;46m📈 Status:[0m SUCCESS | Cached: Yes
2026-07-30 14:12:44,030 - __main__ - INFO - [38;5;46m[1m╰─────────────────────────────────────────────────────────────────────────────╯[0m
2026-07-30 14:12:44,030 - __main__ - INFO - 💾 Cached result for command: which binwalk
2026-07-30 14:12:44,030 - __main__ - INFO - 🔍 Cache MISS for command: which ropgadget
2026-07-30 14:12:44,030 - __main__ - INFO - 🚀 EXECUTING: which ropgadget
2026-07-30 14:12:44,030 - __main__ - INFO - ⏱️  TIMEOUT: 300s | PID: Starting...
2026-07-30 14:12:44,030 - __main__ - INFO - 🆔 PROCESS: PID 102233 started
2026-07-30 14:12:44,031 - __main__ - INFO - 🆔 REGISTERED: Process 102233 - which ropgadget...
2026-07-30 14:12:44,031 - __main__ - INFO - ⚡ PROGRESS ⠋: [[38;5;196m[38;5;240m░░░░░░░░░░░░░░░░░░░░░░░░░░░░░░[0m] [38;5;160m0.0%[0m Speed: 0 B/s | 0.0s | PID: 102233
2026-07-30 14:12:44,032 - __main__ - INFO - 🧹 CLEANUP: Process 102233 removed from registry
2026-07-30 14:12:44,032 - __main__ - WARNING - ⚠️  WARNING: Command completed with errors | Exit Code: 1 | Duration: 0.00s
2026-07-30 14:12:44,032 - __main__ - INFO - [38;5;46m[1m╭─────────────────────────────────────────────────────────────────────────────╮[0m
2026-07-30 14:12:44,033 - __main__ - INFO - [1m│[0m [38;5;196m📊 FINAL RESULTS ❌[0m
2026-07-30 14:12:44,033 - __main__ - INFO - [1m├─────────────────────────────────────────────────────────────────────────────┤[0m
2026-07-30 14:12:44,033 - __main__ - INFO - [1m│[0m [38;5;51m🚀 Command:[0m which ropgadget
2026-07-30 14:12:44,033 - __main__ - INFO - [1m│[0m [38;5;208m⏱️  Duration:[0m 0.00s
2026-07-30 14:12:44,033 - __main__ - INFO - [1m│[0m [38;5;208m📊 Output Size:[0m 0 bytes
2026-07-30 14:12:44,033 - __main__ - INFO - [1m│[0m [38;5;129m🔢 Exit Code:[0m 1
2026-07-30 14:12:44,033 - __main__ - INFO - [1m│[0m [38;5;196m📈 Status:[0m FAILED | Cached: Yes
2026-07-30 14:12:44,033 - __main__ - INFO - [38;5;46m[1m╰─────────────────────────────────────────────────────────────────────────────╯[0m
2026-07-30 14:12:44,033 - __main__ - INFO - 🔍 Cache MISS for command: which checksec
2026-07-30 14:12:44,033 - __main__ - INFO - 🚀 EXECUTING: which checksec
2026-07-30 14:12:44,034 - __main__ - INFO - ⏱️  TIMEOUT: 300s | PID: Starting...
2026-07-30 14:12:44,034 - __main__ - INFO - 🆔 PROCESS: PID 102238 started
2026-07-30 14:12:44,034 - __main__ - INFO - 🆔 REGISTERED: Process 102238 - which checksec...
2026-07-30 14:12:44,035 - __main__ - INFO - ⚡ PROGRESS ⠋: [[38;5;196m[38;5;240m░░░░░░░░░░░░░░░░░░░░░░░░░░░░░░[0m] [38;5;160m0.0%[0m Speed: 0 B/s | 0.0s | PID: 102238
2026-07-30 14:12:44,035 - __main__ - INFO - 📤 STDOUT: /home/kali/hexstrike-ai/hexstrike-env/bin/checksec
2026-07-30 14:12:44,036 - __main__ - INFO - 🧹 CLEANUP: Process 102238 removed from registry
2026-07-30 14:12:44,036 - __main__ - INFO - ✅ SUCCESS: Command completed | Exit Code: 0 | Duration: 0.00s
2026-07-30 14:12:44,036 - __main__ - INFO - [38;5;46m[1m╭─────────────────────────────────────────────────────────────────────────────╮[0m
2026-07-30 14:12:44,036 - __main__ - INFO - [1m│[0m [38;5;46m📊 FINAL RESULTS ✅[0m
2026-07-30 14:12:44,037 - __main__ - INFO - [1m├─────────────────────────────────────────────────────────────────────────────┤[0m
2026-07-30 14:12:44,037 - __main__ - INFO - [1m│[0m [38;5;51m🚀 Command:[0m which checksec
2026-07-30 14:12:44,037 - __main__ - INFO - [1m│[0m [38;5;208m⏱️  Duration:[0m 0.00s
2026-07-30 14:12:44,037 - __main__ - INFO - [1m│[0m [38;5;208m📊 Output Size:[0m 51 bytes
2026-07-30 14:12:44,037 - __main__ - INFO - [1m│[0m [38;5;129m🔢 Exit Code:[0m 0
2026-07-30 14:12:44,037 - __main__ - INFO - [1m│[0m [38;5;46m📈 Status:[0m SUCCESS | Cached: Yes
2026-07-30 14:12:44,037 - __main__ - INFO - [38;5;46m[1m╰─────────────────────────────────────────────────────────────────────────────╯[0m
2026-07-30 14:12:44,037 - __main__ - INFO - 💾 Cached result for command: which checksec
2026-07-30 14:12:44,037 - __main__ - INFO - 🔍 Cache MISS for command: which objdump
2026-07-30 14:12:44,037 - __main__ - INFO - 🚀 EXECUTING: which objdump
2026-07-30 14:12:44,037 - __main__ - INFO - ⏱️  TIMEOUT: 300s | PID: Starting...
2026-07-30 14:12:44,038 - __main__ - INFO - 🆔 PROCESS: PID 102243 started
2026-07-30 14:12:44,038 - __main__ - INFO - 🆔 REGISTERED: Process 102243 - which objdump...
2026-07-30 14:12:44,038 - __main__ - INFO - ⚡ PROGRESS ⠋: [[38;5;196m[38;5;240m░░░░░░░░░░░░░░░░░░░░░░░░░░░░░░[0m] [38;5;160m0.0%[0m Speed: 0 B/s | 0.0s | PID: 102243
2026-07-30 14:12:44,039 - __main__ - INFO - 📤 STDOUT: /usr/bin/objdump
2026-07-30 14:12:44,039 - __main__ - INFO - 🧹 CLEANUP: Process 102243 removed from registry
2026-07-30 14:12:44,040 - __main__ - INFO - ✅ SUCCESS: Command completed | Exit Code: 0 | Duration: 0.00s
2026-07-30 14:12:44,040 - __main__ - INFO - [38;5;46m[1m╭─────────────────────────────────────────────────────────────────────────────╮[0m
2026-07-30 14:12:44,040 - __main__ - INFO - [1m│[0m [38;5;46m📊 FINAL RESULTS ✅[0m
2026-07-30 14:12:44,040 - __main__ - INFO - [1m├─────────────────────────────────────────────────────────────────────────────┤[0m
2026-07-30 14:12:44,040 - __main__ - INFO - [1m│[0m [38;5;51m🚀 Command:[0m which objdump
2026-07-30 14:12:44,040 - __main__ - INFO - [1m│[0m [38;5;208m⏱️  Duration:[0m 0.00s
2026-07-30 14:12:44,040 - __main__ - INFO - [1m│[0m [38;5;208m📊 Output Size:[0m 17 bytes
2026-07-30 14:12:44,040 - __main__ - INFO - [1m│[0m [38;5;129m🔢 Exit Code:[0m 0
2026-07-30 14:12:44,040 - __main__ - INFO - [1m│[0m [38;5;46m📈 Status:[0m SUCCESS | Cached: Yes
2026-07-30 14:12:44,040 - __main__ - INFO - [38;5;46m[1m╰─────────────────────────────────────────────────────────────────────────────╯[0m
2026-07-30 14:12:44,040 - __main__ - INFO - 💾 Cached result for command: which objdump
2026-07-30 14:12:44,040 - __main__ - INFO - 🔍 Cache MISS for command: which ghidra
2026-07-30 14:12:44,040 - __main__ - INFO - 🚀 EXECUTING: which ghidra
2026-07-30 14:12:44,040 - __main__ - INFO - ⏱️  TIMEOUT: 300s | PID: Starting...
2026-07-30 14:12:44,041 - __main__ - INFO - 🆔 PROCESS: PID 102248 started
2026-07-30 14:12:44,041 - __main__ - INFO - 🆔 REGISTERED: Process 102248 - which ghidra...
2026-07-30 14:12:44,041 - __main__ - INFO - ⚡ PROGRESS ⠋: [[38;5;196m[38;5;240m░░░░░░░░░░░░░░░░░░░░░░░░░░░░░░[0m] [38;5;160m0.0%[0m Speed: 0 B/s | 0.0s | PID: 102248
2026-07-30 14:12:44,043 - __main__ - INFO - 🧹 CLEANUP: Process 102248 removed from registry
2026-07-30 14:12:44,043 - __main__ - WARNING - ⚠️  WARNING: Command completed with errors | Exit Code: 1 | Duration: 0.00s
2026-07-30 14:12:44,043 - __main__ - INFO - [38;5;46m[1m╭─────────────────────────────────────────────────────────────────────────────╮[0m
2026-07-30 14:12:44,043 - __main__ - INFO - [1m│[0m [38;5;196m📊 FINAL RESULTS ❌[0m
2026-07-30 14:12:44,043 - __main__ - INFO - [1m├─────────────────────────────────────────────────────────────────────────────┤[0m
2026-07-30 14:12:44,043 - __main__ - INFO - [1m│[0m [38;5;51m🚀 Command:[0m which ghidra
2026-07-30 14:12:44,043 - __main__ - INFO - [1m│[0m [38;5;208m⏱️  Duration:[0m 0.00s
2026-07-30 14:12:44,043 - __main__ - INFO - [1m│[0m [38;5;208m📊 Output Size:[0m 0 bytes
2026-07-30 14:12:44,043 - __main__ - INFO - [1m│[0m [38;5;129m🔢 Exit Code:[0m 1
2026-07-30 14:12:44,043 - __main__ - INFO - [1m│[0m [38;5;196m📈 Status:[0m FAILED | Cached: Yes
2026-07-30 14:12:44,043 - __main__ - INFO - [38;5;46m[1m╰─────────────────────────────────────────────────────────────────────────────╯[0m
2026-07-30 14:12:44,043 - __main__ - INFO - 🔍 Cache MISS for command: which pwntools
2026-07-30 14:12:44,043 - __main__ - INFO - 🚀 EXECUTING: which pwntools
2026-07-30 14:12:44,043 - __main__ - INFO - ⏱️  TIMEOUT: 300s | PID: Starting...
2026-07-30 14:12:44,044 - __main__ - INFO - 🆔 PROCESS: PID 102253 started
2026-07-30 14:12:44,044 - __main__ - INFO - 🆔 REGISTERED: Process 102253 - which pwntools...
2026-07-30 14:12:44,044 - __main__ - INFO - ⚡ PROGRESS ⠋: [[38;5;196m[38;5;240m░░░░░░░░░░░░░░░░░░░░░░░░░░░░░░[0m] [38;5;160m0.0%[0m Speed: 0 B/s | 0.0s | PID: 102253
2026-07-30 14:12:44,045 - __main__ - INFO - 🧹 CLEANUP: Process 102253 removed from registry
2026-07-30 14:12:44,046 - __main__ - WARNING - ⚠️  WARNING: Command completed with errors | Exit Code: 1 | Duration: 0.00s
2026-07-30 14:12:44,046 - __main__ - INFO - [38;5;46m[1m╭─────────────────────────────────────────────────────────────────────────────╮[0m
2026-07-30 14:12:44,046 - __main__ - INFO - [1m│[0m [38;5;196m📊 FINAL RESULTS ❌[0m
2026-07-30 14:12:44,046 - __main__ - INFO - [1m├─────────────────────────────────────────────────────────────────────────────┤[0m
2026-07-30 14:12:44,046 - __main__ - INFO - [1m│[0m [38;5;51m🚀 Command:[0m which pwntools
2026-07-30 14:12:44,046 - __main__ - INFO - [1m│[0m [38;5;208m⏱️  Duration:[0m 0.00s
2026-07-30 14:12:44,046 - __main__ - INFO - [1m│[0m [38;5;208m📊 Output Size:[0m 0 bytes
2026-07-30 14:12:44,046 - __main__ - INFO - [1m│[0m [38;5;129m🔢 Exit Code:[0m 1
2026-07-30 14:12:44,046 - __main__ - INFO - [1m│[0m [38;5;196m📈 Status:[0m FAILED | Cached: Yes
2026-07-30 14:12:44,046 - __main__ - INFO - [38;5;46m[1m╰─────────────────────────────────────────────────────────────────────────────╯[0m
2026-07-30 14:12:44,046 - __main__ - INFO - 🔍 Cache MISS for command: which one-gadget
2026-07-30 14:12:44,046 - __main__ - INFO - 🚀 EXECUTING: which one-gadget
2026-07-30 14:12:44,046 - __main__ - INFO - ⏱️  TIMEOUT: 300s | PID: Starting...
2026-07-30 14:12:44,047 - __main__ - INFO - 🆔 PROCESS: PID 102258 started
2026-07-30 14:12:44,047 - __main__ - INFO - 🆔 REGISTERED: Process 102258 - which one-gadget...
2026-07-30 14:12:44,047 - __main__ - INFO - ⚡ PROGRESS ⠋: [[38;5;196m[38;5;240m░░░░░░░░░░░░░░░░░░░░░░░░░░░░░░[0m] [38;5;160m0.0%[0m Speed: 0 B/s | 0.0s | PID: 102258
2026-07-30 14:12:44,049 - __main__ - INFO - 🧹 CLEANUP: Process 102258 removed from registry
2026-07-30 14:12:44,049 - __main__ - WARNING - ⚠️  WARNING: Command completed with errors | Exit Code: 1 | Duration: 0.00s
2026-07-30 14:12:44,049 - __main__ - INFO - [38;5;46m[1m╭─────────────────────────────────────────────────────────────────────────────╮[0m
2026-07-30 14:12:44,049 - __main__ - INFO - [1m│[0m [38;5;196m📊 FINAL RESULTS ❌[0m
2026-07-30 14:12:44,049 - __main__ - INFO - [1m├─────────────────────────────────────────────────────────────────────────────┤[0m
2026-07-30 14:12:44,049 - __main__ - INFO - [1m│[0m [38;5;51m🚀 Command:[0m which one-gadget
2026-07-30 14:12:44,049 - __main__ - INFO - [1m│[0m [38;5;208m⏱️  Duration:[0m 0.00s
2026-07-30 14:12:44,049 - __main__ - INFO - [1m│[0m [38;5;208m📊 Output Size:[0m 0 bytes
2026-07-30 14:12:44,049 - __main__ - INFO - [1m│[0m [38;5;129m🔢 Exit Code:[0m 1
2026-07-30 14:12:44,049 - __main__ - INFO - [1m│[0m [38;5;196m📈 Status:[0m FAILED | Cached: Yes
2026-07-30 14:12:44,049 - __main__ - INFO - [38;5;46m[1m╰─────────────────────────────────────────────────────────────────────────────╯[0m
2026-07-30 14:12:44,049 - __main__ - INFO - 🔍 Cache MISS for command: which ropper
2026-07-30 14:12:44,049 - __main__ - INFO - 🚀 EXECUTING: which ropper
2026-07-30 14:12:44,049 - __main__ - INFO - ⏱️  TIMEOUT: 300s | PID: Starting...
2026-07-30 14:12:44,049 - __main__ - INFO - 🆔 PROCESS: PID 102263 started
2026-07-30 14:12:44,050 - __main__ - INFO - 🆔 REGISTERED: Process 102263 - which ropper...
2026-07-30 14:12:44,050 - __main__ - INFO - ⚡ PROGRESS ⠋: [[38;5;196m[38;5;240m░░░░░░░░░░░░░░░░░░░░░░░░░░░░░░[0m] [38;5;160m0.0%[0m Speed: 0 B/s | 0.0s | PID: 102263
2026-07-30 14:12:44,051 - __main__ - INFO - 🧹 CLEANUP: Process 102263 removed from registry
2026-07-30 14:12:44,051 - __main__ - WARNING - ⚠️  WARNING: Command completed with errors | Exit Code: 1 | Duration: 0.00s
2026-07-30 14:12:44,051 - __main__ - INFO - [38;5;46m[1m╭─────────────────────────────────────────────────────────────────────────────╮[0m
2026-07-30 14:12:44,052 - __main__ - INFO - [1m│[0m [38;5;196m📊 FINAL RESULTS ❌[0m
2026-07-30 14:12:44,052 - __main__ - INFO - [1m├─────────────────────────────────────────────────────────────────────────────┤[0m
2026-07-30 14:12:44,052 - __main__ - INFO - [1m│[0m [38;5;51m🚀 Command:[0m which ropper
2026-07-30 14:12:44,052 - __main__ - INFO - [1m│[0m [38;5;208m⏱️  Duration:[0m 0.00s
2026-07-30 14:12:44,052 - __main__ - INFO - [1m│[0m [38;5;208m📊 Output Size:[0m 0 bytes
2026-07-30 14:12:44,052 - __main__ - INFO - [1m│[0m [38;5;129m🔢 Exit Code:[0m 1
2026-07-30 14:12:44,052 - __main__ - INFO - [1m│[0m [38;5;196m📈 Status:[0m FAILED | Cached: Yes
2026-07-30 14:12:44,052 - __main__ - INFO - [38;5;46m[1m╰─────────────────────────────────────────────────────────────────────────────╯[0m
2026-07-30 14:12:44,052 - __main__ - INFO - 🔍 Cache MISS for command: which angr
2026-07-30 14:12:44,052 - __main__ - INFO - 🚀 EXECUTING: which angr
2026-07-30 14:12:44,052 - __main__ - INFO - ⏱️  TIMEOUT: 300s | PID: Starting...
2026-07-30 14:12:44,053 - __main__ - INFO - 🆔 PROCESS: PID 102268 started
2026-07-30 14:12:44,053 - __main__ - INFO - 🆔 REGISTERED: Process 102268 - which angr...
2026-07-30 14:12:44,053 - __main__ - INFO - ⚡ PROGRESS ⠋: [[38;5;196m[38;5;240m░░░░░░░░░░░░░░░░░░░░░░░░░░░░░░[0m] [38;5;160m0.0%[0m Speed: 0 B/s | 0.0s | PID: 102268
2026-07-30 14:12:44,054 - __main__ - INFO - 📤 STDOUT: /home/kali/hexstrike-ai/hexstrike-env/bin/angr
2026-07-30 14:12:44,055 - __main__ - INFO - 🧹 CLEANUP: Process 102268 removed from registry
2026-07-30 14:12:44,055 - __main__ - INFO - ✅ SUCCESS: Command completed | Exit Code: 0 | Duration: 0.00s
2026-07-30 14:12:44,055 - __main__ - INFO - [38;5;46m[1m╭─────────────────────────────────────────────────────────────────────────────╮[0m
2026-07-30 14:12:44,055 - __main__ - INFO - [1m│[0m [38;5;46m📊 FINAL RESULTS ✅[0m
2026-07-30 14:12:44,055 - __main__ - INFO - [1m├─────────────────────────────────────────────────────────────────────────────┤[0m
2026-07-30 14:12:44,055 - __main__ - INFO - [1m│[0m [38;5;51m🚀 Command:[0m which angr
2026-07-30 14:12:44,055 - __main__ - INFO - [1m│[0m [38;5;208m⏱️  Duration:[0m 0.00s
2026-07-30 14:12:44,055 - __main__ - INFO - [1m│[0m [38;5;208m📊 Output Size:[0m 47 bytes
2026-07-30 14:12:44,055 - __main__ - INFO - [1m│[0m [38;5;129m🔢 Exit Code:[0m 0
2026-07-30 14:12:44,055 - __main__ - INFO - [1m│[0m [38;5;46m📈 Status:[0m SUCCESS | Cached: Yes
2026-07-30 14:12:44,055 - __main__ - INFO - [38;5;46m[1m╰─────────────────────────────────────────────────────────────────────────────╯[0m
2026-07-30 14:12:44,055 - __main__ - INFO - 💾 Cached result for command: which angr
2026-07-30 14:12:44,055 - __main__ - INFO - 🔍 Cache MISS for command: which libc-database
2026-07-30 14:12:44,055 - __main__ - INFO - 🚀 EXECUTING: which libc-database
2026-07-30 14:12:44,055 - __main__ - INFO - ⏱️  TIMEOUT: 300s | PID: Starting...
2026-07-30 14:12:44,055 - __main__ - INFO - 🆔 PROCESS: PID 102273 started
2026-07-30 14:12:44,056 - __main__ - INFO - 🆔 REGISTERED: Process 102273 - which libc-database...
2026-07-30 14:12:44,056 - __main__ - INFO - ⚡ PROGRESS ⠋: [[38;5;196m[38;5;240m░░░░░░░░░░░░░░░░░░░░░░░░░░░░░░[0m] [38;5;160m0.0%[0m Speed: 0 B/s | 0.0s | PID: 102273
2026-07-30 14:12:44,058 - __main__ - INFO - 🧹 CLEANUP: Process 102273 removed from registry
2026-07-30 14:12:44,058 - __main__ - WARNING - ⚠️  WARNING: Command completed with errors | Exit Code: 1 | Duration: 0.00s
2026-07-30 14:12:44,058 - __main__ - INFO - [38;5;46m[1m╭─────────────────────────────────────────────────────────────────────────────╮[0m
2026-07-30 14:12:44,058 - __main__ - INFO - [1m│[0m [38;5;196m📊 FINAL RESULTS ❌[0m
2026-07-30 14:12:44,058 - __main__ - INFO - [1m├─────────────────────────────────────────────────────────────────────────────┤[0m
2026-07-30 14:12:44,058 - __main__ - INFO - [1m│[0m [38;5;51m🚀 Command:[0m which libc-database
2026-07-30 14:12:44,058 - __main__ - INFO - [1m│[0m [38;5;208m⏱️  Duration:[0m 0.00s
2026-07-30 14:12:44,058 - __main__ - INFO - [1m│[0m [38;5;208m📊 Output Size:[0m 0 bytes
2026-07-30 14:12:44,058 - __main__ - INFO - [1m│[0m [38;5;129m🔢 Exit Code:[0m 1
2026-07-30 14:12:44,058 - __main__ - INFO - [1m│[0m [38;5;196m📈 Status:[0m FAILED | Cached: Yes
2026-07-30 14:12:44,058 - __main__ - INFO - [38;5;46m[1m╰─────────────────────────────────────────────────────────────────────────────╯[0m
2026-07-30 14:12:44,058 - __main__ - INFO - 🔍 Cache MISS for command: which pwninit
2026-07-30 14:12:44,058 - __main__ - INFO - 🚀 EXECUTING: which pwninit
2026-07-30 14:12:44,058 - __main__ - INFO - ⏱️  TIMEOUT: 300s | PID: Starting...
2026-07-30 14:12:44,059 - __main__ - INFO - 🆔 PROCESS: PID 102278 started
2026-07-30 14:12:44,059 - __main__ - INFO - 🆔 REGISTERED: Process 102278 - which pwninit...
2026-07-30 14:12:44,059 - __main__ - INFO - ⚡ PROGRESS ⠋: [[38;5;196m[38;5;240m░░░░░░░░░░░░░░░░░░░░░░░░░░░░░░[0m] [38;5;160m0.0%[0m Speed: 0 B/s | 0.0s | PID: 102278
2026-07-30 14:12:44,061 - __main__ - INFO - 🧹 CLEANUP: Process 102278 removed from registry
2026-07-30 14:12:44,061 - __main__ - WARNING - ⚠️  WARNING: Command completed with errors | Exit Code: 1 | Duration: 0.00s
2026-07-30 14:12:44,061 - __main__ - INFO - [38;5;46m[1m╭─────────────────────────────────────────────────────────────────────────────╮[0m
2026-07-30 14:12:44,061 - __main__ - INFO - [1m│[0m [38;5;196m📊 FINAL RESULTS ❌[0m
2026-07-30 14:12:44,061 - __main__ - INFO - [1m├─────────────────────────────────────────────────────────────────────────────┤[0m
2026-07-30 14:12:44,061 - __main__ - INFO - [1m│[0m [38;5;51m🚀 Command:[0m which pwninit
2026-07-30 14:12:44,061 - __main__ - INFO - [1m│[0m [38;5;208m⏱️  Duration:[0m 0.00s
2026-07-30 14:12:44,061 - __main__ - INFO - [1m│[0m [38;5;208m📊 Output Size:[0m 0 bytes
2026-07-30 14:12:44,061 - __main__ - INFO - [1m│[0m [38;5;129m🔢 Exit Code:[0m 1
2026-07-30 14:12:44,061 - __main__ - INFO - [1m│[0m [38;5;196m📈 Status:[0m FAILED | Cached: Yes
2026-07-30 14:12:44,061 - __main__ - INFO - [38;5;46m[1m╰─────────────────────────────────────────────────────────────────────────────╯[0m
2026-07-30 14:12:44,061 - __main__ - INFO - 🔍 Cache MISS for command: which volatility3
2026-07-30 14:12:44,061 - __main__ - INFO - 🚀 EXECUTING: which volatility3
2026-07-30 14:12:44,061 - __main__ - INFO - ⏱️  TIMEOUT: 300s | PID: Starting...
2026-07-30 14:12:44,062 - __main__ - INFO - 🆔 PROCESS: PID 102283 started
2026-07-30 14:12:44,062 - __main__ - INFO - 🆔 REGISTERED: Process 102283 - which volatility3...
2026-07-30 14:12:44,062 - __main__ - INFO - ⚡ PROGRESS ⠋: [[38;5;196m[38;5;240m░░░░░░░░░░░░░░░░░░░░░░░░░░░░░░[0m] [38;5;160m0.0%[0m Speed: 0 B/s | 0.0s | PID: 102283
2026-07-30 14:12:44,063 - __main__ - INFO - 🧹 CLEANUP: Process 102283 removed from registry
2026-07-30 14:12:44,063 - __main__ - WARNING - ⚠️  WARNING: Command completed with errors | Exit Code: 1 | Duration: 0.00s
2026-07-30 14:12:44,063 - __main__ - INFO - [38;5;46m[1m╭─────────────────────────────────────────────────────────────────────────────╮[0m
2026-07-30 14:12:44,063 - __main__ - INFO - [1m│[0m [38;5;196m📊 FINAL RESULTS ❌[0m
2026-07-30 14:12:44,063 - __main__ - INFO - [1m├─────────────────────────────────────────────────────────────────────────────┤[0m
2026-07-30 14:12:44,064 - __main__ - INFO - [1m│[0m [38;5;51m🚀 Command:[0m which volatility3
2026-07-30 14:12:44,064 - __main__ - INFO - [1m│[0m [38;5;208m⏱️  Duration:[0m 0.00s
2026-07-30 14:12:44,064 - __main__ - INFO - [1m│[0m [38;5;208m📊 Output Size:[0m 0 bytes
2026-07-30 14:12:44,064 - __main__ - INFO - [1m│[0m [38;5;129m🔢 Exit Code:[0m 1
2026-07-30 14:12:44,064 - __main__ - INFO - [1m│[0m [38;5;196m📈 Status:[0m FAILED | Cached: Yes
2026-07-30 14:12:44,064 - __main__ - INFO - [38;5;46m[1m╰─────────────────────────────────────────────────────────────────────────────╯[0m
2026-07-30 14:12:44,064 - __main__ - INFO - 🔍 Cache MISS for command: which vol
2026-07-30 14:12:44,064 - __main__ - INFO - 🚀 EXECUTING: which vol
2026-07-30 14:12:44,064 - __main__ - INFO - ⏱️  TIMEOUT: 300s | PID: Starting...
2026-07-30 14:12:44,064 - __main__ - INFO - 🆔 PROCESS: PID 102288 started
2026-07-30 14:12:44,064 - __main__ - INFO - 🆔 REGISTERED: Process 102288 - which vol...
2026-07-30 14:12:44,065 - __main__ - INFO - ⚡ PROGRESS ⠋: [[38;5;196m[38;5;240m░░░░░░░░░░░░░░░░░░░░░░░░░░░░░░[0m] [38;5;160m0.0%[0m Speed: 0 B/s | 0.0s | PID: 102288
2026-07-30 14:12:44,066 - __main__ - INFO - 🧹 CLEANUP: Process 102288 removed from registry
2026-07-30 14:12:44,066 - __main__ - WARNING - ⚠️  WARNING: Command completed with errors | Exit Code: 1 | Duration: 0.00s
2026-07-30 14:12:44,066 - __main__ - INFO - [38;5;46m[1m╭─────────────────────────────────────────────────────────────────────────────╮[0m
2026-07-30 14:12:44,066 - __main__ - INFO - [1m│[0m [38;5;196m📊 FINAL RESULTS ❌[0m
2026-07-30 14:12:44,067 - __main__ - INFO - [1m├─────────────────────────────────────────────────────────────────────────────┤[0m
2026-07-30 14:12:44,067 - __main__ - INFO - [1m│[0m [38;5;51m🚀 Command:[0m which vol
2026-07-30 14:12:44,067 - __main__ - INFO - [1m│[0m [38;5;208m⏱️  Duration:[0m 0.00s
2026-07-30 14:12:44,067 - __main__ - INFO - [1m│[0m [38;5;208m📊 Output Size:[0m 0 bytes
2026-07-30 14:12:44,067 - __main__ - INFO - [1m│[0m [38;5;129m🔢 Exit Code:[0m 1
2026-07-30 14:12:44,067 - __main__ - INFO - [1m│[0m [38;5;196m📈 Status:[0m FAILED | Cached: Yes
2026-07-30 14:12:44,067 - __main__ - INFO - [38;5;46m[1m╰─────────────────────────────────────────────────────────────────────────────╯[0m
2026-07-30 14:12:44,067 - __main__ - INFO - 🔍 Cache MISS for command: which steghide
2026-07-30 14:12:44,067 - __main__ - INFO - 🚀 EXECUTING: which steghide
2026-07-30 14:12:44,067 - __main__ - INFO - ⏱️  TIMEOUT: 300s | PID: Starting...
2026-07-30 14:12:44,068 - __main__ - INFO - 🆔 PROCESS: PID 102293 started
2026-07-30 14:12:44,068 - __main__ - INFO - 🆔 REGISTERED: Process 102293 - which steghide...
2026-07-30 14:12:44,069 - __main__ - INFO - ⚡ PROGRESS ⠋: [[38;5;196m[38;5;240m░░░░░░░░░░░░░░░░░░░░░░░░░░░░░░[0m] [38;5;160m0.0%[0m Speed: 0 B/s | 0.0s | PID: 102293
2026-07-30 14:12:44,070 - __main__ - INFO - 🧹 CLEANUP: Process 102293 removed from registry
2026-07-30 14:12:44,070 - __main__ - WARNING - ⚠️  WARNING: Command completed with errors | Exit Code: 1 | Duration: 0.00s
2026-07-30 14:12:44,070 - __main__ - INFO - [38;5;46m[1m╭─────────────────────────────────────────────────────────────────────────────╮[0m
2026-07-30 14:12:44,070 - __main__ - INFO - [1m│[0m [38;5;196m📊 FINAL RESULTS ❌[0m
2026-07-30 14:12:44,070 - __main__ - INFO - [1m├─────────────────────────────────────────────────────────────────────────────┤[0m
2026-07-30 14:12:44,070 - __main__ - INFO - [1m│[0m [38;5;51m🚀 Command:[0m which steghide
2026-07-30 14:12:44,070 - __main__ - INFO - [1m│[0m [38;5;208m⏱️  Duration:[0m 0.00s
2026-07-30 14:12:44,070 - __main__ - INFO - [1m│[0m [38;5;208m📊 Output Size:[0m 0 bytes
2026-07-30 14:12:44,070 - __main__ - INFO - [1m│[0m [38;5;129m🔢 Exit Code:[0m 1
2026-07-30 14:12:44,070 - __main__ - INFO - [1m│[0m [38;5;196m📈 Status:[0m FAILED | Cached: Yes
2026-07-30 14:12:44,070 - __main__ - INFO - [38;5;46m[1m╰─────────────────────────────────────────────────────────────────────────────╯[0m
2026-07-30 14:12:44,070 - __main__ - INFO - 🔍 Cache MISS for command: which hashpump
2026-07-30 14:12:44,070 - __main__ - INFO - 🚀 EXECUTING: which hashpump
2026-07-30 14:12:44,070 - __main__ - INFO - ⏱️  TIMEOUT: 300s | PID: Starting...
2026-07-30 14:12:44,071 - __main__ - INFO - 🆔 PROCESS: PID 102298 started
2026-07-30 14:12:44,071 - __main__ - INFO - 🆔 REGISTERED: Process 102298 - which hashpump...
2026-07-30 14:12:44,071 - __main__ - INFO - ⚡ PROGRESS ⠋: [[38;5;196m[38;5;240m░░░░░░░░░░░░░░░░░░░░░░░░░░░░░░[0m] [38;5;160m0.0%[0m Speed: 0 B/s | 0.0s | PID: 102298
2026-07-30 14:12:44,072 - __main__ - INFO - 🧹 CLEANUP: Process 102298 removed from registry
2026-07-30 14:12:44,073 - __main__ - WARNING - ⚠️  WARNING: Command completed with errors | Exit Code: 1 | Duration: 0.00s
2026-07-30 14:12:44,073 - __main__ - INFO - [38;5;46m[1m╭─────────────────────────────────────────────────────────────────────────────╮[0m
2026-07-30 14:12:44,073 - __main__ - INFO - [1m│[0m [38;5;196m📊 FINAL RESULTS ❌[0m
2026-07-30 14:12:44,073 - __main__ - INFO - [1m├─────────────────────────────────────────────────────────────────────────────┤[0m
2026-07-30 14:12:44,073 - __main__ - INFO - [1m│[0m [38;5;51m🚀 Command:[0m which hashpump
2026-07-30 14:12:44,073 - __main__ - INFO - [1m│[0m [38;5;208m⏱️  Duration:[0m 0.00s
2026-07-30 14:12:44,073 - __main__ - INFO - [1m│[0m [38;5;208m📊 Output Size:[0m 0 bytes
2026-07-30 14:12:44,073 - __main__ - INFO - [1m│[0m [38;5;129m🔢 Exit Code:[0m 1
2026-07-30 14:12:44,073 - __main__ - INFO - [1m│[0m [38;5;196m📈 Status:[0m FAILED | Cached: Yes
2026-07-30 14:12:44,073 - __main__ - INFO - [38;5;46m[1m╰─────────────────────────────────────────────────────────────────────────────╯[0m
2026-07-30 14:12:44,073 - __main__ - INFO - 🔍 Cache MISS for command: which foremost
2026-07-30 14:12:44,073 - __main__ - INFO - 🚀 EXECUTING: which foremost
2026-07-30 14:12:44,073 - __main__ - INFO - ⏱️  TIMEOUT: 300s | PID: Starting...
2026-07-30 14:12:44,073 - __main__ - INFO - 🆔 PROCESS: PID 102303 started
2026-07-30 14:12:44,073 - __main__ - INFO - 🆔 REGISTERED: Process 102303 - which foremost...
2026-07-30 14:12:44,074 - __main__ - INFO - ⚡ PROGRESS ⠋: [[38;5;196m[38;5;240m░░░░░░░░░░░░░░░░░░░░░░░░░░░░░░[0m] [38;5;160m0.0%[0m Speed: 0 B/s | 0.0s | PID: 102303
2026-07-30 14:12:44,075 - __main__ - INFO - 🧹 CLEANUP: Process 102303 removed from registry
2026-07-30 14:12:44,075 - __main__ - WARNING - ⚠️  WARNING: Command completed with errors | Exit Code: 1 | Duration: 0.00s
2026-07-30 14:12:44,075 - __main__ - INFO - [38;5;46m[1m╭─────────────────────────────────────────────────────────────────────────────╮[0m
2026-07-30 14:12:44,075 - __main__ - INFO - [1m│[0m [38;5;196m📊 FINAL RESULTS ❌[0m
2026-07-30 14:12:44,075 - __main__ - INFO - [1m├─────────────────────────────────────────────────────────────────────────────┤[0m
2026-07-30 14:12:44,075 - __main__ - INFO - [1m│[0m [38;5;51m🚀 Command:[0m which foremost
2026-07-30 14:12:44,075 - __main__ - INFO - [1m│[0m [38;5;208m⏱️  Duration:[0m 0.00s
2026-07-30 14:12:44,075 - __main__ - INFO - [1m│[0m [38;5;208m📊 Output Size:[0m 0 bytes
2026-07-30 14:12:44,075 - __main__ - INFO - [1m│[0m [38;5;129m🔢 Exit Code:[0m 1
2026-07-30 14:12:44,075 - __main__ - INFO - [1m│[0m [38;5;196m📈 Status:[0m FAILED | Cached: Yes
2026-07-30 14:12:44,075 - __main__ - INFO - [38;5;46m[1m╰─────────────────────────────────────────────────────────────────────────────╯[0m
2026-07-30 14:12:44,075 - __main__ - INFO - 🔍 Cache MISS for command: which exiftool
2026-07-30 14:12:44,076 - __main__ - INFO - 🚀 EXECUTING: which exiftool
2026-07-30 14:12:44,076 - __main__ - INFO - ⏱️  TIMEOUT: 300s | PID: Starting...
2026-07-30 14:12:44,076 - __main__ - INFO - 🆔 PROCESS: PID 102308 started
2026-07-30 14:12:44,076 - __main__ - INFO - 🆔 REGISTERED: Process 102308 - which exiftool...
2026-07-30 14:12:44,076 - __main__ - INFO - ⚡ PROGRESS ⠋: [[38;5;196m[38;5;240m░░░░░░░░░░░░░░░░░░░░░░░░░░░░░░[0m] [38;5;160m0.0%[0m Speed: 0 B/s | 0.0s | PID: 102308
2026-07-30 14:12:44,077 - __main__ - INFO - 📤 STDOUT: /usr/bin/exiftool
2026-07-30 14:12:44,078 - __main__ - INFO - 🧹 CLEANUP: Process 102308 removed from registry
2026-07-30 14:12:44,078 - __main__ - INFO - ✅ SUCCESS: Command completed | Exit Code: 0 | Duration: 0.00s
2026-07-30 14:12:44,078 - __main__ - INFO - [38;5;46m[1m╭─────────────────────────────────────────────────────────────────────────────╮[0m
2026-07-30 14:12:44,078 - __main__ - INFO - [1m│[0m [38;5;46m📊 FINAL RESULTS ✅[0m
2026-07-30 14:12:44,078 - __main__ - INFO - [1m├─────────────────────────────────────────────────────────────────────────────┤[0m
2026-07-30 14:12:44,078 - __main__ - INFO - [1m│[0m [38;5;51m🚀 Command:[0m which exiftool
2026-07-30 14:12:44,078 - __main__ - INFO - [1m│[0m [38;5;208m⏱️  Duration:[0m 0.00s
2026-07-30 14:12:44,078 - __main__ - INFO - [1m│[0m [38;5;208m📊 Output Size:[0m 18 bytes
2026-07-30 14:12:44,078 - __main__ - INFO - [1m│[0m [38;5;129m🔢 Exit Code:[0m 0
2026-07-30 14:12:44,078 - __main__ - INFO - [1m│[0m [38;5;46m📈 Status:[0m SUCCESS | Cached: Yes
2026-07-30 14:12:44,078 - __main__ - INFO - [38;5;46m[1m╰─────────────────────────────────────────────────────────────────────────────╯[0m
2026-07-30 14:12:44,078 - __main__ - INFO - 💾 Cached result for command: which exiftool
2026-07-30 14:12:44,079 - __main__ - INFO - 🔍 Cache MISS for command: which strings
2026-07-30 14:12:44,079 - __main__ - INFO - 🚀 EXECUTING: which strings
2026-07-30 14:12:44,079 - __main__ - INFO - ⏱️  TIMEOUT: 300s | PID: Starting...
2026-07-30 14:12:44,080 - __main__ - INFO - 🆔 PROCESS: PID 102313 started
2026-07-30 14:12:44,080 - __main__ - INFO - 🆔 REGISTERED: Process 102313 - which strings...
2026-07-30 14:12:44,081 - __main__ - INFO - ⚡ PROGRESS ⠋: [[38;5;196m[38;5;240m░░░░░░░░░░░░░░░░░░░░░░░░░░░░░░[0m] [38;5;160m0.0%[0m Speed: 0 B/s | 0.0s | PID: 102313
2026-07-30 14:12:44,081 - __main__ - INFO - 📤 STDOUT: /usr/bin/strings
2026-07-30 14:12:44,082 - __main__ - INFO - 🧹 CLEANUP: Process 102313 removed from registry
2026-07-30 14:12:44,082 - __main__ - INFO - ✅ SUCCESS: Command completed | Exit Code: 0 | Duration: 0.00s
2026-07-30 14:12:44,082 - __main__ - INFO - [38;5;46m[1m╭─────────────────────────────────────────────────────────────────────────────╮[0m
2026-07-30 14:12:44,082 - __main__ - INFO - [1m│[0m [38;5;46m📊 FINAL RESULTS ✅[0m
2026-07-30 14:12:44,082 - __main__ - INFO - [1m├─────────────────────────────────────────────────────────────────────────────┤[0m
2026-07-30 14:12:44,082 - __main__ - INFO - [1m│[0m [38;5;51m🚀 Command:[0m which strings
2026-07-30 14:12:44,082 - __main__ - INFO - [1m│[0m [38;5;208m⏱️  Duration:[0m 0.00s
2026-07-30 14:12:44,082 - __main__ - INFO - [1m│[0m [38;5;208m📊 Output Size:[0m 17 bytes
2026-07-30 14:12:44,082 - __main__ - INFO - [1m│[0m [38;5;129m🔢 Exit Code:[0m 0
2026-07-30 14:12:44,082 - __main__ - INFO - [1m│[0m [38;5;46m📈 Status:[0m SUCCESS | Cached: Yes
2026-07-30 14:12:44,082 - __main__ - INFO - [38;5;46m[1m╰─────────────────────────────────────────────────────────────────────────────╯[0m
2026-07-30 14:12:44,082 - __main__ - INFO - 💾 Cached result for command: which strings
2026-07-30 14:12:44,082 - __main__ - INFO - 🔍 Cache MISS for command: which xxd
2026-07-30 14:12:44,082 - __main__ - INFO - 🚀 EXECUTING: which xxd
2026-07-30 14:12:44,082 - __main__ - INFO - ⏱️  TIMEOUT: 300s | PID: Starting...
2026-07-30 14:12:44,083 - __main__ - INFO - 🆔 PROCESS: PID 102318 started
2026-07-30 14:12:44,083 - __main__ - INFO - 🆔 REGISTERED: Process 102318 - which xxd...
2026-07-30 14:12:44,084 - __main__ - INFO - ⚡ PROGRESS ⠋: [[38;5;196m[38;5;240m░░░░░░░░░░░░░░░░░░░░░░░░░░░░░░[0m] [38;5;160m0.0%[0m Speed: 0 B/s | 0.0s | PID: 102318
2026-07-30 14:12:44,084 - __main__ - INFO - 📤 STDOUT: /usr/bin/xxd
2026-07-30 14:12:44,085 - __main__ - INFO - 🧹 CLEANUP: Process 102318 removed from registry
2026-07-30 14:12:44,085 - __main__ - INFO - ✅ SUCCESS: Command completed | Exit Code: 0 | Duration: 0.00s
2026-07-30 14:12:44,085 - __main__ - INFO - [38;5;46m[1m╭─────────────────────────────────────────────────────────────────────────────╮[0m
2026-07-30 14:12:44,085 - __main__ - INFO - [1m│[0m [38;5;46m📊 FINAL RESULTS ✅[0m
2026-07-30 14:12:44,085 - __main__ - INFO - [1m├─────────────────────────────────────────────────────────────────────────────┤[0m
2026-07-30 14:12:44,085 - __main__ - INFO - [1m│[0m [38;5;51m🚀 Command:[0m which xxd
2026-07-30 14:12:44,085 - __main__ - INFO - [1m│[0m [38;5;208m⏱️  Duration:[0m 0.00s
2026-07-30 14:12:44,085 - __main__ - INFO - [1m│[0m [38;5;208m📊 Output Size:[0m 13 bytes
2026-07-30 14:12:44,085 - __main__ - INFO - [1m│[0m [38;5;129m🔢 Exit Code:[0m 0
2026-07-30 14:12:44,085 - __main__ - INFO - [1m│[0m [38;5;46m📈 Status:[0m SUCCESS | Cached: Yes
2026-07-30 14:12:44,085 - __main__ - INFO - [38;5;46m[1m╰─────────────────────────────────────────────────────────────────────────────╯[0m
2026-07-30 14:12:44,085 - __main__ - INFO - 💾 Cached result for command: which xxd
2026-07-30 14:12:44,085 - __main__ - INFO - 🔍 Cache MISS for command: which file
2026-07-30 14:12:44,085 - __main__ - INFO - 🚀 EXECUTING: which file
2026-07-30 14:12:44,085 - __main__ - INFO - ⏱️  TIMEOUT: 300s | PID: Starting...
2026-07-30 14:12:44,086 - __main__ - INFO - 🆔 PROCESS: PID 102323 started
2026-07-30 14:12:44,086 - __main__ - INFO - 🆔 REGISTERED: Process 102323 - which file...
2026-07-30 14:12:44,087 - __main__ - INFO - ⚡ PROGRESS ⠋: [[38;5;196m[38;5;240m░░░░░░░░░░░░░░░░░░░░░░░░░░░░░░[0m] [38;5;160m0.0%[0m Speed: 0 B/s | 0.0s | PID: 102323
2026-07-30 14:12:44,087 - __main__ - INFO - 📤 STDOUT: /usr/bin/file
2026-07-30 14:12:44,088 - __main__ - INFO - 🧹 CLEANUP: Process 102323 removed from registry
2026-07-30 14:12:44,088 - __main__ - INFO - ✅ SUCCESS: Command completed | Exit Code: 0 | Duration: 0.00s
2026-07-30 14:12:44,088 - __main__ - INFO - [38;5;46m[1m╭─────────────────────────────────────────────────────────────────────────────╮[0m
2026-07-30 14:12:44,088 - __main__ - INFO - [1m│[0m [38;5;46m📊 FINAL RESULTS ✅[0m
2026-07-30 14:12:44,088 - __main__ - INFO - [1m├─────────────────────────────────────────────────────────────────────────────┤[0m
2026-07-30 14:12:44,088 - __main__ - INFO - [1m│[0m [38;5;51m🚀 Command:[0m which file
2026-07-30 14:12:44,089 - __main__ - INFO - [1m│[0m [38;5;208m⏱️  Duration:[0m 0.00s
2026-07-30 14:12:44,089 - __main__ - INFO - [1m│[0m [38;5;208m📊 Output Size:[0m 14 bytes
2026-07-30 14:12:44,089 - __main__ - INFO - [1m│[0m [38;5;129m🔢 Exit Code:[0m 0
2026-07-30 14:12:44,089 - __main__ - INFO - [1m│[0m [38;5;46m📈 Status:[0m SUCCESS | Cached: Yes
2026-07-30 14:12:44,089 - __main__ - INFO - [38;5;46m[1m╰─────────────────────────────────────────────────────────────────────────────╯[0m
2026-07-30 14:12:44,089 - __main__ - INFO - 💾 Cached result for command: which file
2026-07-30 14:12:44,089 - __main__ - INFO - 🔍 Cache MISS for command: which photorec
2026-07-30 14:12:44,089 - __main__ - INFO - 🚀 EXECUTING: which photorec
2026-07-30 14:12:44,089 - __main__ - INFO - ⏱️  TIMEOUT: 300s | PID: Starting...
2026-07-30 14:12:44,089 - __main__ - INFO - 🆔 PROCESS: PID 102328 started
2026-07-30 14:12:44,089 - __main__ - INFO - 🆔 REGISTERED: Process 102328 - which photorec...
2026-07-30 14:12:44,090 - __main__ - INFO - ⚡ PROGRESS ⠋: [[38;5;196m[38;5;240m░░░░░░░░░░░░░░░░░░░░░░░░░░░░░░[0m] [38;5;160m0.0%[0m Speed: 0 B/s | 0.0s | PID: 102328
2026-07-30 14:12:44,091 - __main__ - INFO - 📤 STDOUT: /usr/bin/photorec
2026-07-30 14:12:44,091 - __main__ - INFO - 🧹 CLEANUP: Process 102328 removed from registry
2026-07-30 14:12:44,091 - __main__ - INFO - ✅ SUCCESS: Command completed | Exit Code: 0 | Duration: 0.00s
2026-07-30 14:12:44,091 - __main__ - INFO - [38;5;46m[1m╭─────────────────────────────────────────────────────────────────────────────╮[0m
2026-07-30 14:12:44,091 - __main__ - INFO - [1m│[0m [38;5;46m📊 FINAL RESULTS ✅[0m
2026-07-30 14:12:44,092 - __main__ - INFO - [1m├─────────────────────────────────────────────────────────────────────────────┤[0m
2026-07-30 14:12:44,092 - __main__ - INFO - [1m│[0m [38;5;51m🚀 Command:[0m which photorec
2026-07-30 14:12:44,092 - __main__ - INFO - [1m│[0m [38;5;208m⏱️  Duration:[0m 0.00s
2026-07-30 14:12:44,092 - __main__ - INFO - [1m│[0m [38;5;208m📊 Output Size:[0m 18 bytes
2026-07-30 14:12:44,092 - __main__ - INFO - [1m│[0m [38;5;129m🔢 Exit Code:[0m 0
2026-07-30 14:12:44,092 - __main__ - INFO - [1m│[0m [38;5;46m📈 Status:[0m SUCCESS | Cached: Yes
2026-07-30 14:12:44,092 - __main__ - INFO - [38;5;46m[1m╰─────────────────────────────────────────────────────────────────────────────╯[0m
2026-07-30 14:12:44,092 - __main__ - INFO - 💾 Cached result for command: which photorec
2026-07-30 14:12:44,092 - __main__ - INFO - 🔍 Cache MISS for command: which testdisk
2026-07-30 14:12:44,092 - __main__ - INFO - 🚀 EXECUTING: which testdisk
2026-07-30 14:12:44,092 - __main__ - INFO - ⏱️  TIMEOUT: 300s | PID: Starting...
2026-07-30 14:12:44,092 - __main__ - INFO - 🆔 PROCESS: PID 102333 started
2026-07-30 14:12:44,093 - __main__ - INFO - 🆔 REGISTERED: Process 102333 - which testdisk...
2026-07-30 14:12:44,093 - __main__ - INFO - ⚡ PROGRESS ⠋: [[38;5;196m[38;5;240m░░░░░░░░░░░░░░░░░░░░░░░░░░░░░░[0m] [38;5;160m0.0%[0m Speed: 0 B/s | 0.0s | PID: 102333
2026-07-30 14:12:44,094 - __main__ - INFO - 📤 STDOUT: /usr/bin/testdisk
2026-07-30 14:12:44,095 - __main__ - INFO - 🧹 CLEANUP: Process 102333 removed from registry
2026-07-30 14:12:44,095 - __main__ - INFO - ✅ SUCCESS: Command completed | Exit Code: 0 | Duration: 0.00s
2026-07-30 14:12:44,095 - __main__ - INFO - [38;5;46m[1m╭─────────────────────────────────────────────────────────────────────────────╮[0m
2026-07-30 14:12:44,095 - __main__ - INFO - [1m│[0m [38;5;46m📊 FINAL RESULTS ✅[0m
2026-07-30 14:12:44,095 - __main__ - INFO - [1m├─────────────────────────────────────────────────────────────────────────────┤[0m
2026-07-30 14:12:44,095 - __main__ - INFO - [1m│[0m [38;5;51m🚀 Command:[0m which testdisk
2026-07-30 14:12:44,095 - __main__ - INFO - [1m│[0m [38;5;208m⏱️  Duration:[0m 0.00s
2026-07-30 14:12:44,095 - __main__ - INFO - [1m│[0m [38;5;208m📊 Output Size:[0m 18 bytes
2026-07-30 14:12:44,095 - __main__ - INFO - [1m│[0m [38;5;129m🔢 Exit Code:[0m 0
2026-07-30 14:12:44,095 - __main__ - INFO - [1m│[0m [38;5;46m📈 Status:[0m SUCCESS | Cached: Yes
2026-07-30 14:12:44,095 - __main__ - INFO - [38;5;46m[1m╰─────────────────────────────────────────────────────────────────────────────╯[0m
2026-07-30 14:12:44,095 - __main__ - INFO - 💾 Cached result for command: which testdisk
2026-07-30 14:12:44,095 - __main__ - INFO - 🔍 Cache MISS for command: which scalpel
2026-07-30 14:12:44,095 - __main__ - INFO - 🚀 EXECUTING: which scalpel
2026-07-30 14:12:44,095 - __main__ - INFO - ⏱️  TIMEOUT: 300s | PID: Starting...
2026-07-30 14:12:44,095 - __main__ - INFO - 🆔 PROCESS: PID 102338 started
2026-07-30 14:12:44,095 - __main__ - INFO - 🆔 REGISTERED: Process 102338 - which scalpel...
2026-07-30 14:12:44,096 - __main__ - INFO - ⚡ PROGRESS ⠋: [[38;5;196m[38;5;240m░░░░░░░░░░░░░░░░░░░░░░░░░░░░░░[0m] [38;5;160m0.0%[0m Speed: 0 B/s | 0.0s | PID: 102338
2026-07-30 14:12:44,096 - __main__ - INFO - 📤 STDOUT: /usr/bin/scalpel
2026-07-30 14:12:44,097 - __main__ - INFO - 🧹 CLEANUP: Process 102338 removed from registry
2026-07-30 14:12:44,097 - __main__ - INFO - ✅ SUCCESS: Command completed | Exit Code: 0 | Duration: 0.00s
2026-07-30 14:12:44,097 - __main__ - INFO - [38;5;46m[1m╭─────────────────────────────────────────────────────────────────────────────╮[0m
2026-07-30 14:12:44,098 - __main__ - INFO - [1m│[0m [38;5;46m📊 FINAL RESULTS ✅[0m
2026-07-30 14:12:44,098 - __main__ - INFO - [1m├─────────────────────────────────────────────────────────────────────────────┤[0m
2026-07-30 14:12:44,098 - __main__ - INFO - [1m│[0m [38;5;51m🚀 Command:[0m which scalpel
2026-07-30 14:12:44,098 - __main__ - INFO - [1m│[0m [38;5;208m⏱️  Duration:[0m 0.00s
2026-07-30 14:12:44,098 - __main__ - INFO - [1m│[0m [38;5;208m📊 Output Size:[0m 17 bytes
2026-07-30 14:12:44,098 - __main__ - INFO - [1m│[0m [38;5;129m🔢 Exit Code:[0m 0
2026-07-30 14:12:44,098 - __main__ - INFO - [1m│[0m [38;5;46m📈 Status:[0m SUCCESS | Cached: Yes
2026-07-30 14:12:44,098 - __main__ - INFO - [38;5;46m[1m╰─────────────────────────────────────────────────────────────────────────────╯[0m
2026-07-30 14:12:44,098 - __main__ - INFO - 💾 Cached result for command: which scalpel
2026-07-30 14:12:44,098 - __main__ - INFO - 🔍 Cache MISS for command: which bulk-extractor
2026-07-30 14:12:44,098 - __main__ - INFO - 🚀 EXECUTING: which bulk-extractor
2026-07-30 14:12:44,098 - __main__ - INFO - ⏱️  TIMEOUT: 300s | PID: Starting...
2026-07-30 14:12:44,099 - __main__ - INFO - 🆔 PROCESS: PID 102343 started
2026-07-30 14:12:44,099 - __main__ - INFO - 🆔 REGISTERED: Process 102343 - which bulk-extractor...
2026-07-30 14:12:44,099 - __main__ - INFO - ⚡ PROGRESS ⠋: [[38;5;196m[38;5;240m░░░░░░░░░░░░░░░░░░░░░░░░░░░░░░[0m] [38;5;160m0.0%[0m Speed: 0 B/s | 0.0s | PID: 102343
2026-07-30 14:12:44,101 - __main__ - INFO - 🧹 CLEANUP: Process 102343 removed from registry
2026-07-30 14:12:44,101 - __main__ - WARNING - ⚠️  WARNING: Command completed with errors | Exit Code: 1 | Duration: 0.00s
2026-07-30 14:12:44,101 - __main__ - INFO - [38;5;46m[1m╭─────────────────────────────────────────────────────────────────────────────╮[0m
2026-07-30 14:12:44,101 - __main__ - INFO - [1m│[0m [38;5;196m📊 FINAL RESULTS ❌[0m
2026-07-30 14:12:44,101 - __main__ - INFO - [1m├─────────────────────────────────────────────────────────────────────────────┤[0m
2026-07-30 14:12:44,101 - __main__ - INFO - [1m│[0m [38;5;51m🚀 Command:[0m which bulk-extractor
2026-07-30 14:12:44,101 - __main__ - INFO - [1m│[0m [38;5;208m⏱️  Duration:[0m 0.00s
2026-07-30 14:12:44,101 - __main__ - INFO - [1m│[0m [38;5;208m📊 Output Size:[0m 0 bytes
2026-07-30 14:12:44,101 - __main__ - INFO - [1m│[0m [38;5;129m🔢 Exit Code:[0m 1
2026-07-30 14:12:44,101 - __main__ - INFO - [1m│[0m [38;5;196m📈 Status:[0m FAILED | Cached: Yes
2026-07-30 14:12:44,101 - __main__ - INFO - [38;5;46m[1m╰─────────────────────────────────────────────────────────────────────────────╯[0m
2026-07-30 14:12:44,101 - __main__ - INFO - 🔍 Cache MISS for command: which stegsolve
2026-07-30 14:12:44,101 - __main__ - INFO - 🚀 EXECUTING: which stegsolve
2026-07-30 14:12:44,101 - __main__ - INFO - ⏱️  TIMEOUT: 300s | PID: Starting...
2026-07-30 14:12:44,101 - __main__ - INFO - 🆔 PROCESS: PID 102348 started
2026-07-30 14:12:44,101 - __main__ - INFO - 🆔 REGISTERED: Process 102348 - which stegsolve...
2026-07-30 14:12:44,102 - __main__ - INFO - ⚡ PROGRESS ⠋: [[38;5;196m[38;5;240m░░░░░░░░░░░░░░░░░░░░░░░░░░░░░░[0m] [38;5;160m0.0%[0m Speed: 0 B/s | 0.0s | PID: 102348
2026-07-30 14:12:44,103 - __main__ - INFO - 🧹 CLEANUP: Process 102348 removed from registry
2026-07-30 14:12:44,103 - __main__ - WARNING - ⚠️  WARNING: Command completed with errors | Exit Code: 1 | Duration: 0.00s
2026-07-30 14:12:44,104 - __main__ - INFO - [38;5;46m[1m╭─────────────────────────────────────────────────────────────────────────────╮[0m
2026-07-30 14:12:44,104 - __main__ - INFO - [1m│[0m [38;5;196m📊 FINAL RESULTS ❌[0m
2026-07-30 14:12:44,104 - __main__ - INFO - [1m├─────────────────────────────────────────────────────────────────────────────┤[0m
2026-07-30 14:12:44,104 - __main__ - INFO - [1m│[0m [38;5;51m🚀 Command:[0m which stegsolve
2026-07-30 14:12:44,104 - __main__ - INFO - [1m│[0m [38;5;208m⏱️  Duration:[0m 0.00s
2026-07-30 14:12:44,104 - __main__ - INFO - [1m│[0m [38;5;208m📊 Output Size:[0m 0 bytes
2026-07-30 14:12:44,104 - __main__ - INFO - [1m│[0m [38;5;129m🔢 Exit Code:[0m 1
2026-07-30 14:12:44,104 - __main__ - INFO - [1m│[0m [38;5;196m📈 Status:[0m FAILED | Cached: Yes
2026-07-30 14:12:44,104 - __main__ - INFO - [38;5;46m[1m╰─────────────────────────────────────────────────────────────────────────────╯[0m
2026-07-30 14:12:44,104 - __main__ - INFO - 🔍 Cache MISS for command: which zsteg
2026-07-30 14:12:44,104 - __main__ - INFO - 🚀 EXECUTING: which zsteg
2026-07-30 14:12:44,104 - __main__ - INFO - ⏱️  TIMEOUT: 300s | PID: Starting...
2026-07-30 14:12:44,105 - __main__ - INFO - 🆔 PROCESS: PID 102353 started
2026-07-30 14:12:44,105 - __main__ - INFO - 🆔 REGISTERED: Process 102353 - which zsteg...
2026-07-30 14:12:44,105 - __main__ - INFO - ⚡ PROGRESS ⠋: [[38;5;196m[38;5;240m░░░░░░░░░░░░░░░░░░░░░░░░░░░░░░[0m] [38;5;160m0.0%[0m Speed: 0 B/s | 0.0s | PID: 102353
2026-07-30 14:12:44,106 - __main__ - INFO - 🧹 CLEANUP: Process 102353 removed from registry
2026-07-30 14:12:44,107 - __main__ - WARNING - ⚠️  WARNING: Command completed with errors | Exit Code: 1 | Duration: 0.00s
2026-07-30 14:12:44,107 - __main__ - INFO - [38;5;46m[1m╭─────────────────────────────────────────────────────────────────────────────╮[0m
2026-07-30 14:12:44,107 - __main__ - INFO - [1m│[0m [38;5;196m📊 FINAL RESULTS ❌[0m
2026-07-30 14:12:44,107 - __main__ - INFO - [1m├─────────────────────────────────────────────────────────────────────────────┤[0m
2026-07-30 14:12:44,107 - __main__ - INFO - [1m│[0m [38;5;51m🚀 Command:[0m which zsteg
2026-07-30 14:12:44,107 - __main__ - INFO - [1m│[0m [38;5;208m⏱️  Duration:[0m 0.00s
2026-07-30 14:12:44,107 - __main__ - INFO - [1m│[0m [38;5;208m📊 Output Size:[0m 0 bytes
2026-07-30 14:12:44,107 - __main__ - INFO - [1m│[0m [38;5;129m🔢 Exit Code:[0m 1
2026-07-30 14:12:44,107 - __main__ - INFO - [1m│[0m [38;5;196m📈 Status:[0m FAILED | Cached: Yes
2026-07-30 14:12:44,107 - __main__ - INFO - [38;5;46m[1m╰─────────────────────────────────────────────────────────────────────────────╯[0m
2026-07-30 14:12:44,107 - __main__ - INFO - 🔍 Cache MISS for command: which outguess
2026-07-30 14:12:44,107 - __main__ - INFO - 🚀 EXECUTING: which outguess
2026-07-30 14:12:44,107 - __main__ - INFO - ⏱️  TIMEOUT: 300s | PID: Starting...
2026-07-30 14:12:44,107 - __main__ - INFO - 🆔 PROCESS: PID 102358 started
2026-07-30 14:12:44,107 - __main__ - INFO - 🆔 REGISTERED: Process 102358 - which outguess...
2026-07-30 14:12:44,108 - __main__ - INFO - ⚡ PROGRESS ⠋: [[38;5;196m[38;5;240m░░░░░░░░░░░░░░░░░░░░░░░░░░░░░░[0m] [38;5;160m0.0%[0m Speed: 0 B/s | 0.0s | PID: 102358
2026-07-30 14:12:44,109 - __main__ - INFO - 🧹 CLEANUP: Process 102358 removed from registry
2026-07-30 14:12:44,109 - __main__ - WARNING - ⚠️  WARNING: Command completed with errors | Exit Code: 1 | Duration: 0.00s
2026-07-30 14:12:44,109 - __main__ - INFO - [38;5;46m[1m╭─────────────────────────────────────────────────────────────────────────────╮[0m
2026-07-30 14:12:44,109 - __main__ - INFO - [1m│[0m [38;5;196m📊 FINAL RESULTS ❌[0m
2026-07-30 14:12:44,109 - __main__ - INFO - [1m├─────────────────────────────────────────────────────────────────────────────┤[0m
2026-07-30 14:12:44,109 - __main__ - INFO - [1m│[0m [38;5;51m🚀 Command:[0m which outguess
2026-07-30 14:12:44,109 - __main__ - INFO - [1m│[0m [38;5;208m⏱️  Duration:[0m 0.00s
2026-07-30 14:12:44,109 - __main__ - INFO - [1m│[0m [38;5;208m📊 Output Size:[0m 0 bytes
2026-07-30 14:12:44,109 - __main__ - INFO - [1m│[0m [38;5;129m🔢 Exit Code:[0m 1
2026-07-30 14:12:44,109 - __main__ - INFO - [1m│[0m [38;5;196m📈 Status:[0m FAILED | Cached: Yes
2026-07-30 14:12:44,109 - __main__ - INFO - [38;5;46m[1m╰─────────────────────────────────────────────────────────────────────────────╯[0m
2026-07-30 14:12:44,109 - __main__ - INFO - 🔍 Cache MISS for command: which prowler
2026-07-30 14:12:44,109 - __main__ - INFO - 🚀 EXECUTING: which prowler
2026-07-30 14:12:44,109 - __main__ - INFO - ⏱️  TIMEOUT: 300s | PID: Starting...
2026-07-30 14:12:44,110 - __main__ - INFO - 🆔 PROCESS: PID 102363 started
2026-07-30 14:12:44,110 - __main__ - INFO - 🆔 REGISTERED: Process 102363 - which prowler...
2026-07-30 14:12:44,110 - __main__ - INFO - ⚡ PROGRESS ⠋: [[38;5;196m[38;5;240m░░░░░░░░░░░░░░░░░░░░░░░░░░░░░░[0m] [38;5;160m0.0%[0m Speed: 0 B/s | 0.0s | PID: 102363
2026-07-30 14:12:44,114 - __main__ - INFO - 🧹 CLEANUP: Process 102363 removed from registry
2026-07-30 14:12:44,114 - __main__ - WARNING - ⚠️  WARNING: Command completed with errors | Exit Code: 1 | Duration: 0.00s
2026-07-30 14:12:44,114 - __main__ - INFO - [38;5;46m[1m╭─────────────────────────────────────────────────────────────────────────────╮[0m
2026-07-30 14:12:44,114 - __main__ - INFO - [1m│[0m [38;5;196m📊 FINAL RESULTS ❌[0m
2026-07-30 14:12:44,114 - __main__ - INFO - [1m├─────────────────────────────────────────────────────────────────────────────┤[0m
2026-07-30 14:12:44,114 - __main__ - INFO - [1m│[0m [38;5;51m🚀 Command:[0m which prowler
2026-07-30 14:12:44,114 - __main__ - INFO - [1m│[0m [38;5;208m⏱️  Duration:[0m 0.00s
2026-07-30 14:12:44,114 - __main__ - INFO - [1m│[0m [38;5;208m📊 Output Size:[0m 0 bytes
2026-07-30 14:12:44,114 - __main__ - INFO - [1m│[0m [38;5;129m🔢 Exit Code:[0m 1
2026-07-30 14:12:44,114 - __main__ - INFO - [1m│[0m [38;5;196m📈 Status:[0m FAILED | Cached: Yes
2026-07-30 14:12:44,114 - __main__ - INFO - [38;5;46m[1m╰─────────────────────────────────────────────────────────────────────────────╯[0m
2026-07-30 14:12:44,114 - __main__ - INFO - 🔍 Cache MISS for command: which scout-suite
2026-07-30 14:12:44,114 - __main__ - INFO - 🚀 EXECUTING: which scout-suite
2026-07-30 14:12:44,114 - __main__ - INFO - ⏱️  TIMEOUT: 300s | PID: Starting...
2026-07-30 14:12:44,115 - __main__ - INFO - 🆔 PROCESS: PID 102368 started
2026-07-30 14:12:44,115 - __main__ - INFO - 🆔 REGISTERED: Process 102368 - which scout-suite...
2026-07-30 14:12:44,115 - __main__ - INFO - ⚡ PROGRESS ⠋: [[38;5;196m[38;5;240m░░░░░░░░░░░░░░░░░░░░░░░░░░░░░░[0m] [38;5;160m0.0%[0m Speed: 0 B/s | 0.0s | PID: 102368
2026-07-30 14:12:44,116 - __main__ - INFO - 🧹 CLEANUP: Process 102368 removed from registry
2026-07-30 14:12:44,117 - __main__ - WARNING - ⚠️  WARNING: Command completed with errors | Exit Code: 1 | Duration: 0.00s
2026-07-30 14:12:44,117 - __main__ - INFO - [38;5;46m[1m╭─────────────────────────────────────────────────────────────────────────────╮[0m
2026-07-30 14:12:44,117 - __main__ - INFO - [1m│[0m [38;5;196m📊 FINAL RESULTS ❌[0m
2026-07-30 14:12:44,117 - __main__ - INFO - [1m├─────────────────────────────────────────────────────────────────────────────┤[0m
2026-07-30 14:12:44,117 - __main__ - INFO - [1m│[0m [38;5;51m🚀 Command:[0m which scout-suite
2026-07-30 14:12:44,117 - __main__ - INFO - [1m│[0m [38;5;208m⏱️  Duration:[0m 0.00s
2026-07-30 14:12:44,117 - __main__ - INFO - [1m│[0m [38;5;208m📊 Output Size:[0m 0 bytes
2026-07-30 14:12:44,117 - __main__ - INFO - [1m│[0m [38;5;129m🔢 Exit Code:[0m 1
2026-07-30 14:12:44,117 - __main__ - INFO - [1m│[0m [38;5;196m📈 Status:[0m FAILED | Cached: Yes
2026-07-30 14:12:44,117 - __main__ - INFO - [38;5;46m[1m╰─────────────────────────────────────────────────────────────────────────────╯[0m
2026-07-30 14:12:44,117 - __main__ - INFO - 🔍 Cache MISS for command: which trivy
2026-07-30 14:12:44,117 - __main__ - INFO - 🚀 EXECUTING: which trivy
2026-07-30 14:12:44,117 - __main__ - INFO - ⏱️  TIMEOUT: 300s | PID: Starting...
2026-07-30 14:12:44,117 - __main__ - INFO - 🆔 PROCESS: PID 102373 started
2026-07-30 14:12:44,117 - __main__ - INFO - 🆔 REGISTERED: Process 102373 - which trivy...
2026-07-30 14:12:44,118 - __main__ - INFO - ⚡ PROGRESS ⠋: [[38;5;196m[38;5;240m░░░░░░░░░░░░░░░░░░░░░░░░░░░░░░[0m] [38;5;160m0.0%[0m Speed: 0 B/s | 0.0s | PID: 102373
2026-07-30 14:12:44,119 - __main__ - INFO - 🧹 CLEANUP: Process 102373 removed from registry
2026-07-30 14:12:44,119 - __main__ - WARNING - ⚠️  WARNING: Command completed with errors | Exit Code: 1 | Duration: 0.00s
2026-07-30 14:12:44,119 - __main__ - INFO - [38;5;46m[1m╭─────────────────────────────────────────────────────────────────────────────╮[0m
2026-07-30 14:12:44,119 - __main__ - INFO - [1m│[0m [38;5;196m📊 FINAL RESULTS ❌[0m
2026-07-30 14:12:44,120 - __main__ - INFO - [1m├─────────────────────────────────────────────────────────────────────────────┤[0m
2026-07-30 14:12:44,120 - __main__ - INFO - [1m│[0m [38;5;51m🚀 Command:[0m which trivy
2026-07-30 14:12:44,120 - __main__ - INFO - [1m│[0m [38;5;208m⏱️  Duration:[0m 0.00s
2026-07-30 14:12:44,120 - __main__ - INFO - [1m│[0m [38;5;208m📊 Output Size:[0m 0 bytes
2026-07-30 14:12:44,120 - __main__ - INFO - [1m│[0m [38;5;129m🔢 Exit Code:[0m 1
2026-07-30 14:12:44,120 - __main__ - INFO - [1m│[0m [38;5;196m📈 Status:[0m FAILED | Cached: Yes
2026-07-30 14:12:44,120 - __main__ - INFO - [38;5;46m[1m╰─────────────────────────────────────────────────────────────────────────────╯[0m
2026-07-30 14:12:44,120 - __main__ - INFO - 🔍 Cache MISS for command: which kube-hunter
2026-07-30 14:12:44,120 - __main__ - INFO - 🚀 EXECUTING: which kube-hunter
2026-07-30 14:12:44,120 - __main__ - INFO - ⏱️  TIMEOUT: 300s | PID: Starting...
2026-07-30 14:12:44,120 - __main__ - INFO - 🆔 PROCESS: PID 102378 started
2026-07-30 14:12:44,121 - __main__ - INFO - 🆔 REGISTERED: Process 102378 - which kube-hunter...
2026-07-30 14:12:44,121 - __main__ - INFO - ⚡ PROGRESS ⠋: [[38;5;196m[38;5;240m░░░░░░░░░░░░░░░░░░░░░░░░░░░░░░[0m] [38;5;160m0.0%[0m Speed: 0 B/s | 0.0s | PID: 102378
2026-07-30 14:12:44,122 - __main__ - INFO - 🧹 CLEANUP: Process 102378 removed from registry
2026-07-30 14:12:44,122 - __main__ - WARNING - ⚠️  WARNING: Command completed with errors | Exit Code: 1 | Duration: 0.00s
2026-07-30 14:12:44,122 - __main__ - INFO - [38;5;46m[1m╭─────────────────────────────────────────────────────────────────────────────╮[0m
2026-07-30 14:12:44,123 - __main__ - INFO - [1m│[0m [38;5;196m📊 FINAL RESULTS ❌[0m
2026-07-30 14:12:44,123 - __main__ - INFO - [1m├─────────────────────────────────────────────────────────────────────────────┤[0m
2026-07-30 14:12:44,123 - __main__ - INFO - [1m│[0m [38;5;51m🚀 Command:[0m which kube-hunter
2026-07-30 14:12:44,123 - __main__ - INFO - [1m│[0m [38;5;208m⏱️  Duration:[0m 0.00s
2026-07-30 14:12:44,123 - __main__ - INFO - [1m│[0m [38;5;208m📊 Output Size:[0m 0 bytes
2026-07-30 14:12:44,123 - __main__ - INFO - [1m│[0m [38;5;129m🔢 Exit Code:[0m 1
2026-07-30 14:12:44,123 - __main__ - INFO - [1m│[0m [38;5;196m📈 Status:[0m FAILED | Cached: Yes
2026-07-30 14:12:44,123 - __main__ - INFO - [38;5;46m[1m╰─────────────────────────────────────────────────────────────────────────────╯[0m
2026-07-30 14:12:44,123 - __main__ - INFO - 🔍 Cache MISS for command: which kube-bench
2026-07-30 14:12:44,123 - __main__ - INFO - 🚀 EXECUTING: which kube-bench
2026-07-30 14:12:44,123 - __main__ - INFO - ⏱️  TIMEOUT: 300s | PID: Starting...
2026-07-30 14:12:44,124 - __main__ - INFO - 🆔 PROCESS: PID 102383 started
2026-07-30 14:12:44,124 - __main__ - INFO - 🆔 REGISTERED: Process 102383 - which kube-bench...
2026-07-30 14:12:44,124 - __main__ - INFO - ⚡ PROGRESS ⠋: [[38;5;196m[38;5;240m░░░░░░░░░░░░░░░░░░░░░░░░░░░░░░[0m] [38;5;160m0.0%[0m Speed: 0 B/s | 0.0s | PID: 102383
2026-07-30 14:12:44,126 - __main__ - INFO - 🧹 CLEANUP: Process 102383 removed from registry
2026-07-30 14:12:44,126 - __main__ - WARNING - ⚠️  WARNING: Command completed with errors | Exit Code: 1 | Duration: 0.00s
2026-07-30 14:12:44,126 - __main__ - INFO - [38;5;46m[1m╭─────────────────────────────────────────────────────────────────────────────╮[0m
2026-07-30 14:12:44,126 - __main__ - INFO - [1m│[0m [38;5;196m📊 FINAL RESULTS ❌[0m
2026-07-30 14:12:44,126 - __main__ - INFO - [1m├─────────────────────────────────────────────────────────────────────────────┤[0m
2026-07-30 14:12:44,126 - __main__ - INFO - [1m│[0m [38;5;51m🚀 Command:[0m which kube-bench
2026-07-30 14:12:44,126 - __main__ - INFO - [1m│[0m [38;5;208m⏱️  Duration:[0m 0.00s
2026-07-30 14:12:44,126 - __main__ - INFO - [1m│[0m [38;5;208m📊 Output Size:[0m 0 bytes
2026-07-30 14:12:44,126 - __main__ - INFO - [1m│[0m [38;5;129m🔢 Exit Code:[0m 1
2026-07-30 14:12:44,126 - __main__ - INFO - [1m│[0m [38;5;196m📈 Status:[0m FAILED | Cached: Yes
2026-07-30 14:12:44,126 - __main__ - INFO - [38;5;46m[1m╰─────────────────────────────────────────────────────────────────────────────╯[0m
2026-07-30 14:12:44,126 - __main__ - INFO - 🔍 Cache MISS for command: which docker-bench-security
2026-07-30 14:12:44,126 - __main__ - INFO - 🚀 EXECUTING: which docker-bench-security
2026-07-30 14:12:44,126 - __main__ - INFO - ⏱️  TIMEOUT: 300s | PID: Starting...
2026-07-30 14:12:44,126 - __main__ - INFO - 🆔 PROCESS: PID 102388 started
2026-07-30 14:12:44,127 - __main__ - INFO - 🆔 REGISTERED: Process 102388 - which docker-bench-security...
2026-07-30 14:12:44,127 - __main__ - INFO - ⚡ PROGRESS ⠋: [[38;5;196m[38;5;240m░░░░░░░░░░░░░░░░░░░░░░░░░░░░░░[0m] [38;5;160m0.0%[0m Speed: 0 B/s | 0.0s | PID: 102388
2026-07-30 14:12:44,128 - __main__ - INFO - 🧹 CLEANUP: Process 102388 removed from registry
2026-07-30 14:12:44,128 - __main__ - WARNING - ⚠️  WARNING: Command completed with errors | Exit Code: 1 | Duration: 0.00s
2026-07-30 14:12:44,129 - __main__ - INFO - [38;5;46m[1m╭─────────────────────────────────────────────────────────────────────────────╮[0m
2026-07-30 14:12:44,129 - __main__ - INFO - [1m│[0m [38;5;196m📊 FINAL RESULTS ❌[0m
2026-07-30 14:12:44,129 - __main__ - INFO - [1m├─────────────────────────────────────────────────────────────────────────────┤[0m
2026-07-30 14:12:44,129 - __main__ - INFO - [1m│[0m [38;5;51m🚀 Command:[0m which docker-bench-security
2026-07-30 14:12:44,129 - __main__ - INFO - [1m│[0m [38;5;208m⏱️  Duration:[0m 0.00s
2026-07-30 14:12:44,129 - __main__ - INFO - [1m│[0m [38;5;208m📊 Output Size:[0m 0 bytes
2026-07-30 14:12:44,129 - __main__ - INFO - [1m│[0m [38;5;129m🔢 Exit Code:[0m 1
2026-07-30 14:12:44,129 - __main__ - INFO - [1m│[0m [38;5;196m📈 Status:[0m FAILED | Cached: Yes
2026-07-30 14:12:44,129 - __main__ - INFO - [38;5;46m[1m╰─────────────────────────────────────────────────────────────────────────────╯[0m
2026-07-30 14:12:44,129 - __main__ - INFO - 🔍 Cache MISS for command: which checkov
2026-07-30 14:12:44,129 - __main__ - INFO - 🚀 EXECUTING: which checkov
2026-07-30 14:12:44,129 - __main__ - INFO - ⏱️  TIMEOUT: 300s | PID: Starting...
2026-07-30 14:12:44,130 - __main__ - INFO - 🆔 PROCESS: PID 102393 started
2026-07-30 14:12:44,130 - __main__ - INFO - 🆔 REGISTERED: Process 102393 - which checkov...
2026-07-30 14:12:44,130 - __main__ - INFO - ⚡ PROGRESS ⠋: [[38;5;196m[38;5;240m░░░░░░░░░░░░░░░░░░░░░░░░░░░░░░[0m] [38;5;160m0.0%[0m Speed: 0 B/s | 0.0s | PID: 102393
2026-07-30 14:12:44,132 - __main__ - INFO - 🧹 CLEANUP: Process 102393 removed from registry
2026-07-30 14:12:44,132 - __main__ - WARNING - ⚠️  WARNING: Command completed with errors | Exit Code: 1 | Duration: 0.00s
2026-07-30 14:12:44,132 - __main__ - INFO - [38;5;46m[1m╭─────────────────────────────────────────────────────────────────────────────╮[0m
2026-07-30 14:12:44,132 - __main__ - INFO - [1m│[0m [38;5;196m📊 FINAL RESULTS ❌[0m
2026-07-30 14:12:44,132 - __main__ - INFO - [1m├─────────────────────────────────────────────────────────────────────────────┤[0m
2026-07-30 14:12:44,132 - __main__ - INFO - [1m│[0m [38;5;51m🚀 Command:[0m which checkov
2026-07-30 14:12:44,132 - __main__ - INFO - [1m│[0m [38;5;208m⏱️  Duration:[0m 0.00s
2026-07-30 14:12:44,132 - __main__ - INFO - [1m│[0m [38;5;208m📊 Output Size:[0m 0 bytes
2026-07-30 14:12:44,132 - __main__ - INFO - [1m│[0m [38;5;129m🔢 Exit Code:[0m 1
2026-07-30 14:12:44,132 - __main__ - INFO - [1m│[0m [38;5;196m📈 Status:[0m FAILED | Cached: Yes
2026-07-30 14:12:44,132 - __main__ - INFO - [38;5;46m[1m╰─────────────────────────────────────────────────────────────────────────────╯[0m
2026-07-30 14:12:44,133 - __main__ - INFO - 🔍 Cache MISS for command: which terrascan
2026-07-30 14:12:44,133 - __main__ - INFO - 🚀 EXECUTING: which terrascan
2026-07-30 14:12:44,133 - __main__ - INFO - ⏱️  TIMEOUT: 300s | PID: Starting...
2026-07-30 14:12:44,133 - __main__ - INFO - 🆔 PROCESS: PID 102398 started
2026-07-30 14:12:44,133 - __main__ - INFO - 🆔 REGISTERED: Process 102398 - which terrascan...
2026-07-30 14:12:44,134 - __main__ - INFO - ⚡ PROGRESS ⠋: [[38;5;196m[38;5;240m░░░░░░░░░░░░░░░░░░░░░░░░░░░░░░[0m] [38;5;160m0.0%[0m Speed: 0 B/s | 0.0s | PID: 102398
2026-07-30 14:12:44,135 - __main__ - INFO - 🧹 CLEANUP: Process 102398 removed from registry
2026-07-30 14:12:44,135 - __main__ - WARNING - ⚠️  WARNING: Command completed with errors | Exit Code: 1 | Duration: 0.00s
2026-07-30 14:12:44,135 - __main__ - INFO - [38;5;46m[1m╭─────────────────────────────────────────────────────────────────────────────╮[0m
2026-07-30 14:12:44,135 - __main__ - INFO - [1m│[0m [38;5;196m📊 FINAL RESULTS ❌[0m
2026-07-30 14:12:44,135 - __main__ - INFO - [1m├─────────────────────────────────────────────────────────────────────────────┤[0m
2026-07-30 14:12:44,135 - __main__ - INFO - [1m│[0m [38;5;51m🚀 Command:[0m which terrascan
2026-07-30 14:12:44,135 - __main__ - INFO - [1m│[0m [38;5;208m⏱️  Duration:[0m 0.00s
2026-07-30 14:12:44,135 - __main__ - INFO - [1m│[0m [38;5;208m📊 Output Size:[0m 0 bytes
2026-07-30 14:12:44,135 - __main__ - INFO - [1m│[0m [38;5;129m🔢 Exit Code:[0m 1
2026-07-30 14:12:44,135 - __main__ - INFO - [1m│[0m [38;5;196m📈 Status:[0m FAILED | Cached: Yes
2026-07-30 14:12:44,135 - __main__ - INFO - [38;5;46m[1m╰─────────────────────────────────────────────────────────────────────────────╯[0m
2026-07-30 14:12:44,135 - __main__ - INFO - 🔍 Cache MISS for command: which falco
2026-07-30 14:12:44,135 - __main__ - INFO - 🚀 EXECUTING: which falco
2026-07-30 14:12:44,135 - __main__ - INFO - ⏱️  TIMEOUT: 300s | PID: Starting...
2026-07-30 14:12:44,136 - __main__ - INFO - 🆔 PROCESS: PID 102403 started
2026-07-30 14:12:44,136 - __main__ - INFO - 🆔 REGISTERED: Process 102403 - which falco...
2026-07-30 14:12:44,137 - __main__ - INFO - ⚡ PROGRESS ⠋: [[38;5;196m[38;5;240m░░░░░░░░░░░░░░░░░░░░░░░░░░░░░░[0m] [38;5;160m0.0%[0m Speed: 0 B/s | 0.0s | PID: 102403
2026-07-30 14:12:44,138 - __main__ - INFO - 🧹 CLEANUP: Process 102403 removed from registry
2026-07-30 14:12:44,138 - __main__ - WARNING - ⚠️  WARNING: Command completed with errors | Exit Code: 1 | Duration: 0.00s
2026-07-30 14:12:44,138 - __main__ - INFO - [38;5;46m[1m╭─────────────────────────────────────────────────────────────────────────────╮[0m
2026-07-30 14:12:44,138 - __main__ - INFO - [1m│[0m [38;5;196m📊 FINAL RESULTS ❌[0m
2026-07-30 14:12:44,138 - __main__ - INFO - [1m├─────────────────────────────────────────────────────────────────────────────┤[0m
2026-07-30 14:12:44,138 - __main__ - INFO - [1m│[0m [38;5;51m🚀 Command:[0m which falco
2026-07-30 14:12:44,138 - __main__ - INFO - [1m│[0m [38;5;208m⏱️  Duration:[0m 0.00s
2026-07-30 14:12:44,138 - __main__ - INFO - [1m│[0m [38;5;208m📊 Output Size:[0m 0 bytes
2026-07-30 14:12:44,138 - __main__ - INFO - [1m│[0m [38;5;129m🔢 Exit Code:[0m 1
2026-07-30 14:12:44,138 - __main__ - INFO - [1m│[0m [38;5;196m📈 Status:[0m FAILED | Cached: Yes
2026-07-30 14:12:44,138 - __main__ - INFO - [38;5;46m[1m╰─────────────────────────────────────────────────────────────────────────────╯[0m
2026-07-30 14:12:44,139 - __main__ - INFO - 🔍 Cache MISS for command: which clair
2026-07-30 14:12:44,139 - __main__ - INFO - 🚀 EXECUTING: which clair
2026-07-30 14:12:44,139 - __main__ - INFO - ⏱️  TIMEOUT: 300s | PID: Starting...
2026-07-30 14:12:44,139 - __main__ - INFO - 🆔 PROCESS: PID 102408 started
2026-07-30 14:12:44,139 - __main__ - INFO - 🆔 REGISTERED: Process 102408 - which clair...
2026-07-30 14:12:44,140 - __main__ - INFO - ⚡ PROGRESS ⠋: [[38;5;196m[38;5;240m░░░░░░░░░░░░░░░░░░░░░░░░░░░░░░[0m] [38;5;160m0.0%[0m Speed: 0 B/s | 0.0s | PID: 102408
2026-07-30 14:12:44,141 - __main__ - INFO - 🧹 CLEANUP: Process 102408 removed from registry
2026-07-30 14:12:44,141 - __main__ - WARNING - ⚠️  WARNING: Command completed with errors | Exit Code: 1 | Duration: 0.00s
2026-07-30 14:12:44,141 - __main__ - INFO - [38;5;46m[1m╭─────────────────────────────────────────────────────────────────────────────╮[0m
2026-07-30 14:12:44,141 - __main__ - INFO - [1m│[0m [38;5;196m📊 FINAL RESULTS ❌[0m
2026-07-30 14:12:44,141 - __main__ - INFO - [1m├─────────────────────────────────────────────────────────────────────────────┤[0m
2026-07-30 14:12:44,141 - __main__ - INFO - [1m│[0m [38;5;51m🚀 Command:[0m which clair
2026-07-30 14:12:44,141 - __main__ - INFO - [1m│[0m [38;5;208m⏱️  Duration:[0m 0.00s
2026-07-30 14:12:44,141 - __main__ - INFO - [1m│[0m [38;5;208m📊 Output Size:[0m 0 bytes
2026-07-30 14:12:44,141 - __main__ - INFO - [1m│[0m [38;5;129m🔢 Exit Code:[0m 1
2026-07-30 14:12:44,141 - __main__ - INFO - [1m│[0m [38;5;196m📈 Status:[0m FAILED | Cached: Yes
2026-07-30 14:12:44,141 - __main__ - INFO - [38;5;46m[1m╰─────────────────────────────────────────────────────────────────────────────╯[0m
2026-07-30 14:12:44,141 - __main__ - INFO - 🔍 Cache MISS for command: which amass
2026-07-30 14:12:44,141 - __main__ - INFO - 🚀 EXECUTING: which amass
2026-07-30 14:12:44,141 - __main__ - INFO - ⏱️  TIMEOUT: 300s | PID: Starting...
2026-07-30 14:12:44,142 - __main__ - INFO - 🆔 PROCESS: PID 102413 started
2026-07-30 14:12:44,142 - __main__ - INFO - 🆔 REGISTERED: Process 102413 - which amass...
2026-07-30 14:12:44,142 - __main__ - INFO - ⚡ PROGRESS ⠋: [[38;5;196m[38;5;240m░░░░░░░░░░░░░░░░░░░░░░░░░░░░░░[0m] [38;5;160m0.0%[0m Speed: 0 B/s | 0.0s | PID: 102413
2026-07-30 14:12:44,143 - __main__ - INFO - 📤 STDOUT: /usr/bin/amass
2026-07-30 14:12:44,143 - __main__ - INFO - 🧹 CLEANUP: Process 102413 removed from registry
2026-07-30 14:12:44,144 - __main__ - INFO - ✅ SUCCESS: Command completed | Exit Code: 0 | Duration: 0.00s
2026-07-30 14:12:44,144 - __main__ - INFO - [38;5;46m[1m╭─────────────────────────────────────────────────────────────────────────────╮[0m
2026-07-30 14:12:44,144 - __main__ - INFO - [1m│[0m [38;5;46m📊 FINAL RESULTS ✅[0m
2026-07-30 14:12:44,144 - __main__ - INFO - [1m├─────────────────────────────────────────────────────────────────────────────┤[0m
2026-07-30 14:12:44,144 - __main__ - INFO - [1m│[0m [38;5;51m🚀 Command:[0m which amass
2026-07-30 14:12:44,144 - __main__ - INFO - [1m│[0m [38;5;208m⏱️  Duration:[0m 0.00s
2026-07-30 14:12:44,144 - __main__ - INFO - [1m│[0m [38;5;208m📊 Output Size:[0m 15 bytes
2026-07-30 14:12:44,144 - __main__ - INFO - [1m│[0m [38;5;129m🔢 Exit Code:[0m 0
2026-07-30 14:12:44,144 - __main__ - INFO - [1m│[0m [38;5;46m📈 Status:[0m SUCCESS | Cached: Yes
2026-07-30 14:12:44,144 - __main__ - INFO - [38;5;46m[1m╰─────────────────────────────────────────────────────────────────────────────╯[0m
2026-07-30 14:12:44,144 - __main__ - INFO - 💾 Cached result for command: which amass
2026-07-30 14:12:44,144 - __main__ - INFO - 🔍 Cache MISS for command: which subfinder
2026-07-30 14:12:44,145 - __main__ - INFO - 🚀 EXECUTING: which subfinder
2026-07-30 14:12:44,145 - __main__ - INFO - ⏱️  TIMEOUT: 300s | PID: Starting...
2026-07-30 14:12:44,145 - __main__ - INFO - 🆔 PROCESS: PID 102418 started
2026-07-30 14:12:44,145 - __main__ - INFO - 🆔 REGISTERED: Process 102418 - which subfinder...
2026-07-30 14:12:44,146 - __main__ - INFO - ⚡ PROGRESS ⠋: [[38;5;196m[38;5;240m░░░░░░░░░░░░░░░░░░░░░░░░░░░░░░[0m] [38;5;160m0.0%[0m Speed: 0 B/s | 0.0s | PID: 102418
2026-07-30 14:12:44,147 - __main__ - INFO - 🧹 CLEANUP: Process 102418 removed from registry
2026-07-30 14:12:44,147 - __main__ - WARNING - ⚠️  WARNING: Command completed with errors | Exit Code: 1 | Duration: 0.00s
2026-07-30 14:12:44,147 - __main__ - INFO - [38;5;46m[1m╭─────────────────────────────────────────────────────────────────────────────╮[0m
2026-07-30 14:12:44,147 - __main__ - INFO - [1m│[0m [38;5;196m📊 FINAL RESULTS ❌[0m
2026-07-30 14:12:44,147 - __main__ - INFO - [1m├─────────────────────────────────────────────────────────────────────────────┤[0m
2026-07-30 14:12:44,147 - __main__ - INFO - [1m│[0m [38;5;51m🚀 Command:[0m which subfinder
2026-07-30 14:12:44,147 - __main__ - INFO - [1m│[0m [38;5;208m⏱️  Duration:[0m 0.00s
2026-07-30 14:12:44,147 - __main__ - INFO - [1m│[0m [38;5;208m📊 Output Size:[0m 0 bytes
2026-07-30 14:12:44,147 - __main__ - INFO - [1m│[0m [38;5;129m🔢 Exit Code:[0m 1
2026-07-30 14:12:44,147 - __main__ - INFO - [1m│[0m [38;5;196m📈 Status:[0m FAILED | Cached: Yes
2026-07-30 14:12:44,147 - __main__ - INFO - [38;5;46m[1m╰─────────────────────────────────────────────────────────────────────────────╯[0m
2026-07-30 14:12:44,147 - __main__ - INFO - 🔍 Cache MISS for command: which fierce
2026-07-30 14:12:44,147 - __main__ - INFO - 🚀 EXECUTING: which fierce
2026-07-30 14:12:44,148 - __main__ - INFO - ⏱️  TIMEOUT: 300s | PID: Starting...
2026-07-30 14:12:44,148 - __main__ - INFO - 🆔 PROCESS: PID 102423 started
2026-07-30 14:12:44,148 - __main__ - INFO - 🆔 REGISTERED: Process 102423 - which fierce...
2026-07-30 14:12:44,149 - __main__ - INFO - ⚡ PROGRESS ⠋: [[38;5;196m[38;5;240m░░░░░░░░░░░░░░░░░░░░░░░░░░░░░░[0m] [38;5;160m0.0%[0m Speed: 0 B/s | 0.0s | PID: 102423
2026-07-30 14:12:44,149 - __main__ - INFO - 📤 STDOUT: /usr/bin/fierce
2026-07-30 14:12:44,150 - __main__ - INFO - 🧹 CLEANUP: Process 102423 removed from registry
2026-07-30 14:12:44,150 - __main__ - INFO - ✅ SUCCESS: Command completed | Exit Code: 0 | Duration: 0.00s
2026-07-30 14:12:44,150 - __main__ - INFO - [38;5;46m[1m╭─────────────────────────────────────────────────────────────────────────────╮[0m
2026-07-30 14:12:44,150 - __main__ - INFO - [1m│[0m [38;5;46m📊 FINAL RESULTS ✅[0m
2026-07-30 14:12:44,150 - __main__ - INFO - [1m├─────────────────────────────────────────────────────────────────────────────┤[0m
2026-07-30 14:12:44,150 - __main__ - INFO - [1m│[0m [38;5;51m🚀 Command:[0m which fierce
2026-07-30 14:12:44,150 - __main__ - INFO - [1m│[0m [38;5;208m⏱️  Duration:[0m 0.00s
2026-07-30 14:12:44,150 - __main__ - INFO - [1m│[0m [38;5;208m📊 Output Size:[0m 16 bytes
2026-07-30 14:12:44,150 - __main__ - INFO - [1m│[0m [38;5;129m🔢 Exit Code:[0m 0
2026-07-30 14:12:44,150 - __main__ - INFO - [1m│[0m [38;5;46m📈 Status:[0m SUCCESS | Cached: Yes
2026-07-30 14:12:44,150 - __main__ - INFO - [38;5;46m[1m╰─────────────────────────────────────────────────────────────────────────────╯[0m
2026-07-30 14:12:44,150 - __main__ - INFO - 💾 Cached result for command: which fierce
2026-07-30 14:12:44,150 - __main__ - INFO - 🔍 Cache MISS for command: which dnsenum
2026-07-30 14:12:44,150 - __main__ - INFO - 🚀 EXECUTING: which dnsenum
2026-07-30 14:12:44,150 - __main__ - INFO - ⏱️  TIMEOUT: 300s | PID: Starting...
2026-07-30 14:12:44,151 - __main__ - INFO - 🆔 PROCESS: PID 102428 started
2026-07-30 14:12:44,151 - __main__ - INFO - 🆔 REGISTERED: Process 102428 - which dnsenum...
2026-07-30 14:12:44,151 - __main__ - INFO - ⚡ PROGRESS ⠋: [[38;5;196m[38;5;240m░░░░░░░░░░░░░░░░░░░░░░░░░░░░░░[0m] [38;5;160m0.0%[0m Speed: 0 B/s | 0.0s | PID: 102428
2026-07-30 14:12:44,152 - __main__ - INFO - 📤 STDOUT: /usr/bin/dnsenum
2026-07-30 14:12:44,152 - __main__ - INFO - 🧹 CLEANUP: Process 102428 removed from registry
2026-07-30 14:12:44,152 - __main__ - INFO - ✅ SUCCESS: Command completed | Exit Code: 0 | Duration: 0.00s
2026-07-30 14:12:44,153 - __main__ - INFO - [38;5;46m[1m╭─────────────────────────────────────────────────────────────────────────────╮[0m
2026-07-30 14:12:44,153 - __main__ - INFO - [1m│[0m [38;5;46m📊 FINAL RESULTS ✅[0m
2026-07-30 14:12:44,153 - __main__ - INFO - [1m├─────────────────────────────────────────────────────────────────────────────┤[0m
2026-07-30 14:12:44,153 - __main__ - INFO - [1m│[0m [38;5;51m🚀 Command:[0m which dnsenum
2026-07-30 14:12:44,153 - __main__ - INFO - [1m│[0m [38;5;208m⏱️  Duration:[0m 0.00s
2026-07-30 14:12:44,153 - __main__ - INFO - [1m│[0m [38;5;208m📊 Output Size:[0m 17 bytes
2026-07-30 14:12:44,153 - __main__ - INFO - [1m│[0m [38;5;129m🔢 Exit Code:[0m 0
2026-07-30 14:12:44,153 - __main__ - INFO - [1m│[0m [38;5;46m📈 Status:[0m SUCCESS | Cached: Yes
2026-07-30 14:12:44,153 - __main__ - INFO - [38;5;46m[1m╰─────────────────────────────────────────────────────────────────────────────╯[0m
2026-07-30 14:12:44,153 - __main__ - INFO - 💾 Cached result for command: which dnsenum
2026-07-30 14:12:44,153 - __main__ - INFO - 🔍 Cache MISS for command: which theharvester
2026-07-30 14:12:44,153 - __main__ - INFO - 🚀 EXECUTING: which theharvester
2026-07-30 14:12:44,153 - __main__ - INFO - ⏱️  TIMEOUT: 300s | PID: Starting...
2026-07-30 14:12:44,153 - __main__ - INFO - 🆔 PROCESS: PID 102433 started
2026-07-30 14:12:44,153 - __main__ - INFO - 🆔 REGISTERED: Process 102433 - which theharvester...
2026-07-30 14:12:44,154 - __main__ - INFO - ⚡ PROGRESS ⠋: [[38;5;196m[38;5;240m░░░░░░░░░░░░░░░░░░░░░░░░░░░░░░[0m] [38;5;160m0.0%[0m Speed: 0 B/s | 0.0s | PID: 102433
2026-07-30 14:12:44,154 - __main__ - INFO - 📤 STDOUT: /usr/bin/theharvester
2026-07-30 14:12:44,156 - __main__ - INFO - 🧹 CLEANUP: Process 102433 removed from registry
2026-07-30 14:12:44,156 - __main__ - INFO - ✅ SUCCESS: Command completed | Exit Code: 0 | Duration: 0.00s
2026-07-30 14:12:44,156 - __main__ - INFO - [38;5;46m[1m╭─────────────────────────────────────────────────────────────────────────────╮[0m
2026-07-30 14:12:44,156 - __main__ - INFO - [1m│[0m [38;5;46m📊 FINAL RESULTS ✅[0m
2026-07-30 14:12:44,156 - __main__ - INFO - [1m├─────────────────────────────────────────────────────────────────────────────┤[0m
2026-07-30 14:12:44,156 - __main__ - INFO - [1m│[0m [38;5;51m🚀 Command:[0m which theharvester
2026-07-30 14:12:44,156 - __main__ - INFO - [1m│[0m [38;5;208m⏱️  Duration:[0m 0.00s
2026-07-30 14:12:44,156 - __main__ - INFO - [1m│[0m [38;5;208m📊 Output Size:[0m 22 bytes
2026-07-30 14:12:44,156 - __main__ - INFO - [1m│[0m [38;5;129m🔢 Exit Code:[0m 0
2026-07-30 14:12:44,156 - __main__ - INFO - [1m│[0m [38;5;46m📈 Status:[0m SUCCESS | Cached: Yes
2026-07-30 14:12:44,156 - __main__ - INFO - [38;5;46m[1m╰─────────────────────────────────────────────────────────────────────────────╯[0m
2026-07-30 14:12:44,156 - __main__ - INFO - 💾 Cached result for command: which theharvester
2026-07-30 14:12:44,156 - __main__ - INFO - 🔍 Cache MISS for command: which sherlock
2026-07-30 14:12:44,156 - __main__ - INFO - 🚀 EXECUTING: which sherlock
2026-07-30 14:12:44,156 - __main__ - INFO - ⏱️  TIMEOUT: 300s | PID: Starting...
2026-07-30 14:12:44,157 - __main__ - INFO - 🆔 PROCESS: PID 102438 started
2026-07-30 14:12:44,157 - __main__ - INFO - 🆔 REGISTERED: Process 102438 - which sherlock...
2026-07-30 14:12:44,158 - __main__ - INFO - ⚡ PROGRESS ⠋: [[38;5;196m[38;5;240m░░░░░░░░░░░░░░░░░░░░░░░░░░░░░░[0m] [38;5;160m0.0%[0m Speed: 0 B/s | 0.0s | PID: 102438
2026-07-30 14:12:44,159 - __main__ - INFO - 🧹 CLEANUP: Process 102438 removed from registry
2026-07-30 14:12:44,159 - __main__ - WARNING - ⚠️  WARNING: Command completed with errors | Exit Code: 1 | Duration: 0.00s
2026-07-30 14:12:44,159 - __main__ - INFO - [38;5;46m[1m╭─────────────────────────────────────────────────────────────────────────────╮[0m
2026-07-30 14:12:44,159 - __main__ - INFO - [1m│[0m [38;5;196m📊 FINAL RESULTS ❌[0m
2026-07-30 14:12:44,159 - __main__ - INFO - [1m├─────────────────────────────────────────────────────────────────────────────┤[0m
2026-07-30 14:12:44,159 - __main__ - INFO - [1m│[0m [38;5;51m🚀 Command:[0m which sherlock
2026-07-30 14:12:44,159 - __main__ - INFO - [1m│[0m [38;5;208m⏱️  Duration:[0m 0.00s
2026-07-30 14:12:44,159 - __main__ - INFO - [1m│[0m [38;5;208m📊 Output Size:[0m 0 bytes
2026-07-30 14:12:44,159 - __main__ - INFO - [1m│[0m [38;5;129m🔢 Exit Code:[0m 1
2026-07-30 14:12:44,159 - __main__ - INFO - [1m│[0m [38;5;196m📈 Status:[0m FAILED | Cached: Yes
2026-07-30 14:12:44,159 - __main__ - INFO - [38;5;46m[1m╰─────────────────────────────────────────────────────────────────────────────╯[0m
2026-07-30 14:12:44,159 - __main__ - INFO - 🔍 Cache MISS for command: which social-analyzer
2026-07-30 14:12:44,159 - __main__ - INFO - 🚀 EXECUTING: which social-analyzer
2026-07-30 14:12:44,159 - __main__ - INFO - ⏱️  TIMEOUT: 300s | PID: Starting...
2026-07-30 14:12:44,160 - __main__ - INFO - 🆔 PROCESS: PID 102443 started
2026-07-30 14:12:44,160 - __main__ - INFO - 🆔 REGISTERED: Process 102443 - which social-analyzer...
2026-07-30 14:12:44,161 - __main__ - INFO - ⚡ PROGRESS ⠋: [[38;5;196m[38;5;240m░░░░░░░░░░░░░░░░░░░░░░░░░░░░░░[0m] [38;5;160m0.0%[0m Speed: 0 B/s | 0.0s | PID: 102443
2026-07-30 14:12:44,162 - __main__ - INFO - 🧹 CLEANUP: Process 102443 removed from registry
2026-07-30 14:12:44,162 - __main__ - WARNING - ⚠️  WARNING: Command completed with errors | Exit Code: 1 | Duration: 0.00s
2026-07-30 14:12:44,162 - __main__ - INFO - [38;5;46m[1m╭─────────────────────────────────────────────────────────────────────────────╮[0m
2026-07-30 14:12:44,162 - __main__ - INFO - [1m│[0m [38;5;196m📊 FINAL RESULTS ❌[0m
2026-07-30 14:12:44,162 - __main__ - INFO - [1m├─────────────────────────────────────────────────────────────────────────────┤[0m
2026-07-30 14:12:44,162 - __main__ - INFO - [1m│[0m [38;5;51m🚀 Command:[0m which social-analyzer
2026-07-30 14:12:44,162 - __main__ - INFO - [1m│[0m [38;5;208m⏱️  Duration:[0m 0.00s
2026-07-30 14:12:44,162 - __main__ - INFO - [1m│[0m [38;5;208m📊 Output Size:[0m 0 bytes
2026-07-30 14:12:44,162 - __main__ - INFO - [1m│[0m [38;5;129m🔢 Exit Code:[0m 1
2026-07-30 14:12:44,162 - __main__ - INFO - [1m│[0m [38;5;196m📈 Status:[0m FAILED | Cached: Yes
2026-07-30 14:12:44,162 - __main__ - INFO - [38;5;46m[1m╰─────────────────────────────────────────────────────────────────────────────╯[0m
2026-07-30 14:12:44,162 - __main__ - INFO - 🔍 Cache MISS for command: which recon-ng
2026-07-30 14:12:44,162 - __main__ - INFO - 🚀 EXECUTING: which recon-ng
2026-07-30 14:12:44,163 - __main__ - INFO - ⏱️  TIMEOUT: 300s | PID: Starting...
2026-07-30 14:12:44,163 - __main__ - INFO - 🆔 PROCESS: PID 102448 started
2026-07-30 14:12:44,163 - __main__ - INFO - 🆔 REGISTERED: Process 102448 - which recon-ng...
2026-07-30 14:12:44,163 - __main__ - INFO - ⚡ PROGRESS ⠋: [[38;5;196m[38;5;240m░░░░░░░░░░░░░░░░░░░░░░░░░░░░░░[0m] [38;5;160m0.0%[0m Speed: 0 B/s | 0.0s | PID: 102448
2026-07-30 14:12:44,164 - __main__ - INFO - 📤 STDOUT: /usr/bin/recon-ng
2026-07-30 14:12:44,165 - __main__ - INFO - 🧹 CLEANUP: Process 102448 removed from registry
2026-07-30 14:12:44,165 - __main__ - INFO - ✅ SUCCESS: Command completed | Exit Code: 0 | Duration: 0.00s
2026-07-30 14:12:44,165 - __main__ - INFO - [38;5;46m[1m╭─────────────────────────────────────────────────────────────────────────────╮[0m
2026-07-30 14:12:44,165 - __main__ - INFO - [1m│[0m [38;5;46m📊 FINAL RESULTS ✅[0m
2026-07-30 14:12:44,165 - __main__ - INFO - [1m├─────────────────────────────────────────────────────────────────────────────┤[0m
2026-07-30 14:12:44,165 - __main__ - INFO - [1m│[0m [38;5;51m🚀 Command:[0m which recon-ng
2026-07-30 14:12:44,165 - __main__ - INFO - [1m│[0m [38;5;208m⏱️  Duration:[0m 0.00s
2026-07-30 14:12:44,165 - __main__ - INFO - [1m│[0m [38;5;208m📊 Output Size:[0m 18 bytes
2026-07-30 14:12:44,165 - __main__ - INFO - [1m│[0m [38;5;129m🔢 Exit Code:[0m 0
2026-07-30 14:12:44,165 - __main__ - INFO - [1m│[0m [38;5;46m📈 Status:[0m SUCCESS | Cached: Yes
2026-07-30 14:12:44,165 - __main__ - INFO - [38;5;46m[1m╰─────────────────────────────────────────────────────────────────────────────╯[0m
2026-07-30 14:12:44,165 - __main__ - INFO - 💾 Cached result for command: which recon-ng
2026-07-30 14:12:44,165 - __main__ - INFO - 🔍 Cache MISS for command: which maltego
2026-07-30 14:12:44,165 - __main__ - INFO - 🚀 EXECUTING: which maltego
2026-07-30 14:12:44,165 - __main__ - INFO - ⏱️  TIMEOUT: 300s | PID: Starting...
2026-07-30 14:12:44,165 - __main__ - INFO - 🆔 PROCESS: PID 102453 started
2026-07-30 14:12:44,165 - __main__ - INFO - 🆔 REGISTERED: Process 102453 - which maltego...
2026-07-30 14:12:44,166 - __main__ - INFO - ⚡ PROGRESS ⠋: [[38;5;196m[38;5;240m░░░░░░░░░░░░░░░░░░░░░░░░░░░░░░[0m] [38;5;160m0.0%[0m Speed: 0 B/s | 0.0s | PID: 102453
2026-07-30 14:12:44,167 - __main__ - INFO - 🧹 CLEANUP: Process 102453 removed from registry
2026-07-30 14:12:44,167 - __main__ - WARNING - ⚠️  WARNING: Command completed with errors | Exit Code: 1 | Duration: 0.00s
2026-07-30 14:12:44,167 - __main__ - INFO - [38;5;46m[1m╭─────────────────────────────────────────────────────────────────────────────╮[0m
2026-07-30 14:12:44,167 - __main__ - INFO - [1m│[0m [38;5;196m📊 FINAL RESULTS ❌[0m
2026-07-30 14:12:44,167 - __main__ - INFO - [1m├─────────────────────────────────────────────────────────────────────────────┤[0m
2026-07-30 14:12:44,167 - __main__ - INFO - [1m│[0m [38;5;51m🚀 Command:[0m which maltego
2026-07-30 14:12:44,167 - __main__ - INFO - [1m│[0m [38;5;208m⏱️  Duration:[0m 0.00s
2026-07-30 14:12:44,167 - __main__ - INFO - [1m│[0m [38;5;208m📊 Output Size:[0m 0 bytes
2026-07-30 14:12:44,167 - __main__ - INFO - [1m│[0m [38;5;129m🔢 Exit Code:[0m 1
2026-07-30 14:12:44,168 - __main__ - INFO - [1m│[0m [38;5;196m📈 Status:[0m FAILED | Cached: Yes
2026-07-30 14:12:44,168 - __main__ - INFO - [38;5;46m[1m╰─────────────────────────────────────────────────────────────────────────────╯[0m
2026-07-30 14:12:44,168 - __main__ - INFO - 🔍 Cache MISS for command: which spiderfoot
2026-07-30 14:12:44,168 - __main__ - INFO - 🚀 EXECUTING: which spiderfoot
2026-07-30 14:12:44,168 - __main__ - INFO - ⏱️  TIMEOUT: 300s | PID: Starting...
2026-07-30 14:12:44,168 - __main__ - INFO - 🆔 PROCESS: PID 102458 started
2026-07-30 14:12:44,168 - __main__ - INFO - 🆔 REGISTERED: Process 102458 - which spiderfoot...
2026-07-30 14:12:44,169 - __main__ - INFO - ⚡ PROGRESS ⠋: [[38;5;196m[38;5;240m░░░░░░░░░░░░░░░░░░░░░░░░░░░░░░[0m] [38;5;160m0.0%[0m Speed: 0 B/s | 0.0s | PID: 102458
2026-07-30 14:12:44,169 - __main__ - INFO - 📤 STDOUT: /usr/bin/spiderfoot
2026-07-30 14:12:44,170 - __main__ - INFO - 🧹 CLEANUP: Process 102458 removed from registry
2026-07-30 14:12:44,170 - __main__ - INFO - ✅ SUCCESS: Command completed | Exit Code: 0 | Duration: 0.00s
2026-07-30 14:12:44,170 - __main__ - INFO - [38;5;46m[1m╭─────────────────────────────────────────────────────────────────────────────╮[0m
2026-07-30 14:12:44,170 - __main__ - INFO - [1m│[0m [38;5;46m📊 FINAL RESULTS ✅[0m
2026-07-30 14:12:44,170 - __main__ - INFO - [1m├─────────────────────────────────────────────────────────────────────────────┤[0m
2026-07-30 14:12:44,170 - __main__ - INFO - [1m│[0m [38;5;51m🚀 Command:[0m which spiderfoot
2026-07-30 14:12:44,170 - __main__ - INFO - [1m│[0m [38;5;208m⏱️  Duration:[0m 0.00s
2026-07-30 14:12:44,170 - __main__ - INFO - [1m│[0m [38;5;208m📊 Output Size:[0m 20 bytes
2026-07-30 14:12:44,170 - __main__ - INFO - [1m│[0m [38;5;129m🔢 Exit Code:[0m 0
2026-07-30 14:12:44,170 - __main__ - INFO - [1m│[0m [38;5;46m📈 Status:[0m SUCCESS | Cached: Yes
2026-07-30 14:12:44,170 - __main__ - INFO - [38;5;46m[1m╰─────────────────────────────────────────────────────────────────────────────╯[0m
2026-07-30 14:12:44,170 - __main__ - INFO - 💾 Cached result for command: which spiderfoot
2026-07-30 14:12:44,171 - __main__ - INFO - 🔍 Cache MISS for command: which shodan-cli
2026-07-30 14:12:44,171 - __main__ - INFO - 🚀 EXECUTING: which shodan-cli
2026-07-30 14:12:44,171 - __main__ - INFO - ⏱️  TIMEOUT: 300s | PID: Starting...
2026-07-30 14:12:44,171 - __main__ - INFO - 🆔 PROCESS: PID 102463 started
2026-07-30 14:12:44,171 - __main__ - INFO - 🆔 REGISTERED: Process 102463 - which shodan-cli...
2026-07-30 14:12:44,172 - __main__ - INFO - ⚡ PROGRESS ⠋: [[38;5;196m[38;5;240m░░░░░░░░░░░░░░░░░░░░░░░░░░░░░░[0m] [38;5;160m0.0%[0m Speed: 0 B/s | 0.0s | PID: 102463
2026-07-30 14:12:44,173 - __main__ - INFO - 🧹 CLEANUP: Process 102463 removed from registry
2026-07-30 14:12:44,173 - __main__ - WARNING - ⚠️  WARNING: Command completed with errors | Exit Code: 1 | Duration: 0.00s
2026-07-30 14:12:44,173 - __main__ - INFO - [38;5;46m[1m╭─────────────────────────────────────────────────────────────────────────────╮[0m
2026-07-30 14:12:44,173 - __main__ - INFO - [1m│[0m [38;5;196m📊 FINAL RESULTS ❌[0m
2026-07-30 14:12:44,173 - __main__ - INFO - [1m├─────────────────────────────────────────────────────────────────────────────┤[0m
2026-07-30 14:12:44,173 - __main__ - INFO - [1m│[0m [38;5;51m🚀 Command:[0m which shodan-cli
2026-07-30 14:12:44,173 - __main__ - INFO - [1m│[0m [38;5;208m⏱️  Duration:[0m 0.00s
2026-07-30 14:12:44,173 - __main__ - INFO - [1m│[0m [38;5;208m📊 Output Size:[0m 0 bytes
2026-07-30 14:12:44,173 - __main__ - INFO - [1m│[0m [38;5;129m🔢 Exit Code:[0m 1
2026-07-30 14:12:44,173 - __main__ - INFO - [1m│[0m [38;5;196m📈 Status:[0m FAILED | Cached: Yes
2026-07-30 14:12:44,173 - __main__ - INFO - [38;5;46m[1m╰─────────────────────────────────────────────────────────────────────────────╯[0m
2026-07-30 14:12:44,173 - __main__ - INFO - 🔍 Cache MISS for command: which censys-cli
2026-07-30 14:12:44,173 - __main__ - INFO - 🚀 EXECUTING: which censys-cli
2026-07-30 14:12:44,173 - __main__ - INFO - ⏱️  TIMEOUT: 300s | PID: Starting...
2026-07-30 14:12:44,173 - __main__ - INFO - 🆔 PROCESS: PID 102468 started
2026-07-30 14:12:44,174 - __main__ - INFO - 🆔 REGISTERED: Process 102468 - which censys-cli...
2026-07-30 14:12:44,174 - __main__ - INFO - ⚡ PROGRESS ⠋: [[38;5;196m[38;5;240m░░░░░░░░░░░░░░░░░░░░░░░░░░░░░░[0m] [38;5;160m0.0%[0m Speed: 0 B/s | 0.0s | PID: 102468
2026-07-30 14:12:44,175 - __main__ - INFO - 🧹 CLEANUP: Process 102468 removed from registry
2026-07-30 14:12:44,175 - __main__ - WARNING - ⚠️  WARNING: Command completed with errors | Exit Code: 1 | Duration: 0.00s
2026-07-30 14:12:44,175 - __main__ - INFO - [38;5;46m[1m╭─────────────────────────────────────────────────────────────────────────────╮[0m
2026-07-30 14:12:44,175 - __main__ - INFO - [1m│[0m [38;5;196m📊 FINAL RESULTS ❌[0m
2026-07-30 14:12:44,175 - __main__ - INFO - [1m├─────────────────────────────────────────────────────────────────────────────┤[0m
2026-07-30 14:12:44,175 - __main__ - INFO - [1m│[0m [38;5;51m🚀 Command:[0m which censys-cli
2026-07-30 14:12:44,175 - __main__ - INFO - [1m│[0m [38;5;208m⏱️  Duration:[0m 0.00s
2026-07-30 14:12:44,176 - __main__ - INFO - [1m│[0m [38;5;208m📊 Output Size:[0m 0 bytes
2026-07-30 14:12:44,176 - __main__ - INFO - [1m│[0m [38;5;129m🔢 Exit Code:[0m 1
2026-07-30 14:12:44,176 - __main__ - INFO - [1m│[0m [38;5;196m📈 Status:[0m FAILED | Cached: Yes
2026-07-30 14:12:44,176 - __main__ - INFO - [38;5;46m[1m╰─────────────────────────────────────────────────────────────────────────────╯[0m
2026-07-30 14:12:44,176 - __main__ - INFO - 🔍 Cache MISS for command: which have-i-been-pwned
2026-07-30 14:12:44,176 - __main__ - INFO - 🚀 EXECUTING: which have-i-been-pwned
2026-07-30 14:12:44,176 - __main__ - INFO - ⏱️  TIMEOUT: 300s | PID: Starting...
2026-07-30 14:12:44,176 - __main__ - INFO - 🆔 PROCESS: PID 102473 started
2026-07-30 14:12:44,176 - __main__ - INFO - 🆔 REGISTERED: Process 102473 - which have-i-been-pwned...
2026-07-30 14:12:44,177 - __main__ - INFO - ⚡ PROGRESS ⠋: [[38;5;196m[38;5;240m░░░░░░░░░░░░░░░░░░░░░░░░░░░░░░[0m] [38;5;160m0.0%[0m Speed: 0 B/s | 0.0s | PID: 102473
2026-07-30 14:12:44,178 - __main__ - INFO - 🧹 CLEANUP: Process 102473 removed from registry
2026-07-30 14:12:44,178 - __main__ - WARNING - ⚠️  WARNING: Command completed with errors | Exit Code: 1 | Duration: 0.00s
2026-07-30 14:12:44,178 - __main__ - INFO - [38;5;46m[1m╭─────────────────────────────────────────────────────────────────────────────╮[0m
2026-07-30 14:12:44,178 - __main__ - INFO - [1m│[0m [38;5;196m📊 FINAL RESULTS ❌[0m
2026-07-30 14:12:44,178 - __main__ - INFO - [1m├─────────────────────────────────────────────────────────────────────────────┤[0m
2026-07-30 14:12:44,178 - __main__ - INFO - [1m│[0m [38;5;51m🚀 Command:[0m which have-i-been-pwned
2026-07-30 14:12:44,178 - __main__ - INFO - [1m│[0m [38;5;208m⏱️  Duration:[0m 0.00s
2026-07-30 14:12:44,178 - __main__ - INFO - [1m│[0m [38;5;208m📊 Output Size:[0m 0 bytes
2026-07-30 14:12:44,178 - __main__ - INFO - [1m│[0m [38;5;129m🔢 Exit Code:[0m 1
2026-07-30 14:12:44,178 - __main__ - INFO - [1m│[0m [38;5;196m📈 Status:[0m FAILED | Cached: Yes
2026-07-30 14:12:44,178 - __main__ - INFO - [38;5;46m[1m╰─────────────────────────────────────────────────────────────────────────────╯[0m
2026-07-30 14:12:44,178 - __main__ - INFO - 🔍 Cache MISS for command: which metasploit
2026-07-30 14:12:44,179 - __main__ - INFO - 🚀 EXECUTING: which metasploit
2026-07-30 14:12:44,179 - __main__ - INFO - ⏱️  TIMEOUT: 300s | PID: Starting...
2026-07-30 14:12:44,179 - __main__ - INFO - 🆔 PROCESS: PID 102478 started
2026-07-30 14:12:44,179 - __main__ - INFO - 🆔 REGISTERED: Process 102478 - which metasploit...
2026-07-30 14:12:44,180 - __main__ - INFO - ⚡ PROGRESS ⠋: [[38;5;196m[38;5;240m░░░░░░░░░░░░░░░░░░░░░░░░░░░░░░[0m] [38;5;160m0.0%[0m Speed: 0 B/s | 0.0s | PID: 102478
2026-07-30 14:12:44,181 - __main__ - INFO - 🧹 CLEANUP: Process 102478 removed from registry
2026-07-30 14:12:44,181 - __main__ - WARNING - ⚠️  WARNING: Command completed with errors | Exit Code: 1 | Duration: 0.00s
2026-07-30 14:12:44,181 - __main__ - INFO - [38;5;46m[1m╭─────────────────────────────────────────────────────────────────────────────╮[0m
2026-07-30 14:12:44,181 - __main__ - INFO - [1m│[0m [38;5;196m📊 FINAL RESULTS ❌[0m
2026-07-30 14:12:44,181 - __main__ - INFO - [1m├─────────────────────────────────────────────────────────────────────────────┤[0m
2026-07-30 14:12:44,181 - __main__ - INFO - [1m│[0m [38;5;51m🚀 Command:[0m which metasploit
2026-07-30 14:12:44,181 - __main__ - INFO - [1m│[0m [38;5;208m⏱️  Duration:[0m 0.00s
2026-07-30 14:12:44,182 - __main__ - INFO - [1m│[0m [38;5;208m📊 Output Size:[0m 0 bytes
2026-07-30 14:12:44,182 - __main__ - INFO - [1m│[0m [38;5;129m🔢 Exit Code:[0m 1
2026-07-30 14:12:44,182 - __main__ - INFO - [1m│[0m [38;5;196m📈 Status:[0m FAILED | Cached: Yes
2026-07-30 14:12:44,182 - __main__ - INFO - [38;5;46m[1m╰─────────────────────────────────────────────────────────────────────────────╯[0m
2026-07-30 14:12:44,182 - __main__ - INFO - 🔍 Cache MISS for command: which exploit-db
2026-07-30 14:12:44,182 - __main__ - INFO - 🚀 EXECUTING: which exploit-db
2026-07-30 14:12:44,182 - __main__ - INFO - ⏱️  TIMEOUT: 300s | PID: Starting...
2026-07-30 14:12:44,182 - __main__ - INFO - 🆔 PROCESS: PID 102483 started
2026-07-30 14:12:44,182 - __main__ - INFO - 🆔 REGISTERED: Process 102483 - which exploit-db...
2026-07-30 14:12:44,183 - __main__ - INFO - ⚡ PROGRESS ⠋: [[38;5;196m[38;5;240m░░░░░░░░░░░░░░░░░░░░░░░░░░░░░░[0m] [38;5;160m0.0%[0m Speed: 0 B/s | 0.0s | PID: 102483
2026-07-30 14:12:44,184 - __main__ - INFO - 🧹 CLEANUP: Process 102483 removed from registry
2026-07-30 14:12:44,184 - __main__ - WARNING - ⚠️  WARNING: Command completed with errors | Exit Code: 1 | Duration: 0.00s
2026-07-30 14:12:44,184 - __main__ - INFO - [38;5;46m[1m╭─────────────────────────────────────────────────────────────────────────────╮[0m
2026-07-30 14:12:44,185 - __main__ - INFO - [1m│[0m [38;5;196m📊 FINAL RESULTS ❌[0m
2026-07-30 14:12:44,185 - __main__ - INFO - [1m├─────────────────────────────────────────────────────────────────────────────┤[0m
2026-07-30 14:12:44,185 - __main__ - INFO - [1m│[0m [38;5;51m🚀 Command:[0m which exploit-db
2026-07-30 14:12:44,185 - __main__ - INFO - [1m│[0m [38;5;208m⏱️  Duration:[0m 0.00s
2026-07-30 14:12:44,185 - __main__ - INFO - [1m│[0m [38;5;208m📊 Output Size:[0m 0 bytes
2026-07-30 14:12:44,185 - __main__ - INFO - [1m│[0m [38;5;129m🔢 Exit Code:[0m 1
2026-07-30 14:12:44,185 - __main__ - INFO - [1m│[0m [38;5;196m📈 Status:[0m FAILED | Cached: Yes
2026-07-30 14:12:44,185 - __main__ - INFO - [38;5;46m[1m╰─────────────────────────────────────────────────────────────────────────────╯[0m
2026-07-30 14:12:44,185 - __main__ - INFO - 🔍 Cache MISS for command: which searchsploit
2026-07-30 14:12:44,185 - __main__ - INFO - 🚀 EXECUTING: which searchsploit
2026-07-30 14:12:44,185 - __main__ - INFO - ⏱️  TIMEOUT: 300s | PID: Starting...
2026-07-30 14:12:44,186 - __main__ - INFO - 🆔 PROCESS: PID 102488 started
2026-07-30 14:12:44,186 - __main__ - INFO - 🆔 REGISTERED: Process 102488 - which searchsploit...
2026-07-30 14:12:44,187 - __main__ - INFO - ⚡ PROGRESS ⠋: [[38;5;196m[38;5;240m░░░░░░░░░░░░░░░░░░░░░░░░░░░░░░[0m] [38;5;160m0.0%[0m Speed: 0 B/s | 0.0s | PID: 102488
2026-07-30 14:12:44,187 - __main__ - INFO - 📤 STDOUT: /usr/bin/searchsploit
2026-07-30 14:12:44,188 - __main__ - INFO - 🧹 CLEANUP: Process 102488 removed from registry
2026-07-30 14:12:44,188 - __main__ - INFO - ✅ SUCCESS: Command completed | Exit Code: 0 | Duration: 0.00s
2026-07-30 14:12:44,188 - __main__ - INFO - [38;5;46m[1m╭─────────────────────────────────────────────────────────────────────────────╮[0m
2026-07-30 14:12:44,188 - __main__ - INFO - [1m│[0m [38;5;46m📊 FINAL RESULTS ✅[0m
2026-07-30 14:12:44,188 - __main__ - INFO - [1m├─────────────────────────────────────────────────────────────────────────────┤[0m
2026-07-30 14:12:44,188 - __main__ - INFO - [1m│[0m [38;5;51m🚀 Command:[0m which searchsploit
2026-07-30 14:12:44,188 - __main__ - INFO - [1m│[0m [38;5;208m⏱️  Duration:[0m 0.00s
2026-07-30 14:12:44,188 - __main__ - INFO - [1m│[0m [38;5;208m📊 Output Size:[0m 22 bytes
2026-07-30 14:12:44,188 - __main__ - INFO - [1m│[0m [38;5;129m🔢 Exit Code:[0m 0
2026-07-30 14:12:44,188 - __main__ - INFO - [1m│[0m [38;5;46m📈 Status:[0m SUCCESS | Cached: Yes
2026-07-30 14:12:44,188 - __main__ - INFO - [38;5;46m[1m╰─────────────────────────────────────────────────────────────────────────────╯[0m
2026-07-30 14:12:44,188 - __main__ - INFO - 💾 Cached result for command: which searchsploit
2026-07-30 14:12:44,188 - __main__ - INFO - 🔍 Cache MISS for command: which api-schema-analyzer
2026-07-30 14:12:44,188 - __main__ - INFO - 🚀 EXECUTING: which api-schema-analyzer
2026-07-30 14:12:44,189 - __main__ - INFO - ⏱️  TIMEOUT: 300s | PID: Starting...
2026-07-30 14:12:44,189 - __main__ - INFO - 🆔 PROCESS: PID 102493 started
2026-07-30 14:12:44,189 - __main__ - INFO - 🆔 REGISTERED: Process 102493 - which api-schema-analyzer...
2026-07-30 14:12:44,190 - __main__ - INFO - ⚡ PROGRESS ⠋: [[38;5;196m[38;5;240m░░░░░░░░░░░░░░░░░░░░░░░░░░░░░░[0m] [38;5;160m0.0%[0m Speed: 0 B/s | 0.0s | PID: 102493
2026-07-30 14:12:44,191 - __main__ - INFO - 🧹 CLEANUP: Process 102493 removed from registry
2026-07-30 14:12:44,191 - __main__ - WARNING - ⚠️  WARNING: Command completed with errors | Exit Code: 1 | Duration: 0.00s
2026-07-30 14:12:44,191 - __main__ - INFO - [38;5;46m[1m╭─────────────────────────────────────────────────────────────────────────────╮[0m
2026-07-30 14:12:44,191 - __main__ - INFO - [1m│[0m [38;5;196m📊 FINAL RESULTS ❌[0m
2026-07-30 14:12:44,191 - __main__ - INFO - [1m├─────────────────────────────────────────────────────────────────────────────┤[0m
2026-07-30 14:12:44,191 - __main__ - INFO - [1m│[0m [38;5;51m🚀 Command:[0m which api-schema-analyzer
2026-07-30 14:12:44,191 - __main__ - INFO - [1m│[0m [38;5;208m⏱️  Duration:[0m 0.00s
2026-07-30 14:12:44,191 - __main__ - INFO - [1m│[0m [38;5;208m📊 Output Size:[0m 0 bytes
2026-07-30 14:12:44,191 - __main__ - INFO - [1m│[0m [38;5;129m🔢 Exit Code:[0m 1
2026-07-30 14:12:44,191 - __main__ - INFO - [1m│[0m [38;5;196m📈 Status:[0m FAILED | Cached: Yes
2026-07-30 14:12:44,191 - __main__ - INFO - [38;5;46m[1m╰─────────────────────────────────────────────────────────────────────────────╯[0m
2026-07-30 14:12:44,191 - __main__ - INFO - 🔍 Cache MISS for command: which postman
2026-07-30 14:12:44,191 - __main__ - INFO - 🚀 EXECUTING: which postman
2026-07-30 14:12:44,191 - __main__ - INFO - ⏱️  TIMEOUT: 300s | PID: Starting...
2026-07-30 14:12:44,192 - __main__ - INFO - 🆔 PROCESS: PID 102498 started
2026-07-30 14:12:44,192 - __main__ - INFO - 🆔 REGISTERED: Process 102498 - which postman...
2026-07-30 14:12:44,193 - __main__ - INFO - ⚡ PROGRESS ⠋: [[38;5;196m[38;5;240m░░░░░░░░░░░░░░░░░░░░░░░░░░░░░░[0m] [38;5;160m0.0%[0m Speed: 0 B/s | 0.0s | PID: 102498
2026-07-30 14:12:44,194 - __main__ - INFO - 🧹 CLEANUP: Process 102498 removed from registry
2026-07-30 14:12:44,194 - __main__ - WARNING - ⚠️  WARNING: Command completed with errors | Exit Code: 1 | Duration: 0.00s
2026-07-30 14:12:44,194 - __main__ - INFO - [38;5;46m[1m╭─────────────────────────────────────────────────────────────────────────────╮[0m
2026-07-30 14:12:44,194 - __main__ - INFO - [1m│[0m [38;5;196m📊 FINAL RESULTS ❌[0m
2026-07-30 14:12:44,194 - __main__ - INFO - [1m├─────────────────────────────────────────────────────────────────────────────┤[0m
2026-07-30 14:12:44,194 - __main__ - INFO - [1m│[0m [38;5;51m🚀 Command:[0m which postman
2026-07-30 14:12:44,194 - __main__ - INFO - [1m│[0m [38;5;208m⏱️  Duration:[0m 0.00s
2026-07-30 14:12:44,194 - __main__ - INFO - [1m│[0m [38;5;208m📊 Output Size:[0m 0 bytes
2026-07-30 14:12:44,194 - __main__ - INFO - [1m│[0m [38;5;129m🔢 Exit Code:[0m 1
2026-07-30 14:12:44,194 - __main__ - INFO - [1m│[0m [38;5;196m📈 Status:[0m FAILED | Cached: Yes
2026-07-30 14:12:44,194 - __main__ - INFO - [38;5;46m[1m╰─────────────────────────────────────────────────────────────────────────────╯[0m
2026-07-30 14:12:44,194 - __main__ - INFO - 🔍 Cache MISS for command: which insomnia
2026-07-30 14:12:44,194 - __main__ - INFO - 🚀 EXECUTING: which insomnia
2026-07-30 14:12:44,194 - __main__ - INFO - ⏱️  TIMEOUT: 300s | PID: Starting...
2026-07-30 14:12:44,195 - __main__ - INFO - 🆔 PROCESS: PID 102503 started
2026-07-30 14:12:44,195 - __main__ - INFO - 🆔 REGISTERED: Process 102503 - which insomnia...
2026-07-30 14:12:44,195 - __main__ - INFO - ⚡ PROGRESS ⠋: [[38;5;196m[38;5;240m░░░░░░░░░░░░░░░░░░░░░░░░░░░░░░[0m] [38;5;160m0.0%[0m Speed: 0 B/s | 0.0s | PID: 102503
2026-07-30 14:12:44,197 - __main__ - INFO - 🧹 CLEANUP: Process 102503 removed from registry
2026-07-30 14:12:44,197 - __main__ - WARNING - ⚠️  WARNING: Command completed with errors | Exit Code: 1 | Duration: 0.00s
2026-07-30 14:12:44,197 - __main__ - INFO - [38;5;46m[1m╭─────────────────────────────────────────────────────────────────────────────╮[0m
2026-07-30 14:12:44,197 - __main__ - INFO - [1m│[0m [38;5;196m📊 FINAL RESULTS ❌[0m
2026-07-30 14:12:44,197 - __main__ - INFO - [1m├─────────────────────────────────────────────────────────────────────────────┤[0m
2026-07-30 14:12:44,197 - __main__ - INFO - [1m│[0m [38;5;51m🚀 Command:[0m which insomnia
2026-07-30 14:12:44,197 - __main__ - INFO - [1m│[0m [38;5;208m⏱️  Duration:[0m 0.00s
2026-07-30 14:12:44,197 - __main__ - INFO - [1m│[0m [38;5;208m📊 Output Size:[0m 0 bytes
2026-07-30 14:12:44,197 - __main__ - INFO - [1m│[0m [38;5;129m🔢 Exit Code:[0m 1
2026-07-30 14:12:44,197 - __main__ - INFO - [1m│[0m [38;5;196m📈 Status:[0m FAILED | Cached: Yes
2026-07-30 14:12:44,197 - __main__ - INFO - [38;5;46m[1m╰─────────────────────────────────────────────────────────────────────────────╯[0m
2026-07-30 14:12:44,197 - __main__ - INFO - 🔍 Cache MISS for command: which curl
2026-07-30 14:12:44,197 - __main__ - INFO - 🚀 EXECUTING: which curl
2026-07-30 14:12:44,197 - __main__ - INFO - ⏱️  TIMEOUT: 300s | PID: Starting...
2026-07-30 14:12:44,197 - __main__ - INFO - 🆔 PROCESS: PID 102508 started
2026-07-30 14:12:44,198 - __main__ - INFO - 🆔 REGISTERED: Process 102508 - which curl...
2026-07-30 14:12:44,198 - __main__ - INFO - ⚡ PROGRESS ⠋: [[38;5;196m[38;5;240m░░░░░░░░░░░░░░░░░░░░░░░░░░░░░░[0m] [38;5;160m0.0%[0m Speed: 0 B/s | 0.0s | PID: 102508
2026-07-30 14:12:44,199 - __main__ - INFO - 📤 STDOUT: /usr/bin/curl
2026-07-30 14:12:44,199 - __main__ - INFO - 🧹 CLEANUP: Process 102508 removed from registry
2026-07-30 14:12:44,200 - __main__ - INFO - ✅ SUCCESS: Command completed | Exit Code: 0 | Duration: 0.00s
2026-07-30 14:12:44,200 - __main__ - INFO - [38;5;46m[1m╭─────────────────────────────────────────────────────────────────────────────╮[0m
2026-07-30 14:12:44,200 - __main__ - INFO - [1m│[0m [38;5;46m📊 FINAL RESULTS ✅[0m
2026-07-30 14:12:44,200 - __main__ - INFO - [1m├─────────────────────────────────────────────────────────────────────────────┤[0m
2026-07-30 14:12:44,200 - __main__ - INFO - [1m│[0m [38;5;51m🚀 Command:[0m which curl
2026-07-30 14:12:44,200 - __main__ - INFO - [1m│[0m [38;5;208m⏱️  Duration:[0m 0.00s
2026-07-30 14:12:44,200 - __main__ - INFO - [1m│[0m [38;5;208m📊 Output Size:[0m 14 bytes
2026-07-30 14:12:44,200 - __main__ - INFO - [1m│[0m [38;5;129m🔢 Exit Code:[0m 0
2026-07-30 14:12:44,200 - __main__ - INFO - [1m│[0m [38;5;46m📈 Status:[0m SUCCESS | Cached: Yes
2026-07-30 14:12:44,200 - __main__ - INFO - [38;5;46m[1m╰─────────────────────────────────────────────────────────────────────────────╯[0m
2026-07-30 14:12:44,200 - __main__ - INFO - 💾 Cached result for command: which curl
2026-07-30 14:12:44,200 - __main__ - INFO - 🔍 Cache MISS for command: which httpie
2026-07-30 14:12:44,200 - __main__ - INFO - 🚀 EXECUTING: which httpie
2026-07-30 14:12:44,200 - __main__ - INFO - ⏱️  TIMEOUT: 300s | PID: Starting...
2026-07-30 14:12:44,200 - __main__ - INFO - 🆔 PROCESS: PID 102513 started
2026-07-30 14:12:44,200 - __main__ - INFO - 🆔 REGISTERED: Process 102513 - which httpie...
2026-07-30 14:12:44,201 - __main__ - INFO - ⚡ PROGRESS ⠋: [[38;5;196m[38;5;240m░░░░░░░░░░░░░░░░░░░░░░░░░░░░░░[0m] [38;5;160m0.0%[0m Speed: 0 B/s | 0.0s | PID: 102513
2026-07-30 14:12:44,202 - __main__ - INFO - 🧹 CLEANUP: Process 102513 removed from registry
2026-07-30 14:12:44,202 - __main__ - WARNING - ⚠️  WARNING: Command completed with errors | Exit Code: 1 | Duration: 0.00s
2026-07-30 14:12:44,202 - __main__ - INFO - [38;5;46m[1m╭─────────────────────────────────────────────────────────────────────────────╮[0m
2026-07-30 14:12:44,202 - __main__ - INFO - [1m│[0m [38;5;196m📊 FINAL RESULTS ❌[0m
2026-07-30 14:12:44,202 - __main__ - INFO - [1m├─────────────────────────────────────────────────────────────────────────────┤[0m
2026-07-30 14:12:44,202 - __main__ - INFO - [1m│[0m [38;5;51m🚀 Command:[0m which httpie
2026-07-30 14:12:44,202 - __main__ - INFO - [1m│[0m [38;5;208m⏱️  Duration:[0m 0.00s
2026-07-30 14:12:44,202 - __main__ - INFO - [1m│[0m [38;5;208m📊 Output Size:[0m 0 bytes
2026-07-30 14:12:44,202 - __main__ - INFO - [1m│[0m [38;5;129m🔢 Exit Code:[0m 1
2026-07-30 14:12:44,202 - __main__ - INFO - [1m│[0m [38;5;196m📈 Status:[0m FAILED | Cached: Yes
2026-07-30 14:12:44,202 - __main__ - INFO - [38;5;46m[1m╰─────────────────────────────────────────────────────────────────────────────╯[0m
2026-07-30 14:12:44,203 - __main__ - INFO - 🔍 Cache MISS for command: which anew
2026-07-30 14:12:44,203 - __main__ - INFO - 🚀 EXECUTING: which anew
2026-07-30 14:12:44,203 - __main__ - INFO - ⏱️  TIMEOUT: 300s | PID: Starting...
2026-07-30 14:12:44,203 - __main__ - INFO - 🆔 PROCESS: PID 102518 started
2026-07-30 14:12:44,203 - __main__ - INFO - 🆔 REGISTERED: Process 102518 - which anew...
2026-07-30 14:12:44,204 - __main__ - INFO - ⚡ PROGRESS ⠋: [[38;5;196m[38;5;240m░░░░░░░░░░░░░░░░░░░░░░░░░░░░░░[0m] [38;5;160m0.0%[0m Speed: 0 B/s | 0.0s | PID: 102518
2026-07-30 14:12:44,205 - __main__ - INFO - 🧹 CLEANUP: Process 102518 removed from registry
2026-07-30 14:12:44,205 - __main__ - WARNING - ⚠️  WARNING: Command completed with errors | Exit Code: 1 | Duration: 0.00s
2026-07-30 14:12:44,205 - __main__ - INFO - [38;5;46m[1m╭─────────────────────────────────────────────────────────────────────────────╮[0m
2026-07-30 14:12:44,205 - __main__ - INFO - [1m│[0m [38;5;196m📊 FINAL RESULTS ❌[0m
2026-07-30 14:12:44,205 - __main__ - INFO - [1m├─────────────────────────────────────────────────────────────────────────────┤[0m
2026-07-30 14:12:44,205 - __main__ - INFO - [1m│[0m [38;5;51m🚀 Command:[0m which anew
2026-07-30 14:12:44,205 - __main__ - INFO - [1m│[0m [38;5;208m⏱️  Duration:[0m 0.00s
2026-07-30 14:12:44,205 - __main__ - INFO - [1m│[0m [38;5;208m📊 Output Size:[0m 0 bytes
2026-07-30 14:12:44,205 - __main__ - INFO - [1m│[0m [38;5;129m🔢 Exit Code:[0m 1
2026-07-30 14:12:44,205 - __main__ - INFO - [1m│[0m [38;5;196m📈 Status:[0m FAILED | Cached: Yes
2026-07-30 14:12:44,205 - __main__ - INFO - [38;5;46m[1m╰─────────────────────────────────────────────────────────────────────────────╯[0m
2026-07-30 14:12:44,205 - __main__ - INFO - 🔍 Cache MISS for command: which qsreplace
2026-07-30 14:12:44,205 - __main__ - INFO - 🚀 EXECUTING: which qsreplace
2026-07-30 14:12:44,205 - __main__ - INFO - ⏱️  TIMEOUT: 300s | PID: Starting...
2026-07-30 14:12:44,206 - __main__ - INFO - 🆔 PROCESS: PID 102523 started
2026-07-30 14:12:44,206 - __main__ - INFO - 🆔 REGISTERED: Process 102523 - which qsreplace...
2026-07-30 14:12:44,206 - __main__ - INFO - ⚡ PROGRESS ⠋: [[38;5;196m[38;5;240m░░░░░░░░░░░░░░░░░░░░░░░░░░░░░░[0m] [38;5;160m0.0%[0m Speed: 0 B/s | 0.0s | PID: 102523
2026-07-30 14:12:44,208 - __main__ - INFO - 🧹 CLEANUP: Process 102523 removed from registry
2026-07-30 14:12:44,208 - __main__ - WARNING - ⚠️  WARNING: Command completed with errors | Exit Code: 1 | Duration: 0.00s
2026-07-30 14:12:44,208 - __main__ - INFO - [38;5;46m[1m╭─────────────────────────────────────────────────────────────────────────────╮[0m
2026-07-30 14:12:44,208 - __main__ - INFO - [1m│[0m [38;5;196m📊 FINAL RESULTS ❌[0m
2026-07-30 14:12:44,208 - __main__ - INFO - [1m├─────────────────────────────────────────────────────────────────────────────┤[0m
2026-07-30 14:12:44,208 - __main__ - INFO - [1m│[0m [38;5;51m🚀 Command:[0m which qsreplace
2026-07-30 14:12:44,208 - __main__ - INFO - [1m│[0m [38;5;208m⏱️  Duration:[0m 0.00s
2026-07-30 14:12:44,208 - __main__ - INFO - [1m│[0m [38;5;208m📊 Output Size:[0m 0 bytes
2026-07-30 14:12:44,208 - __main__ - INFO - [1m│[0m [38;5;129m🔢 Exit Code:[0m 1
2026-07-30 14:12:44,208 - __main__ - INFO - [1m│[0m [38;5;196m📈 Status:[0m FAILED | Cached: Yes
2026-07-30 14:12:44,209 - __main__ - INFO - [38;5;46m[1m╰─────────────────────────────────────────────────────────────────────────────╯[0m
2026-07-30 14:12:44,209 - __main__ - INFO - 🔍 Cache MISS for command: which uro
2026-07-30 14:12:44,209 - __main__ - INFO - 🚀 EXECUTING: which uro
2026-07-30 14:12:44,209 - __main__ - INFO - ⏱️  TIMEOUT: 300s | PID: Starting...
2026-07-30 14:12:44,209 - __main__ - INFO - 🆔 PROCESS: PID 102528 started
2026-07-30 14:12:44,209 - __main__ - INFO - 🆔 REGISTERED: Process 102528 - which uro...
2026-07-30 14:12:44,210 - __main__ - INFO - ⚡ PROGRESS ⠋: [[38;5;196m[38;5;240m░░░░░░░░░░░░░░░░░░░░░░░░░░░░░░[0m] [38;5;160m0.0%[0m Speed: 0 B/s | 0.0s | PID: 102528
2026-07-30 14:12:44,211 - __main__ - INFO - 🧹 CLEANUP: Process 102528 removed from registry
2026-07-30 14:12:44,211 - __main__ - WARNING - ⚠️  WARNING: Command completed with errors | Exit Code: 1 | Duration: 0.00s
2026-07-30 14:12:44,212 - __main__ - INFO - [38;5;46m[1m╭─────────────────────────────────────────────────────────────────────────────╮[0m
2026-07-30 14:12:44,212 - __main__ - INFO - [1m│[0m [38;5;196m📊 FINAL RESULTS ❌[0m
2026-07-30 14:12:44,212 - __main__ - INFO - [1m├─────────────────────────────────────────────────────────────────────────────┤[0m
2026-07-30 14:12:44,212 - __main__ - INFO - [1m│[0m [38;5;51m🚀 Command:[0m which uro
2026-07-30 14:12:44,212 - __main__ - INFO - [1m│[0m [38;5;208m⏱️  Duration:[0m 0.00s
2026-07-30 14:12:44,212 - __main__ - INFO - [1m│[0m [38;5;208m📊 Output Size:[0m 0 bytes
2026-07-30 14:12:44,212 - __main__ - INFO - [1m│[0m [38;5;129m🔢 Exit Code:[0m 1
2026-07-30 14:12:44,212 - __main__ - INFO - [1m│[0m [38;5;196m📈 Status:[0m FAILED | Cached: Yes
2026-07-30 14:12:44,212 - __main__ - INFO - [38;5;46m[1m╰─────────────────────────────────────────────────────────────────────────────╯[0m
2026-07-30 14:12:44,212 - __main__ - INFO - 🔍 Cache MISS for command: which kismet
2026-07-30 14:12:44,212 - __main__ - INFO - 🚀 EXECUTING: which kismet
2026-07-30 14:12:44,213 - __main__ - INFO - ⏱️  TIMEOUT: 300s | PID: Starting...
2026-07-30 14:12:44,213 - __main__ - INFO - 🆔 PROCESS: PID 102533 started
2026-07-30 14:12:44,213 - __main__ - INFO - 🆔 REGISTERED: Process 102533 - which kismet...
2026-07-30 14:12:44,214 - __main__ - INFO - ⚡ PROGRESS ⠋: [[38;5;196m[38;5;240m░░░░░░░░░░░░░░░░░░░░░░░░░░░░░░[0m] [38;5;160m0.0%[0m Speed: 0 B/s | 0.0s | PID: 102533
2026-07-30 14:12:44,214 - __main__ - INFO - 📤 STDOUT: /usr/bin/kismet
2026-07-30 14:12:44,215 - __main__ - INFO - 🧹 CLEANUP: Process 102533 removed from registry
2026-07-30 14:12:44,215 - __main__ - INFO - ✅ SUCCESS: Command completed | Exit Code: 0 | Duration: 0.00s
2026-07-30 14:12:44,215 - __main__ - INFO - [38;5;46m[1m╭─────────────────────────────────────────────────────────────────────────────╮[0m
2026-07-30 14:12:44,215 - __main__ - INFO - [1m│[0m [38;5;46m📊 FINAL RESULTS ✅[0m
2026-07-30 14:12:44,215 - __main__ - INFO - [1m├─────────────────────────────────────────────────────────────────────────────┤[0m
2026-07-30 14:12:44,215 - __main__ - INFO - [1m│[0m [38;5;51m🚀 Command:[0m which kismet
2026-07-30 14:12:44,215 - __main__ - INFO - [1m│[0m [38;5;208m⏱️  Duration:[0m 0.00s
2026-07-30 14:12:44,215 - __main__ - INFO - [1m│[0m [38;5;208m📊 Output Size:[0m 16 bytes
2026-07-30 14:12:44,215 - __main__ - INFO - [1m│[0m [38;5;129m🔢 Exit Code:[0m 0
2026-07-30 14:12:44,215 - __main__ - INFO - [1m│[0m [38;5;46m📈 Status:[0m SUCCESS | Cached: Yes
2026-07-30 14:12:44,215 - __main__ - INFO - [38;5;46m[1m╰─────────────────────────────────────────────────────────────────────────────╯[0m
2026-07-30 14:12:44,215 - __main__ - INFO - 💾 Cached result for command: which kismet
2026-07-30 14:12:44,215 - __main__ - INFO - 🔍 Cache MISS for command: which wireshark
2026-07-30 14:12:44,215 - __main__ - INFO - 🚀 EXECUTING: which wireshark
2026-07-30 14:12:44,215 - __main__ - INFO - ⏱️  TIMEOUT: 300s | PID: Starting...
2026-07-30 14:12:44,216 - __main__ - INFO - 🆔 PROCESS: PID 102538 started
2026-07-30 14:12:44,216 - __main__ - INFO - 🆔 REGISTERED: Process 102538 - which wireshark...
2026-07-30 14:12:44,216 - __main__ - INFO - ⚡ PROGRESS ⠋: [[38;5;196m[38;5;240m░░░░░░░░░░░░░░░░░░░░░░░░░░░░░░[0m] [38;5;160m0.0%[0m Speed: 0 B/s | 0.0s | PID: 102538
2026-07-30 14:12:44,217 - __main__ - INFO - 📤 STDOUT: /usr/bin/wireshark
2026-07-30 14:12:44,218 - __main__ - INFO - 🧹 CLEANUP: Process 102538 removed from registry
2026-07-30 14:12:44,218 - __main__ - INFO - ✅ SUCCESS: Command completed | Exit Code: 0 | Duration: 0.00s
2026-07-30 14:12:44,218 - __main__ - INFO - [38;5;46m[1m╭─────────────────────────────────────────────────────────────────────────────╮[0m
2026-07-30 14:12:44,218 - __main__ - INFO - [1m│[0m [38;5;46m📊 FINAL RESULTS ✅[0m
2026-07-30 14:12:44,218 - __main__ - INFO - [1m├─────────────────────────────────────────────────────────────────────────────┤[0m
2026-07-30 14:12:44,218 - __main__ - INFO - [1m│[0m [38;5;51m🚀 Command:[0m which wireshark
2026-07-30 14:12:44,218 - __main__ - INFO - [1m│[0m [38;5;208m⏱️  Duration:[0m 0.00s
2026-07-30 14:12:44,218 - __main__ - INFO - [1m│[0m [38;5;208m📊 Output Size:[0m 19 bytes
2026-07-30 14:12:44,218 - __main__ - INFO - [1m│[0m [38;5;129m🔢 Exit Code:[0m 0
2026-07-30 14:12:44,218 - __main__ - INFO - [1m│[0m [38;5;46m📈 Status:[0m SUCCESS | Cached: Yes
2026-07-30 14:12:44,218 - __main__ - INFO - [38;5;46m[1m╰─────────────────────────────────────────────────────────────────────────────╯[0m
2026-07-30 14:12:44,218 - __main__ - INFO - 💾 Cached result for command: which wireshark
2026-07-30 14:12:44,218 - __main__ - INFO - 🔍 Cache MISS for command: which tshark
2026-07-30 14:12:44,218 - __main__ - INFO - 🚀 EXECUTING: which tshark
2026-07-30 14:12:44,218 - __main__ - INFO - ⏱️  TIMEOUT: 300s | PID: Starting...
2026-07-30 14:12:44,219 - __main__ - INFO - 🆔 PROCESS: PID 102543 started
2026-07-30 14:12:44,219 - __main__ - INFO - 🆔 REGISTERED: Process 102543 - which tshark...
2026-07-30 14:12:44,219 - __main__ - INFO - ⚡ PROGRESS ⠋: [[38;5;196m[38;5;240m░░░░░░░░░░░░░░░░░░░░░░░░░░░░░░[0m] [38;5;160m0.0%[0m Speed: 0 B/s | 0.0s | PID: 102543
2026-07-30 14:12:44,220 - __main__ - INFO - 📤 STDOUT: /usr/bin/tshark
2026-07-30 14:12:44,220 - __main__ - INFO - 🧹 CLEANUP: Process 102543 removed from registry
2026-07-30 14:12:44,221 - __main__ - INFO - ✅ SUCCESS: Command completed | Exit Code: 0 | Duration: 0.00s
2026-07-30 14:12:44,221 - __main__ - INFO - [38;5;46m[1m╭─────────────────────────────────────────────────────────────────────────────╮[0m
2026-07-30 14:12:44,221 - __main__ - INFO - [1m│[0m [38;5;46m📊 FINAL RESULTS ✅[0m
2026-07-30 14:12:44,221 - __main__ - INFO - [1m├─────────────────────────────────────────────────────────────────────────────┤[0m
2026-07-30 14:12:44,221 - __main__ - INFO - [1m│[0m [38;5;51m🚀 Command:[0m which tshark
2026-07-30 14:12:44,221 - __main__ - INFO - [1m│[0m [38;5;208m⏱️  Duration:[0m 0.00s
2026-07-30 14:12:44,221 - __main__ - INFO - [1m│[0m [38;5;208m📊 Output Size:[0m 16 bytes
2026-07-30 14:12:44,221 - __main__ - INFO - [1m│[0m [38;5;129m🔢 Exit Code:[0m 0
2026-07-30 14:12:44,221 - __main__ - INFO - [1m│[0m [38;5;46m📈 Status:[0m SUCCESS | Cached: Yes
2026-07-30 14:12:44,221 - __main__ - INFO - [38;5;46m[1m╰─────────────────────────────────────────────────────────────────────────────╯[0m
2026-07-30 14:12:44,221 - __main__ - INFO - 💾 Cached result for command: which tshark
2026-07-30 14:12:44,221 - __main__ - INFO - 🔍 Cache MISS for command: which tcpdump
2026-07-30 14:12:44,221 - __main__ - INFO - 🚀 EXECUTING: which tcpdump
2026-07-30 14:12:44,221 - __main__ - INFO - ⏱️  TIMEOUT: 300s | PID: Starting...
2026-07-30 14:12:44,221 - __main__ - INFO - 🆔 PROCESS: PID 102548 started
2026-07-30 14:12:44,221 - __main__ - INFO - 🆔 REGISTERED: Process 102548 - which tcpdump...
2026-07-30 14:12:44,222 - __main__ - INFO - ⚡ PROGRESS ⠋: [[38;5;196m[38;5;240m░░░░░░░░░░░░░░░░░░░░░░░░░░░░░░[0m] [38;5;160m0.0%[0m Speed: 0 B/s | 0.0s | PID: 102548
2026-07-30 14:12:44,222 - __main__ - INFO - 📤 STDOUT: /usr/bin/tcpdump
2026-07-30 14:12:44,223 - __main__ - INFO - 🧹 CLEANUP: Process 102548 removed from registry
2026-07-30 14:12:44,223 - __main__ - INFO - ✅ SUCCESS: Command completed | Exit Code: 0 | Duration: 0.00s
2026-07-30 14:12:44,223 - __main__ - INFO - [38;5;46m[1m╭─────────────────────────────────────────────────────────────────────────────╮[0m
2026-07-30 14:12:44,223 - __main__ - INFO - [1m│[0m [38;5;46m📊 FINAL RESULTS ✅[0m
2026-07-30 14:12:44,223 - __main__ - INFO - [1m├─────────────────────────────────────────────────────────────────────────────┤[0m
2026-07-30 14:12:44,223 - __main__ - INFO - [1m│[0m [38;5;51m🚀 Command:[0m which tcpdump
2026-07-30 14:12:44,223 - __main__ - INFO - [1m│[0m [38;5;208m⏱️  Duration:[0m 0.00s
2026-07-30 14:12:44,224 - __main__ - INFO - [1m│[0m [38;5;208m📊 Output Size:[0m 17 bytes
2026-07-30 14:12:44,224 - __main__ - INFO - [1m│[0m [38;5;129m🔢 Exit Code:[0m 0
2026-07-30 14:12:44,224 - __main__ - INFO - [1m│[0m [38;5;46m📈 Status:[0m SUCCESS | Cached: Yes
2026-07-30 14:12:44,224 - __main__ - INFO - [38;5;46m[1m╰─────────────────────────────────────────────────────────────────────────────╯[0m
2026-07-30 14:12:44,224 - __main__ - INFO - 💾 Cached result for command: which tcpdump
2026-07-30 14:12:44,224 - __main__ - INFO - 🔍 Cache MISS for command: which smbmap
2026-07-30 14:12:44,224 - __main__ - INFO - 🚀 EXECUTING: which smbmap
2026-07-30 14:12:44,224 - __main__ - INFO - ⏱️  TIMEOUT: 300s | PID: Starting...
2026-07-30 14:12:44,224 - __main__ - INFO - 🆔 PROCESS: PID 102553 started
2026-07-30 14:12:44,224 - __main__ - INFO - 🆔 REGISTERED: Process 102553 - which smbmap...
2026-07-30 14:12:44,225 - __main__ - INFO - ⚡ PROGRESS ⠋: [[38;5;196m[38;5;240m░░░░░░░░░░░░░░░░░░░░░░░░░░░░░░[0m] [38;5;160m0.0%[0m Speed: 0 B/s | 0.0s | PID: 102553
2026-07-30 14:12:44,226 - __main__ - INFO - 📤 STDOUT: /usr/bin/smbmap
2026-07-30 14:12:44,226 - __main__ - INFO - 🧹 CLEANUP: Process 102553 removed from registry
2026-07-30 14:12:44,226 - __main__ - INFO - ✅ SUCCESS: Command completed | Exit Code: 0 | Duration: 0.00s
2026-07-30 14:12:44,226 - __main__ - INFO - [38;5;46m[1m╭─────────────────────────────────────────────────────────────────────────────╮[0m
2026-07-30 14:12:44,226 - __main__ - INFO - [1m│[0m [38;5;46m📊 FINAL RESULTS ✅[0m
2026-07-30 14:12:44,226 - __main__ - INFO - [1m├─────────────────────────────────────────────────────────────────────────────┤[0m
2026-07-30 14:12:44,227 - __main__ - INFO - [1m│[0m [38;5;51m🚀 Command:[0m which smbmap
2026-07-30 14:12:44,227 - __main__ - INFO - [1m│[0m [38;5;208m⏱️  Duration:[0m 0.00s
2026-07-30 14:12:44,227 - __main__ - INFO - [1m│[0m [38;5;208m📊 Output Size:[0m 16 bytes
2026-07-30 14:12:44,227 - __main__ - INFO - [1m│[0m [38;5;129m🔢 Exit Code:[0m 0
2026-07-30 14:12:44,227 - __main__ - INFO - [1m│[0m [38;5;46m📈 Status:[0m SUCCESS | Cached: Yes
2026-07-30 14:12:44,227 - __main__ - INFO - [38;5;46m[1m╰─────────────────────────────────────────────────────────────────────────────╯[0m
2026-07-30 14:12:44,227 - __main__ - INFO - 💾 Cached result for command: which smbmap
2026-07-30 14:12:44,227 - __main__ - INFO - 🔍 Cache MISS for command: which volatility
2026-07-30 14:12:44,227 - __main__ - INFO - 🚀 EXECUTING: which volatility
2026-07-30 14:12:44,227 - __main__ - INFO - ⏱️  TIMEOUT: 300s | PID: Starting...
2026-07-30 14:12:44,227 - __main__ - INFO - 🆔 PROCESS: PID 102558 started
2026-07-30 14:12:44,227 - __main__ - INFO - 🆔 REGISTERED: Process 102558 - which volatility...
2026-07-30 14:12:44,228 - __main__ - INFO - ⚡ PROGRESS ⠋: [[38;5;196m[38;5;240m░░░░░░░░░░░░░░░░░░░░░░░░░░░░░░[0m] [38;5;160m0.0%[0m Speed: 0 B/s | 0.0s | PID: 102558
2026-07-30 14:12:44,229 - __main__ - INFO - 🧹 CLEANUP: Process 102558 removed from registry
2026-07-30 14:12:44,229 - __main__ - WARNING - ⚠️  WARNING: Command completed with errors | Exit Code: 1 | Duration: 0.00s
2026-07-30 14:12:44,229 - __main__ - INFO - [38;5;46m[1m╭─────────────────────────────────────────────────────────────────────────────╮[0m
2026-07-30 14:12:44,229 - __main__ - INFO - [1m│[0m [38;5;196m📊 FINAL RESULTS ❌[0m
2026-07-30 14:12:44,229 - __main__ - INFO - [1m├─────────────────────────────────────────────────────────────────────────────┤[0m
2026-07-30 14:12:44,229 - __main__ - INFO - [1m│[0m [38;5;51m🚀 Command:[0m which volatility
2026-07-30 14:12:44,229 - __main__ - INFO - [1m│[0m [38;5;208m⏱️  Duration:[0m 0.00s
2026-07-30 14:12:44,229 - __main__ - INFO - [1m│[0m [38;5;208m📊 Output Size:[0m 0 bytes
2026-07-30 14:12:44,229 - __main__ - INFO - [1m│[0m [38;5;129m🔢 Exit Code:[0m 1
2026-07-30 14:12:44,229 - __main__ - INFO - [1m│[0m [38;5;196m📈 Status:[0m FAILED | Cached: Yes
2026-07-30 14:12:44,229 - __main__ - INFO - [38;5;46m[1m╰─────────────────────────────────────────────────────────────────────────────╯[0m
2026-07-30 14:12:44,229 - __main__ - INFO - 🔍 Cache MISS for command: which sleuthkit
2026-07-30 14:12:44,229 - __main__ - INFO - 🚀 EXECUTING: which sleuthkit
2026-07-30 14:12:44,229 - __main__ - INFO - ⏱️  TIMEOUT: 300s | PID: Starting...
2026-07-30 14:12:44,230 - __main__ - INFO - 🆔 PROCESS: PID 102563 started
2026-07-30 14:12:44,230 - __main__ - INFO - 🆔 REGISTERED: Process 102563 - which sleuthkit...
2026-07-30 14:12:44,231 - __main__ - INFO - ⚡ PROGRESS ⠋: [[38;5;196m[38;5;240m░░░░░░░░░░░░░░░░░░░░░░░░░░░░░░[0m] [38;5;160m0.0%[0m Speed: 0 B/s | 0.0s | PID: 102563
2026-07-30 14:12:44,232 - __main__ - INFO - 🧹 CLEANUP: Process 102563 removed from registry
2026-07-30 14:12:44,232 - __main__ - WARNING - ⚠️  WARNING: Command completed with errors | Exit Code: 1 | Duration: 0.00s
2026-07-30 14:12:44,232 - __main__ - INFO - [38;5;46m[1m╭─────────────────────────────────────────────────────────────────────────────╮[0m
2026-07-30 14:12:44,232 - __main__ - INFO - [1m│[0m [38;5;196m📊 FINAL RESULTS ❌[0m
2026-07-30 14:12:44,232 - __main__ - INFO - [1m├─────────────────────────────────────────────────────────────────────────────┤[0m
2026-07-30 14:12:44,232 - __main__ - INFO - [1m│[0m [38;5;51m🚀 Command:[0m which sleuthkit
2026-07-30 14:12:44,232 - __main__ - INFO - [1m│[0m [38;5;208m⏱️  Duration:[0m 0.00s
2026-07-30 14:12:44,232 - __main__ - INFO - [1m│[0m [38;5;208m📊 Output Size:[0m 0 bytes
2026-07-30 14:12:44,232 - __main__ - INFO - [1m│[0m [38;5;129m🔢 Exit Code:[0m 1
2026-07-30 14:12:44,232 - __main__ - INFO - [1m│[0m [38;5;196m📈 Status:[0m FAILED | Cached: Yes
2026-07-30 14:12:44,232 - __main__ - INFO - [38;5;46m[1m╰─────────────────────────────────────────────────────────────────────────────╯[0m
2026-07-30 14:12:44,233 - __main__ - INFO - 🔍 Cache MISS for command: which autopsy
2026-07-30 14:12:44,233 - __main__ - INFO - 🚀 EXECUTING: which autopsy
2026-07-30 14:12:44,233 - __main__ - INFO - ⏱️  TIMEOUT: 300s | PID: Starting...
2026-07-30 14:12:44,233 - __main__ - INFO - 🆔 PROCESS: PID 102568 started
2026-07-30 14:12:44,233 - __main__ - INFO - 🆔 REGISTERED: Process 102568 - which autopsy...
2026-07-30 14:12:44,234 - __main__ - INFO - ⚡ PROGRESS ⠋: [[38;5;196m[38;5;240m░░░░░░░░░░░░░░░░░░░░░░░░░░░░░░[0m] [38;5;160m0.0%[0m Speed: 0 B/s | 0.0s | PID: 102568
2026-07-30 14:12:44,234 - __main__ - INFO - 📤 STDOUT: /usr/bin/autopsy
2026-07-30 14:12:44,235 - __main__ - INFO - 🧹 CLEANUP: Process 102568 removed from registry
2026-07-30 14:12:44,235 - __main__ - INFO - ✅ SUCCESS: Command completed | Exit Code: 0 | Duration: 0.00s
2026-07-30 14:12:44,235 - __main__ - INFO - [38;5;46m[1m╭─────────────────────────────────────────────────────────────────────────────╮[0m
2026-07-30 14:12:44,235 - __main__ - INFO - [1m│[0m [38;5;46m📊 FINAL RESULTS ✅[0m
2026-07-30 14:12:44,235 - __main__ - INFO - [1m├─────────────────────────────────────────────────────────────────────────────┤[0m
2026-07-30 14:12:44,235 - __main__ - INFO - [1m│[0m [38;5;51m🚀 Command:[0m which autopsy
2026-07-30 14:12:44,235 - __main__ - INFO - [1m│[0m [38;5;208m⏱️  Duration:[0m 0.00s
2026-07-30 14:12:44,235 - __main__ - INFO - [1m│[0m [38;5;208m📊 Output Size:[0m 17 bytes
2026-07-30 14:12:44,235 - __main__ - INFO - [1m│[0m [38;5;129m🔢 Exit Code:[0m 0
2026-07-30 14:12:44,236 - __main__ - INFO - [1m│[0m [38;5;46m📈 Status:[0m SUCCESS | Cached: Yes
2026-07-30 14:12:44,236 - __main__ - INFO - [38;5;46m[1m╰─────────────────────────────────────────────────────────────────────────────╯[0m
2026-07-30 14:12:44,236 - __main__ - INFO - 💾 Cached result for command: which autopsy
2026-07-30 14:12:44,236 - __main__ - INFO - 🔍 Cache MISS for command: which evil-winrm
2026-07-30 14:12:44,236 - __main__ - INFO - 🚀 EXECUTING: which evil-winrm
2026-07-30 14:12:44,236 - __main__ - INFO - ⏱️  TIMEOUT: 300s | PID: Starting...
2026-07-30 14:12:44,236 - __main__ - INFO - 🆔 PROCESS: PID 102573 started
2026-07-30 14:12:44,236 - __main__ - INFO - 🆔 REGISTERED: Process 102573 - which evil-winrm...
2026-07-30 14:12:44,237 - __main__ - INFO - ⚡ PROGRESS ⠋: [[38;5;196m[38;5;240m░░░░░░░░░░░░░░░░░░░░░░░░░░░░░░[0m] [38;5;160m0.0%[0m Speed: 0 B/s | 0.0s | PID: 102573
2026-07-30 14:12:44,238 - __main__ - INFO - 📤 STDOUT: /usr/bin/evil-winrm
2026-07-30 14:12:44,238 - __main__ - INFO - 🧹 CLEANUP: Process 102573 removed from registry
2026-07-30 14:12:44,239 - __main__ - INFO - ✅ SUCCESS: Command completed | Exit Code: 0 | Duration: 0.00s
2026-07-30 14:12:44,239 - __main__ - INFO - [38;5;46m[1m╭─────────────────────────────────────────────────────────────────────────────╮[0m
2026-07-30 14:12:44,239 - __main__ - INFO - [1m│[0m [38;5;46m📊 FINAL RESULTS ✅[0m
2026-07-30 14:12:44,239 - __main__ - INFO - [1m├─────────────────────────────────────────────────────────────────────────────┤[0m
2026-07-30 14:12:44,239 - __main__ - INFO - [1m│[0m [38;5;51m🚀 Command:[0m which evil-winrm
2026-07-30 14:12:44,239 - __main__ - INFO - [1m│[0m [38;5;208m⏱️  Duration:[0m 0.00s
2026-07-30 14:12:44,239 - __main__ - INFO - [1m│[0m [38;5;208m📊 Output Size:[0m 20 bytes
2026-07-30 14:12:44,239 - __main__ - INFO - [1m│[0m [38;5;129m🔢 Exit Code:[0m 0
2026-07-30 14:12:44,239 - __main__ - INFO - [1m│[0m [38;5;46m📈 Status:[0m SUCCESS | Cached: Yes
2026-07-30 14:12:44,239 - __main__ - INFO - [38;5;46m[1m╰─────────────────────────────────────────────────────────────────────────────╯[0m
2026-07-30 14:12:44,239 - __main__ - INFO - 💾 Cached result for command: which evil-winrm
2026-07-30 14:12:44,239 - __main__ - INFO - 🔍 Cache MISS for command: which paramspider
2026-07-30 14:12:44,239 - __main__ - INFO - 🚀 EXECUTING: which paramspider
2026-07-30 14:12:44,239 - __main__ - INFO - ⏱️  TIMEOUT: 300s | PID: Starting...
2026-07-30 14:12:44,239 - __main__ - INFO - 🆔 PROCESS: PID 102578 started
2026-07-30 14:12:44,239 - __main__ - INFO - 🆔 REGISTERED: Process 102578 - which paramspider...
2026-07-30 14:12:44,243 - __main__ - INFO - 🧹 CLEANUP: Process 102578 removed from registry
2026-07-30 14:12:44,243 - __main__ - WARNING - ⚠️  WARNING: Command completed with errors | Exit Code: 1 | Duration: 0.00s
2026-07-30 14:12:44,243 - __main__ - INFO - [38;5;46m[1m╭─────────────────────────────────────────────────────────────────────────────╮[0m
2026-07-30 14:12:44,243 - __main__ - INFO - [1m│[0m [38;5;196m📊 FINAL RESULTS ❌[0m
2026-07-30 14:12:44,243 - __main__ - INFO - [1m├─────────────────────────────────────────────────────────────────────────────┤[0m
2026-07-30 14:12:44,243 - __main__ - INFO - [1m│[0m [38;5;51m🚀 Command:[0m which paramspider
2026-07-30 14:12:44,243 - __main__ - INFO - [1m│[0m [38;5;208m⏱️  Duration:[0m 0.00s
2026-07-30 14:12:44,243 - __main__ - INFO - [1m│[0m [38;5;208m📊 Output Size:[0m 0 bytes
2026-07-30 14:12:44,243 - __main__ - INFO - [1m│[0m [38;5;129m🔢 Exit Code:[0m 1
2026-07-30 14:12:44,243 - __main__ - INFO - [1m│[0m [38;5;196m📈 Status:[0m FAILED | Cached: Yes
2026-07-30 14:12:44,243 - __main__ - INFO - [38;5;46m[1m╰─────────────────────────────────────────────────────────────────────────────╯[0m
2026-07-30 14:12:44,244 - __main__ - INFO - 🔍 Cache MISS for command: which airmon-ng
2026-07-30 14:12:44,244 - __main__ - INFO - 🚀 EXECUTING: which airmon-ng
2026-07-30 14:12:44,244 - __main__ - INFO - ⏱️  TIMEOUT: 300s | PID: Starting...
2026-07-30 14:12:44,244 - __main__ - INFO - 🆔 PROCESS: PID 102583 started
2026-07-30 14:12:44,244 - __main__ - INFO - 🆔 REGISTERED: Process 102583 - which airmon-ng...
2026-07-30 14:12:44,245 - __main__ - INFO - ⚡ PROGRESS ⠋: [[38;5;196m[38;5;240m░░░░░░░░░░░░░░░░░░░░░░░░░░░░░░[0m] [38;5;160m0.0%[0m Speed: 0 B/s | 0.0s | PID: 102583
2026-07-30 14:12:44,246 - __main__ - INFO - 📤 STDOUT: /usr/sbin/airmon-ng
2026-07-30 14:12:44,246 - __main__ - INFO - 🧹 CLEANUP: Process 102583 removed from registry
2026-07-30 14:12:44,246 - __main__ - INFO - ✅ SUCCESS: Command completed | Exit Code: 0 | Duration: 0.00s
2026-07-30 14:12:44,246 - __main__ - INFO - [38;5;46m[1m╭─────────────────────────────────────────────────────────────────────────────╮[0m
2026-07-30 14:12:44,246 - __main__ - INFO - [1m│[0m [38;5;46m📊 FINAL RESULTS ✅[0m
2026-07-30 14:12:44,246 - __main__ - INFO - [1m├─────────────────────────────────────────────────────────────────────────────┤[0m
2026-07-30 14:12:44,246 - __main__ - INFO - [1m│[0m [38;5;51m🚀 Command:[0m which airmon-ng
2026-07-30 14:12:44,247 - __main__ - INFO - [1m│[0m [38;5;208m⏱️  Duration:[0m 0.00s
2026-07-30 14:12:44,247 - __main__ - INFO - [1m│[0m [38;5;208m📊 Output Size:[0m 20 bytes
2026-07-30 14:12:44,247 - __main__ - INFO - [1m│[0m [38;5;129m🔢 Exit Code:[0m 0
2026-07-30 14:12:44,247 - __main__ - INFO - [1m│[0m [38;5;46m📈 Status:[0m SUCCESS | Cached: Yes
2026-07-30 14:12:44,247 - __main__ - INFO - [38;5;46m[1m╰─────────────────────────────────────────────────────────────────────────────╯[0m
2026-07-30 14:12:44,247 - __main__ - INFO - 💾 Cached result for command: which airmon-ng
2026-07-30 14:12:44,247 - __main__ - INFO - 🔍 Cache MISS for command: which airodump-ng
2026-07-30 14:12:44,247 - __main__ - INFO - 🚀 EXECUTING: which airodump-ng
2026-07-30 14:12:44,247 - __main__ - INFO - ⏱️  TIMEOUT: 300s | PID: Starting...
2026-07-30 14:12:44,247 - __main__ - INFO - 🆔 PROCESS: PID 102588 started
2026-07-30 14:12:44,247 - __main__ - INFO - 🆔 REGISTERED: Process 102588 - which airodump-ng...
2026-07-30 14:12:44,248 - __main__ - INFO - ⚡ PROGRESS ⠋: [[38;5;196m[38;5;240m░░░░░░░░░░░░░░░░░░░░░░░░░░░░░░[0m] [38;5;160m0.0%[0m Speed: 0 B/s | 0.0s | PID: 102588
2026-07-30 14:12:44,249 - __main__ - INFO - 📤 STDOUT: /usr/sbin/airodump-ng
2026-07-30 14:12:44,249 - __main__ - INFO - 🧹 CLEANUP: Process 102588 removed from registry
2026-07-30 14:12:44,249 - __main__ - INFO - ✅ SUCCESS: Command completed | Exit Code: 0 | Duration: 0.00s
2026-07-30 14:12:44,249 - __main__ - INFO - [38;5;46m[1m╭─────────────────────────────────────────────────────────────────────────────╮[0m
2026-07-30 14:12:44,249 - __main__ - INFO - [1m│[0m [38;5;46m📊 FINAL RESULTS ✅[0m
2026-07-30 14:12:44,249 - __main__ - INFO - [1m├─────────────────────────────────────────────────────────────────────────────┤[0m
2026-07-30 14:12:44,249 - __main__ - INFO - [1m│[0m [38;5;51m🚀 Command:[0m which airodump-ng
2026-07-30 14:12:44,249 - __main__ - INFO - [1m│[0m [38;5;208m⏱️  Duration:[0m 0.00s
2026-07-30 14:12:44,249 - __main__ - INFO - [1m│[0m [38;5;208m📊 Output Size:[0m 22 bytes
2026-07-30 14:12:44,249 - __main__ - INFO - [1m│[0m [38;5;129m🔢 Exit Code:[0m 0
2026-07-30 14:12:44,249 - __main__ - INFO - [1m│[0m [38;5;46m📈 Status:[0m SUCCESS | Cached: Yes
2026-07-30 14:12:44,249 - __main__ - INFO - [38;5;46m[1m╰─────────────────────────────────────────────────────────────────────────────╯[0m
2026-07-30 14:12:44,250 - __main__ - INFO - 💾 Cached result for command: which airodump-ng
2026-07-30 14:12:44,250 - __main__ - INFO - 🔍 Cache MISS for command: which aireplay-ng
2026-07-30 14:12:44,250 - __main__ - INFO - 🚀 EXECUTING: which aireplay-ng
2026-07-30 14:12:44,250 - __main__ - INFO - ⏱️  TIMEOUT: 300s | PID: Starting...
2026-07-30 14:12:44,250 - __main__ - INFO - 🆔 PROCESS: PID 102593 started
2026-07-30 14:12:44,250 - __main__ - INFO - 🆔 REGISTERED: Process 102593 - which aireplay-ng...
2026-07-30 14:12:44,251 - __main__ - INFO - ⚡ PROGRESS ⠋: [[38;5;196m[38;5;240m░░░░░░░░░░░░░░░░░░░░░░░░░░░░░░[0m] [38;5;160m0.0%[0m Speed: 0 B/s | 0.0s | PID: 102593
2026-07-30 14:12:44,251 - __main__ - INFO - 📤 STDOUT: /usr/sbin/aireplay-ng
2026-07-30 14:12:44,252 - __main__ - INFO - 🧹 CLEANUP: Process 102593 removed from registry
2026-07-30 14:12:44,252 - __main__ - INFO - ✅ SUCCESS: Command completed | Exit Code: 0 | Duration: 0.00s
2026-07-30 14:12:44,252 - __main__ - INFO - [38;5;46m[1m╭─────────────────────────────────────────────────────────────────────────────╮[0m
2026-07-30 14:12:44,252 - __main__ - INFO - [1m│[0m [38;5;46m📊 FINAL RESULTS ✅[0m
2026-07-30 14:12:44,252 - __main__ - INFO - [1m├─────────────────────────────────────────────────────────────────────────────┤[0m
2026-07-30 14:12:44,252 - __main__ - INFO - [1m│[0m [38;5;51m🚀 Command:[0m which aireplay-ng
2026-07-30 14:12:44,252 - __main__ - INFO - [1m│[0m [38;5;208m⏱️  Duration:[0m 0.00s
2026-07-30 14:12:44,252 - __main__ - INFO - [1m│[0m [38;5;208m📊 Output Size:[0m 22 bytes
2026-07-30 14:12:44,252 - __main__ - INFO - [1m│[0m [38;5;129m🔢 Exit Code:[0m 0
2026-07-30 14:12:44,252 - __main__ - INFO - [1m│[0m [38;5;46m📈 Status:[0m SUCCESS | Cached: Yes
2026-07-30 14:12:44,252 - __main__ - INFO - [38;5;46m[1m╰─────────────────────────────────────────────────────────────────────────────╯[0m
2026-07-30 14:12:44,252 - __main__ - INFO - 💾 Cached result for command: which aireplay-ng
2026-07-30 14:12:44,252 - __main__ - INFO - 🔍 Cache MISS for command: which aircrack-ng
2026-07-30 14:12:44,252 - __main__ - INFO - 🚀 EXECUTING: which aircrack-ng
2026-07-30 14:12:44,252 - __main__ - INFO - ⏱️  TIMEOUT: 300s | PID: Starting...
2026-07-30 14:12:44,253 - __main__ - INFO - 🆔 PROCESS: PID 102598 started
2026-07-30 14:12:44,253 - __main__ - INFO - 🆔 REGISTERED: Process 102598 - which aircrack-ng...
2026-07-30 14:12:44,254 - __main__ - INFO - ⚡ PROGRESS ⠋: [[38;5;196m[38;5;240m░░░░░░░░░░░░░░░░░░░░░░░░░░░░░░[0m] [38;5;160m0.0%[0m Speed: 0 B/s | 0.0s | PID: 102598
2026-07-30 14:12:44,255 - __main__ - INFO - 📤 STDOUT: /usr/bin/aircrack-ng
2026-07-30 14:12:44,255 - __main__ - INFO - 🧹 CLEANUP: Process 102598 removed from registry
2026-07-30 14:12:44,255 - __main__ - INFO - ✅ SUCCESS: Command completed | Exit Code: 0 | Duration: 0.00s
2026-07-30 14:12:44,255 - __main__ - INFO - [38;5;46m[1m╭─────────────────────────────────────────────────────────────────────────────╮[0m
2026-07-30 14:12:44,255 - __main__ - INFO - [1m│[0m [38;5;46m📊 FINAL RESULTS ✅[0m
2026-07-30 14:12:44,255 - __main__ - INFO - [1m├─────────────────────────────────────────────────────────────────────────────┤[0m
2026-07-30 14:12:44,255 - __main__ - INFO - [1m│[0m [38;5;51m🚀 Command:[0m which aircrack-ng
2026-07-30 14:12:44,255 - __main__ - INFO - [1m│[0m [38;5;208m⏱️  Duration:[0m 0.00s
2026-07-30 14:12:44,255 - __main__ - INFO - [1m│[0m [38;5;208m📊 Output Size:[0m 21 bytes
2026-07-30 14:12:44,255 - __main__ - INFO - [1m│[0m [38;5;129m🔢 Exit Code:[0m 0
2026-07-30 14:12:44,255 - __main__ - INFO - [1m│[0m [38;5;46m📈 Status:[0m SUCCESS | Cached: Yes
2026-07-30 14:12:44,255 - __main__ - INFO - [38;5;46m[1m╰─────────────────────────────────────────────────────────────────────────────╯[0m
2026-07-30 14:12:44,255 - __main__ - INFO - 💾 Cached result for command: which aircrack-ng
2026-07-30 14:12:44,255 - __main__ - INFO - 🔍 Cache MISS for command: which msfvenom
2026-07-30 14:12:44,255 - __main__ - INFO - 🚀 EXECUTING: which msfvenom
2026-07-30 14:12:44,255 - __main__ - INFO - ⏱️  TIMEOUT: 300s | PID: Starting...
2026-07-30 14:12:44,256 - __main__ - INFO - 🆔 PROCESS: PID 102603 started
2026-07-30 14:12:44,256 - __main__ - INFO - 🆔 REGISTERED: Process 102603 - which msfvenom...
2026-07-30 14:12:44,257 - __main__ - INFO - ⚡ PROGRESS ⠋: [[38;5;196m[38;5;240m░░░░░░░░░░░░░░░░░░░░░░░░░░░░░░[0m] [38;5;160m0.0%[0m Speed: 0 B/s | 0.0s | PID: 102603
2026-07-30 14:12:44,258 - __main__ - INFO - 📤 STDOUT: /usr/bin/msfvenom
2026-07-30 14:12:44,258 - __main__ - INFO - 🧹 CLEANUP: Process 102603 removed from registry
2026-07-30 14:12:44,258 - __main__ - INFO - ✅ SUCCESS: Command completed | Exit Code: 0 | Duration: 0.00s
2026-07-30 14:12:44,258 - __main__ - INFO - [38;5;46m[1m╭─────────────────────────────────────────────────────────────────────────────╮[0m
2026-07-30 14:12:44,258 - __main__ - INFO - [1m│[0m [38;5;46m📊 FINAL RESULTS ✅[0m
2026-07-30 14:12:44,258 - __main__ - INFO - [1m├─────────────────────────────────────────────────────────────────────────────┤[0m
2026-07-30 14:12:44,258 - __main__ - INFO - [1m│[0m [38;5;51m🚀 Command:[0m which msfvenom
2026-07-30 14:12:44,258 - __main__ - INFO - [1m│[0m [38;5;208m⏱️  Duration:[0m 0.00s
2026-07-30 14:12:44,258 - __main__ - INFO - [1m│[0m [38;5;208m📊 Output Size:[0m 18 bytes
2026-07-30 14:12:44,258 - __main__ - INFO - [1m│[0m [38;5;129m🔢 Exit Code:[0m 0
2026-07-30 14:12:44,258 - __main__ - INFO - [1m│[0m [38;5;46m📈 Status:[0m SUCCESS | Cached: Yes
2026-07-30 14:12:44,259 - __main__ - INFO - [38;5;46m[1m╰─────────────────────────────────────────────────────────────────────────────╯[0m
2026-07-30 14:12:44,259 - __main__ - INFO - 💾 Cached result for command: which msfvenom
2026-07-30 14:12:44,259 - __main__ - INFO - 🔍 Cache MISS for command: which msfconsole
2026-07-30 14:12:44,259 - __main__ - INFO - 🚀 EXECUTING: which msfconsole
2026-07-30 14:12:44,259 - __main__ - INFO - ⏱️  TIMEOUT: 300s | PID: Starting...
2026-07-30 14:12:44,259 - __main__ - INFO - 🆔 PROCESS: PID 102608 started
2026-07-30 14:12:44,259 - __main__ - INFO - 🆔 REGISTERED: Process 102608 - which msfconsole...
2026-07-30 14:12:44,260 - __main__ - INFO - ⚡ PROGRESS ⠋: [[38;5;196m[38;5;240m░░░░░░░░░░░░░░░░░░░░░░░░░░░░░░[0m] [38;5;160m0.0%[0m Speed: 0 B/s | 0.0s | PID: 102608
2026-07-30 14:12:44,261 - __main__ - INFO - 📤 STDOUT: /usr/bin/msfconsole
2026-07-30 14:12:44,261 - __main__ - INFO - 🧹 CLEANUP: Process 102608 removed from registry
2026-07-30 14:12:44,261 - __main__ - INFO - ✅ SUCCESS: Command completed | Exit Code: 0 | Duration: 0.00s
2026-07-30 14:12:44,261 - __main__ - INFO - [38;5;46m[1m╭─────────────────────────────────────────────────────────────────────────────╮[0m
2026-07-30 14:12:44,262 - __main__ - INFO - [1m│[0m [38;5;46m📊 FINAL RESULTS ✅[0m
2026-07-30 14:12:44,262 - __main__ - INFO - [1m├─────────────────────────────────────────────────────────────────────────────┤[0m
2026-07-30 14:12:44,262 - __main__ - INFO - [1m│[0m [38;5;51m🚀 Command:[0m which msfconsole
2026-07-30 14:12:44,262 - __main__ - INFO - [1m│[0m [38;5;208m⏱️  Duration:[0m 0.00s
2026-07-30 14:12:44,262 - __main__ - INFO - [1m│[0m [38;5;208m📊 Output Size:[0m 20 bytes
2026-07-30 14:12:44,262 - __main__ - INFO - [1m│[0m [38;5;129m🔢 Exit Code:[0m 0
2026-07-30 14:12:44,262 - __main__ - INFO - [1m│[0m [38;5;46m📈 Status:[0m SUCCESS | Cached: Yes
2026-07-30 14:12:44,262 - __main__ - INFO - [38;5;46m[1m╰─────────────────────────────────────────────────────────────────────────────╯[0m
2026-07-30 14:12:44,262 - __main__ - INFO - 💾 Cached result for command: which msfconsole
2026-07-30 14:12:44,262 - __main__ - INFO - 🔍 Cache MISS for command: which graphql-scanner
2026-07-30 14:12:44,262 - __main__ - INFO - 🚀 EXECUTING: which graphql-scanner
2026-07-30 14:12:44,262 - __main__ - INFO - ⏱️  TIMEOUT: 300s | PID: Starting...
2026-07-30 14:12:44,262 - __main__ - INFO - 🆔 PROCESS: PID 102613 started
2026-07-30 14:12:44,262 - __main__ - INFO - 🆔 REGISTERED: Process 102613 - which graphql-scanner...
2026-07-30 14:12:44,263 - __main__ - INFO - ⚡ PROGRESS ⠋: [[38;5;196m[38;5;240m░░░░░░░░░░░░░░░░░░░░░░░░░░░░░░[0m] [38;5;160m0.0%[0m Speed: 0 B/s | 0.0s | PID: 102613
2026-07-30 14:12:44,264 - __main__ - INFO - 🧹 CLEANUP: Process 102613 removed from registry
2026-07-30 14:12:44,264 - __main__ - WARNING - ⚠️  WARNING: Command completed with errors | Exit Code: 1 | Duration: 0.00s
2026-07-30 14:12:44,264 - __main__ - INFO - [38;5;46m[1m╭─────────────────────────────────────────────────────────────────────────────╮[0m
2026-07-30 14:12:44,264 - __main__ - INFO - [1m│[0m [38;5;196m📊 FINAL RESULTS ❌[0m
2026-07-30 14:12:44,264 - __main__ - INFO - [1m├─────────────────────────────────────────────────────────────────────────────┤[0m
2026-07-30 14:12:44,264 - __main__ - INFO - [1m│[0m [38;5;51m🚀 Command:[0m which graphql-scanner
2026-07-30 14:12:44,264 - __main__ - INFO - [1m│[0m [38;5;208m⏱️  Duration:[0m 0.00s
2026-07-30 14:12:44,264 - __main__ - INFO - [1m│[0m [38;5;208m📊 Output Size:[0m 0 bytes
2026-07-30 14:12:44,264 - __main__ - INFO - [1m│[0m [38;5;129m🔢 Exit Code:[0m 1
2026-07-30 14:12:44,265 - __main__ - INFO - [1m│[0m [38;5;196m📈 Status:[0m FAILED | Cached: Yes
2026-07-30 14:12:44,265 - __main__ - INFO - [38;5;46m[1m╰─────────────────────────────────────────────────────────────────────────────╯[0m
2026-07-30 14:12:44,265 - __main__ - INFO - 🔍 Cache MISS for command: which jwt-analyzer
2026-07-30 14:12:44,265 - __main__ - INFO - 🚀 EXECUTING: which jwt-analyzer
2026-07-30 14:12:44,265 - __main__ - INFO - ⏱️  TIMEOUT: 300s | PID: Starting...
2026-07-30 14:12:44,265 - __main__ - INFO - 🆔 PROCESS: PID 102618 started
2026-07-30 14:12:44,265 - __main__ - INFO - 🆔 REGISTERED: Process 102618 - which jwt-analyzer...
2026-07-30 14:12:44,266 - __main__ - INFO - ⚡ PROGRESS ⠋: [[38;5;196m[38;5;240m░░░░░░░░░░░░░░░░░░░░░░░░░░░░░░[0m] [38;5;160m0.0%[0m Speed: 0 B/s | 0.0s | PID: 102618
2026-07-30 14:12:44,267 - __main__ - INFO - 🧹 CLEANUP: Process 102618 removed from registry
2026-07-30 14:12:44,267 - __main__ - WARNING - ⚠️  WARNING: Command completed with errors | Exit Code: 1 | Duration: 0.00s
2026-07-30 14:12:44,267 - __main__ - INFO - [38;5;46m[1m╭─────────────────────────────────────────────────────────────────────────────╮[0m
2026-07-30 14:12:44,267 - __main__ - INFO - [1m│[0m [38;5;196m📊 FINAL RESULTS ❌[0m
2026-07-30 14:12:44,267 - __main__ - INFO - [1m├─────────────────────────────────────────────────────────────────────────────┤[0m
2026-07-30 14:12:44,267 - __main__ - INFO - [1m│[0m [38;5;51m🚀 Command:[0m which jwt-analyzer
2026-07-30 14:12:44,267 - __main__ - INFO - [1m│[0m [38;5;208m⏱️  Duration:[0m 0.00s
2026-07-30 14:12:44,267 - __main__ - INFO - [1m│[0m [38;5;208m📊 Output Size:[0m 0 bytes
2026-07-30 14:12:44,267 - __main__ - INFO - [1m│[0m [38;5;129m🔢 Exit Code:[0m 1
2026-07-30 14:12:44,267 - __main__ - INFO - [1m│[0m [38;5;196m📈 Status:[0m FAILED | Cached: Yes
2026-07-30 14:12:44,267 - __main__ - INFO - [38;5;46m[1m╰─────────────────────────────────────────────────────────────────────────────╯[0m
2026-07-30 14:12:45,270 - werkzeug - INFO - 127.0.0.1 - - [30/Jul/2026 14:12:45] "GET /health HTTP/1.1" 200 -
2026-07-30 14:12:45,308 - werkzeug - INFO - 127.0.0.1 - - [30/Jul/2026 14:12:45] "[31m[1mPOST /api/jobs/nmap HTTP/1.1[0m" 401 -
